position,current_player,current_draft_pick,comp_rank,comp_player,comp_draft_year,comp_draft_pick,feature_space_distance,comp_prospect_model_score,comp_prospect_model_percentile,comp_primary_ppg,comp_hit3,comp_star3,comp_best_rank3
QB,Fernando Mendoza,1,1,Trevor Lawrence,2021,1,0.5048453080896275,18.09059644082,100.0,16.416470588235295,1,0,7.0
QB,Fernando Mendoza,1,2,Zach Wilson,2021,2,0.5847949405175663,15.089573318515932,93.75,7.994117647058823,0,0,29.0
QB,Fernando Mendoza,1,3,Jared Goff,2016,1,0.5944028168449703,13.557322396220403,90.9090909090909,17.674375,1,0,7.0
QB,Fernando Mendoza,1,4,Cam Newton,2011,1,0.5972536661978127,10.785132008576232,81.81818181818183,21.74375,1,1,3.0
QB,Fernando Mendoza,1,5,Mitch Trubisky,2017,2,0.606821037198496,15.626610593823422,94.88636363636364,14.5575,0,0,15.0
QB,Ty Simpson,13,1,Jacob Eason,2020,122,0.8259944921706285,0.8511888013529232,13.068181818181818,0.0105882352941176,0,0,78.0
QB,Ty Simpson,13,2,Brock Osweiler,2012,57,0.8759533498027379,2.264787810447311,52.27272727272727,0.315,0,0,54.0
QB,Ty Simpson,13,3,Mark Sanchez,2009,5,0.9201770253785992,8.110223125793208,73.86363636363636,13.73125,1,0,10.0
QB,Ty Simpson,13,4,Ryan Nassib,2013,110,0.9249133019120979,1.4340134247553702,32.95454545454545,0.275625,0,0,59.0
QB,Ty Simpson,13,5,Will Levis,2023,33,0.9429443059479012,11.430089599371223,84.0909090909091,6.528235294117646,0,0,30.0
QB,Carson Beck,65,1,Ryan Finley,2019,104,0.8888877517768187,1.0387921991714566,21.59090909090909,1.369375,0,0,46.0
QB,Carson Beck,65,2,Mason Rudolph,2018,76,0.9595792062147395,2.1338808116533654,48.29545454545455,3.97375,0,0,30.0
QB,Carson Beck,65,3,Will Grier,2019,100,0.9778353219544723,1.890333265481974,42.61363636363637,0.04125,0,0,59.0
QB,Carson Beck,65,4,Jarrett Stidham,2019,133,1.0160266361687795,3.85166359302172,64.20454545454545,0.404375,0,0,54.0
QB,Carson Beck,65,5,Kevin Hogan,2016,162,1.0230186994049437,2.0213319781600703,44.31818181818182,1.57625,0,0,43.0
QB,Drew Allar,76,1,Jimmy Garoppolo,2014,62,0.5123219563964044,4.2172590396971525,66.47727272727273,1.505,0,0,40.0
QB,Drew Allar,76,2,Tarvaris Jackson,2006,64,0.5181056146204663,,,6.64625,0,0,20.0
QB,Drew Allar,76,3,Drew Lock,2019,42,0.5600123122011771,3.042679075947283,60.79545454545454,7.79125,0,0,23.0
QB,Drew Allar,76,4,Kyle Lauletta,2018,108,0.570935054657823,1.8855640121292776,41.47727272727273,0.0,0,0,72.0
QB,Drew Allar,76,5,John Skelton,2010,155,0.5761009273427603,1.6843740025070228,38.63636363636363,4.271875,0,0,29.0
QB,Cade Klubnik,110,1,Kevin Hogan,2016,162,0.5192502740583028,2.0213319781600703,44.31818181818182,1.57625,0,0,43.0
QB,Cade Klubnik,110,2,Brock Purdy,2022,262,0.5770822005743855,2.359973056372316,53.40909090909091,16.542941176470592,1,1,6.0
QB,Cade Klubnik,110,3,Zac Robinson,2010,250,0.6032244858418172,1.20505391676589,27.27272727272727,0.0,0,0,
QB,Cade Klubnik,110,4,Kyle Lauletta,2018,108,0.6043362476386087,1.8855640121292776,41.47727272727273,0.0,0,0,72.0
QB,Cade Klubnik,110,5,John Skelton,2010,155,0.6076790887038219,1.6843740025070228,38.63636363636363,4.271875,0,0,29.0
QB,Cole Payton,178,1,Easton Stick,2019,166,0.019336358299750712,1.447113587964734,33.52272727272727,0.0,0,0,79.0
QB,Cole Payton,178,2,Ingle Martin,2006,148,0.04185897280418159,,,0.0,0,0,73.0
QB,Cole Payton,178,3,Keith Null,2009,196,0.050429812530158644,2.4317096258196864,55.11363636363637,0.46625,0,0,51.0
QB,Cole Payton,178,4,Kyle Lauletta,2018,108,0.10592129504703804,1.8855640121292776,41.47727272727273,0.0,0,0,72.0
QB,Cole Payton,178,5,Tyler Thigpen,2007,217,0.11064576870071613,,,6.913749999999999,1,0,10.0
QB,Taylen Green,182,1,Jeff Driskel,2016,207,1.3211005188279354,1.04036248220947,22.15909090909091,2.66,0,0,35.0
QB,Taylen Green,182,2,Will Levis,2023,33,1.3477169175269506,11.430089599371223,84.0909090909091,6.528235294117646,0,0,30.0
QB,Taylen Green,182,3,B.J. Daniels,2013,237,1.407549995660602,0.8734154244398656,14.204545454545457,0.14625,0,0,
QB,Taylen Green,182,4,Malik Willis,2022,86,1.4082950472425673,5.109003667928539,70.45454545454545,2.0923529411764705,0,0,44.0
QB,Taylen Green,182,5,Matt Corral,2022,94,1.433066045263831,4.414914455253246,67.04545454545455,0.0,0,0,
QB,Athan Kaliakmanis,223,1,Danny Etling,2018,219,0.5489804531296137,0.8793980884513477,14.772727272727272,0.0,0,0,
QB,Athan Kaliakmanis,223,2,Tyler Thigpen,2007,217,0.5902754060042511,,,6.913749999999999,1,0,10.0
QB,Athan Kaliakmanis,223,3,Ryan Fitzpatrick,2005,250,0.5907303111367452,,,1.48375,0,0,42.0
QB,Athan Kaliakmanis,223,4,Keith Null,2009,196,0.5982339450207862,2.4317096258196864,55.11363636363637,0.46625,0,0,51.0
QB,Athan Kaliakmanis,223,5,John Skelton,2010,155,0.6043421913613374,1.6843740025070228,38.63636363636363,4.271875,0,0,29.0
QB,Behren Morton,234,1,James Morgan,2020,125,0.5900947304098075,0.5684180606740734,2.272727272727273,0.0,0,0,
QB,Behren Morton,234,2,Curtis Painter,2009,201,0.6474144286631435,1.8525922442413536,40.340909090909086,2.260625,0,0,35.0
QB,Behren Morton,234,3,Danny Etling,2018,219,0.6485287893536151,0.8793980884513477,14.772727272727272,0.0,0,0,
QB,Behren Morton,234,4,Luke Falk,2018,199,0.6625050556229855,1.3271216224454203,30.113636363636363,0.27,0,0,53.0
QB,Behren Morton,234,5,Rusty Smith,2010,176,0.6644900143158228,0.6376555356259243,5.113636363636364,0.0425,0,0,60.0
QB,Garrett Nussmeier,249,1,Jake Fromm,2020,167,0.6817272825802475,1.2391188649240643,28.40909090909091,0.3205882352941177,0,0,59.0
QB,Garrett Nussmeier,249,2,Brad Kaaya,2017,215,0.6981368078262253,1.1757481509173808,26.704545454545453,0.0,0,0,
QB,Garrett Nussmeier,249,3,James Morgan,2020,125,0.739518510578028,0.5684180606740734,2.272727272727273,0.0,0,0,
QB,Garrett Nussmeier,249,4,Brad Sorensen,2013,221,0.7553382267613026,2.236917092246343,50.56818181818182,0.0,0,0,
QB,Garrett Nussmeier,249,5,Keith Null,2009,196,0.7560612618481127,2.4317096258196864,55.11363636363637,0.46625,0,0,51.0
RB,Jeremiyah Love,3,1,Ezekiel Elliott,2016,4,0.3659337002891299,13.96053542795124,99.19571045576409,20.453125,1,1,2.0
RB,Jeremiyah Love,3,2,Trent Richardson,2012,3,0.47602441952470326,13.142225890431082,98.65951742627344,12.4875,1,0,7.0
RB,Jeremiyah Love,3,3,Cadillac Williams,2005,5,0.5432178881210794,,,9.603125,0,0,21.0
RB,Jeremiyah Love,3,4,Bijan Robinson,2023,8,0.5906624726452857,14.165526669413053,99.46380697050938,20.95588235294117,1,1,2.0
RB,Jeremiyah Love,3,5,Marshawn Lynch,2007,12,0.6457484096823884,11.564200177362572,95.44235924932975,13.3725,1,0,12.0
RB,Jadarian Price,32,1,Josh Jacobs,2019,24,0.7644161955651957,10.710507668064864,93.5656836461126,13.875183823529415,1,0,8.0
RB,Jadarian Price,32,2,Dameon Pierce,2022,107,0.8499737027049191,4.826683793326708,61.12600536193029,7.326470588235294,0,0,27.0
RB,Jadarian Price,32,3,Devonta Freeman,2014,103,0.8556532124486705,4.752581177832767,59.24932975871313,18.765625,1,1,1.0
RB,Jadarian Price,32,4,Spencer Ware,2013,194,0.9484796808649799,3.438119807069395,40.75067024128686,2.61875,0,0,59.0
RB,Jadarian Price,32,5,Zamir White,2022,122,0.9565754911026222,5.413131550186368,66.48793565683646,3.035294117647059,0,0,56.0
RB,Kaelon Black,90,1,Aaron Brown,2009,192,0.5876382681555231,4.105304387067667,51.7426273458445,1.7125,0,0,84.0
RB,Kaelon Black,90,2,Damien Harris,2019,87,0.6029711564987642,7.080898654982089,75.60321715817693,9.032536764705885,0,0,14.0
RB,Kaelon Black,90,3,La'Mical Perine,2020,120,0.6037478927113114,4.330719305052361,55.22788203753352,1.731801470588235,0,0,78.0
RB,Kaelon Black,90,4,Johnny White,2011,133,0.6183060258642741,4.14334646869011,52.01072386058981,0.246875,0,0,137.0
RB,Kaelon Black,90,5,Keaontay Ingram,2022,201,0.6228069890554262,2.8237102903660367,33.51206434316354,0.9441176470588232,0,0,105.0
RB,Jonah Coleman,108,1,Kenneth Dixon,2016,134,0.48040776659799594,4.1630660846225975,52.27882037533512,4.9,0,0,47.0
RB,Jonah Coleman,108,2,Zac Stacy,2013,160,0.49165631212938027,3.4775789219552657,41.28686327077748,7.746875,0,0,20.0
RB,Jonah Coleman,108,3,Zack Moss,2020,86,0.5059625687346385,7.531484120494651,80.42895442359249,6.269117647058824,0,0,46.0
RB,Jonah Coleman,108,4,Kyle Juszczyk,2013,130,0.5216379069689346,3.6351019642360174,44.23592493297587,4.26875,0,0,52.0
RB,Jonah Coleman,108,5,Javarris Williams,2009,212,0.5288645007734095,3.129677399313084,37.26541554959786,0.01875,0,0,159.0
RB,Mike Washington Jr.,122,1,Pierre Strong,2022,127,0.6776092658687899,5.204718190296043,64.87935656836461,2.294117647058824,0,0,72.0
RB,Mike Washington Jr.,122,2,Cedric Peerman,2009,185,0.6911776109377116,4.355776428512063,55.49597855227882,0.115625,0,0,141.0
RB,Mike Washington Jr.,122,3,Kalen Ballage,2018,131,0.6913513847767341,4.581213460243274,58.17694369973191,4.553125,0,0,52.0
RB,Mike Washington Jr.,122,4,Keaontay Ingram,2022,201,0.7095046147276286,2.8237102903660367,33.51206434316354,0.9441176470588232,0,0,105.0
RB,Mike Washington Jr.,122,5,Montario Hardesty,2010,59,0.7147300698057577,7.010933016990143,75.33512064343164,2.796875,0,0,72.0
RB,Emmett Johnson,161,1,Jay Ajayi,2015,149,0.5524520530423068,2.543760622953318,28.418230563002684,10.95,1,0,11.0
RB,Emmett Johnson,161,2,Kerwynn Williams,2013,230,0.5561178881465487,2.124395303313472,23.59249329758713,1.546875,0,0,96.0
RB,Emmett Johnson,161,3,Trayveon Williams,2019,182,0.579901994811493,3.1066510423918645,36.72922252010724,0.8693014705882354,0,0,103.0
RB,Emmett Johnson,161,4,Tyler Badie,2022,196,0.5807238904875951,3.1799887177322,38.069705093833775,0.5529411764705883,0,0,112.0
RB,Emmett Johnson,161,5,Javorius Allen,2015,125,0.6136236549871374,4.418106729435228,56.30026809651475,9.74375,0,0,23.0
RB,Nicholas Singleton,165,1,Aaron Brown,2009,192,0.40787611245534144,4.105304387067667,51.7426273458445,1.7125,0,0,84.0
RB,Nicholas Singleton,165,2,James White,2014,130,0.46744766767160295,3.382273159972484,39.94638069705093,8.884375,0,0,26.0
RB,Nicholas Singleton,165,3,La'Mical Perine,2020,120,0.4768451653766575,4.330719305052361,55.22788203753352,1.731801470588235,0,0,78.0
RB,Nicholas Singleton,165,4,Tim Hightower,2008,149,0.517881060594465,3.12073807292872,36.99731903485255,11.296875,0,0,15.0
RB,Nicholas Singleton,165,5,Keaontay Ingram,2022,201,0.5227557779167353,2.8237102903660367,33.51206434316354,0.9441176470588232,0,0,105.0
RB,Adam Randall,174,1,C.J. Prosise,2016,90,0.7913179206173725,7.503813366405114,80.16085790884718,2.4375000000000004,0,0,67.0
RB,Adam Randall,174,2,Tevin Coleman,2015,73,0.9892821195805004,6.945401438623891,74.53083109919572,11.2125,0,0,19.0
RB,Adam Randall,174,3,Jordan Wilkins,2018,169,1.0172516598473913,1.98079365395938,21.983914209115284,3.79375,0,0,70.0
RB,Adam Randall,174,4,Wendell Smallwood,2016,153,1.0175154050988433,4.087770754546858,50.93833780160858,5.378125,0,0,42.0
RB,Adam Randall,174,5,Joe McKnight,2010,112,1.0198322498702503,4.901191845055773,62.19839142091153,2.28125,0,0,77.0
RB,Kaytron Allen,187,1,Deji Karim,2010,180,0.3844232064011379,2.6104804899317564,29.49061662198391,1.84375,0,0,85.0
RB,Kaytron Allen,187,2,Alex Armah,2017,192,0.3861457771238952,2.888722421958607,34.316353887399465,0.7718749999999999,0,0,104.0
RB,Kaytron Allen,187,3,Trenton Cannon,2018,204,0.3887140960425132,2.511168986852743,27.882037533512065,1.76875,0,0,80.0
RB,Kaytron Allen,187,4,Ryan D'Imperio,2010,237,0.40377185329943943,1.8536033975667687,19.3029490616622,0.084375,0,0,
RB,Kaytron Allen,187,5,De'Angelo Henderson,2017,203,0.40612871075836243,2.573012668865798,29.2225201072386,0.403125,0,0,117.0
RB,Demond Claiborne,198,1,Cyrus Gray,2012,182,0.593694899384873,3.512532471721852,41.55495978552279,0.721875,0,0,115.0
RB,Demond Claiborne,198,2,Joe McKnight,2010,112,0.5999461610364308,4.901191845055773,62.19839142091153,2.28125,0,0,77.0
RB,Demond Claiborne,198,3,Kenneth Gainwell,2021,150,0.6264331248768918,4.089099592426392,51.206434316353885,6.4935294117647056,0,0,41.0
RB,Demond Claiborne,198,4,Taiwan Jones,2011,125,0.6291490918404062,5.747940993649465,68.36461126005362,0.675,0,0,119.0
RB,Demond Claiborne,198,5,Paul Perkins,2016,149,0.6317420100829751,4.755244280336553,59.51742627345844,3.075,0,0,57.0
RB,Eli Heidenreich,230,1,Peyton Hillis,2008,227,1.1471020121967463,0.1735147781254449,3.2171581769437,12.41,1,1,3.0
RB,Eli Heidenreich,230,2,Garrett Mills,2006,106,1.2058189879395713,,,0.503125,0,0,
RB,Eli Heidenreich,230,3,Tony Pollard,2019,128,1.3631928382000864,5.754544624563679,68.63270777479893,8.55735294117647,0,0,28.0
RB,Eli Heidenreich,230,4,Rachaad White,2022,91,1.450207409642583,9.106175631241918,88.47184986595174,13.75,1,1,4.0
RB,Eli Heidenreich,230,5,Elijah McGuire,2017,188,1.510706243371475,2.3345760922641667,26.273458445040216,5.128125000000001,0,0,60.0
RB,Seth McGowan,237,1,Elijah McGuire,2017,188,0.8187643839511035,2.3345760922641667,26.273458445040216,5.128125000000001,0,0,60.0
RB,Seth McGowan,237,2,Charles Sims,2014,69,0.8305699443056896,6.379061868193723,71.84986595174263,7.746874999999999,0,0,17.0
RB,Seth McGowan,237,3,Keaontay Ingram,2022,201,0.8646046670815655,2.8237102903660367,33.51206434316354,0.9441176470588232,0,0,105.0
RB,Seth McGowan,237,4,Kylin Hill,2021,256,0.8681632532573857,0.5986233304660655,5.093833780160858,0.1352941176470588,0,0,146.0
RB,Seth McGowan,237,5,Chris Evans,2021,202,0.8832619698078266,2.544132889891503,28.686327077747997,1.8411764705882352,0,0,82.0
RB,Jam Miller,245,1,Khalfani Muhammad,2017,241,0.5177920971685865,1.659806380717345,17.158176943699733,0.0,0,0,
RB,Jam Miller,245,2,Gerrid Doaks,2021,244,0.5388817123290759,1.4673811917996096,13.404825737265416,0.0,0,0,
RB,Jam Miller,245,3,T.J. Logan,2017,179,0.5529649014717097,3.790256881263104,46.64879356568365,0.475,0,0,112.0
RB,Jam Miller,245,4,Bilal Powell,2011,126,0.5796477528290525,4.2188973592915975,53.35120643431635,7.462499999999999,0,0,35.0
RB,Jam Miller,245,5,Spencer Ware,2013,194,0.6041648373807628,3.438119807069395,40.75067024128686,2.61875,0,0,59.0
WR,Carnell Tate,4,1,Odell Beckham,2014,12,0.6354568229033826,8.730909761904758,86.09523809523809,19.259375,1,1,4.0
WR,Carnell Tate,4,2,Will Fuller,2016,21,0.6529910380118652,5.929676027494329,68.76190476190476,7.543750000000001,0,0,61.0
WR,Carnell Tate,4,3,Percy Harvin,2009,22,0.65642573061421,7.755936696428563,80.0,15.021875,1,1,7.0
WR,Carnell Tate,4,4,Marquise Brown,2019,25,0.700703098522886,5.983813645124712,69.71428571428572,12.43345588235294,1,0,21.0
WR,Carnell Tate,4,5,Kadarius Toney,2021,20,0.7267616616936377,9.325570912364949,90.0952380952381,4.166470588235294,0,0,89.0
WR,Jordyn Tyson,8,1,Chris Olave,2022,11,0.6209722707388833,10.694960824829929,94.66666666666669,12.632352941176473,1,0,16.0
WR,Jordyn Tyson,8,2,Jerry Jeudy,2020,15,0.7625850468875116,10.098088753251302,92.76190476190476,10.930882352941175,1,0,22.0
WR,Jordyn Tyson,8,3,Will Fuller,2016,21,0.7646774756738575,5.929676027494329,68.76190476190476,7.543750000000001,0,0,61.0
WR,Jordyn Tyson,8,4,Zay Flowers,2023,22,0.7956924889254419,9.839565963635454,91.61904761904762,13.31764705882353,1,1,7.0
WR,Jordyn Tyson,8,5,Jahan Dotson,2022,16,0.7997432781881421,9.802243619447786,91.42857142857144,7.511764705882353,0,0,51.0
WR,Makai Lemon,20,1,Nelson Agholor,2015,20,0.5087729893369811,11.186434119897964,96.38095238095238,8.606250000000001,1,0,23.0
WR,Makai Lemon,20,2,Cody Latimer,2014,56,0.6290170033247586,6.194565034013606,70.28571428571428,1.05,0,0,155.0
WR,Makai Lemon,20,3,Brandon Aiyuk,2020,25,0.630402521779416,8.122553230792326,83.42857142857143,12.465625,1,0,15.0
WR,Makai Lemon,20,4,Michael Pittman Jr.,2020,34,0.6432094497713489,6.963048478391352,76.0,13.385294117647058,1,0,17.0
WR,Makai Lemon,20,5,John Ross,2017,9,0.6435308895403982,8.570378584183677,84.76190476190476,5.621874999999999,0,0,75.0
WR,KC Concepcion,24,1,Jalen Reagor,2020,21,0.5784367971842093,10.39508092311925,94.0952380952381,5.022058823529411,0,0,90.0
WR,KC Concepcion,24,2,Christian Kirk,2018,47,0.6570508847659248,8.629092198129255,85.14285714285714,9.83125,0,0,38.0
WR,KC Concepcion,24,3,Donte Moncrief,2014,90,0.663675667564346,7.061986581632647,76.57142857142857,8.621875,0,0,35.0
WR,KC Concepcion,24,4,Calvin Ridley,2018,26,0.6689734108858434,9.11345960034014,88.57142857142857,15.259375000000002,1,1,5.0
WR,KC Concepcion,24,5,N'Keal Harry,2019,32,0.681494105287234,11.17189295493197,96.1904761904762,3.5406250000000004,0,0,
WR,Omar Cooper Jr.,30,1,Keshawn Martin,2012,121,0.6973812528449098,3.87123574829932,54.285714285714285,2.9718750000000003,0,0,100.0
WR,Omar Cooper Jr.,30,2,Quintez Cephus,2020,166,0.714006750304514,1.8057576250500191,19.61904761904762,3.543566176470588,0,0,101.0
WR,Omar Cooper Jr.,30,3,Joe Adams,2012,104,0.750407646675603,3.86160529761905,53.9047619047619,0.09375,0,0,188.0
WR,Omar Cooper Jr.,30,4,Joe Reed,2020,151,0.761222303850326,2.842141640906362,37.142857142857146,0.278125,0,0,183.0
WR,Omar Cooper Jr.,30,5,Kadarius Toney,2021,20,0.7773404874797165,9.325570912364949,90.0952380952381,4.166470588235294,0,0,89.0
WR,De'Zhaun Stribling,33,1,Andre Caldwell,2008,97,0.5308124802992107,2.8599823554421766,37.90476190476191,5.4281250000000005,0,0,65.0
WR,De'Zhaun Stribling,33,2,Michael Wilson,2023,94,0.548538885402413,3.2334131855242094,43.42857142857143,10.15,1,1,10.0
WR,De'Zhaun Stribling,33,3,Chris Conley,2015,76,0.5613493760897413,3.278665573979593,43.80952380952381,4.371875,0,0,80.0
WR,De'Zhaun Stribling,33,4,Eddie Royal,2008,42,0.5687419391292422,3.756385280612244,52.19047619047619,11.678125,1,0,15.0
WR,De'Zhaun Stribling,33,5,Christian Watson,2022,34,0.6227374263741541,4.355079638480386,57.90476190476191,7.923529411764706,0,0,41.0
WR,Denzel Boston,39,1,Michael Pittman Jr.,2020,34,0.5676378678975688,6.963048478391352,76.0,13.385294117647058,1,0,17.0
WR,Denzel Boston,39,2,Cody Latimer,2014,56,0.624888862999787,6.194565034013606,70.28571428571428,1.05,0,0,155.0
WR,Denzel Boston,39,3,Chase Claypool,2020,49,0.7161009480374807,6.973817760729291,76.19047619047619,11.615625,1,0,23.0
WR,Denzel Boston,39,4,Christian Watson,2022,34,0.7288600504838859,4.355079638480386,57.90476190476191,7.923529411764706,0,0,41.0
WR,Denzel Boston,39,5,Jeremy Ebert,2012,235,0.7301130749652666,1.6506999255952366,17.142857142857142,0.15,0,0,172.0
WR,Germie Bernard,47,1,Keshawn Martin,2012,121,0.6071588997369783,3.87123574829932,54.285714285714285,2.9718750000000003,0,0,100.0
WR,Germie Bernard,47,2,Joe Adams,2012,104,0.6427648184851162,3.86160529761905,53.9047619047619,0.09375,0,0,188.0
WR,Germie Bernard,47,3,Early Doucet,2008,81,0.6548633302832985,2.6237045790816325,32.95238095238095,3.3125,0,0,95.0
WR,Germie Bernard,47,4,Joe Reed,2020,151,0.6606302541555567,2.842141640906362,37.142857142857146,0.278125,0,0,183.0
WR,Germie Bernard,47,5,Travis Benjamin,2012,100,0.6707370248380472,3.997509213435373,55.61904761904762,4.340624999999999,0,0,86.0
WR,Antonio Williams,71,1,Nathaniel Dell,2023,69,0.5606897592075514,7.391597511129447,77.90476190476191,8.970588235294116,0,0,39.0
WR,Antonio Williams,71,2,Josh Palmer,2021,77,0.5624311501877934,5.535915859260366,66.28571428571428,8.117647058823529,0,0,36.0
WR,Antonio Williams,71,3,Van Jefferson,2020,57,0.5672880427415605,6.899807548519409,75.23809523809524,7.267647058823528,0,0,36.0
WR,Antonio Williams,71,4,Armanti Edwards,2010,89,0.5674379555087734,2.658604286873841,33.714285714285715,0.5637500000000001,0,0,146.0
WR,Antonio Williams,71,5,D'Wayne Eskridge,2021,56,0.5695046997722096,5.725844200805327,67.23809523809524,1.238235294117647,0,0,145.0
WR,Malachi Fields,74,1,Michael Wilson,2023,94,0.6801244266215184,3.2334131855242094,43.42857142857143,10.15,1,1,10.0
WR,Malachi Fields,74,2,Christian Watson,2022,34,0.681990753909296,4.355079638480386,57.90476190476191,7.923529411764706,0,0,41.0
WR,Malachi Fields,74,3,Cooper Kupp,2017,69,0.6949256415083261,5.268939770224817,63.61904761904762,13.98125,1,1,4.0
WR,Malachi Fields,74,4,Chad Williams,2017,98,0.7020447761758989,5.370401079748624,64.57142857142857,1.575,0,0,126.0
WR,Malachi Fields,74,5,Keenan Burton,2008,128,0.7038993507075912,3.4322028188775526,47.04761904761905,2.728125,0,0,101.0
WR,Caleb Douglas,75,1,Christian Watson,2022,34,0.4552448072408584,4.355079638480386,57.90476190476191,7.923529411764706,0,0,41.0
WR,Caleb Douglas,75,2,Cooper Kupp,2017,69,0.46321191838513154,5.268939770224817,63.61904761904762,13.98125,1,1,4.0
WR,Caleb Douglas,75,3,Chris Conley,2015,76,0.4661893870741287,3.278665573979593,43.80952380952381,4.371875,0,0,80.0
WR,Caleb Douglas,75,4,Tyquan Thornton,2022,50,0.467207721585444,8.11834575767807,83.23809523809523,2.75,0,0,98.0
WR,Caleb Douglas,75,5,Chad Williams,2017,98,0.469901722349733,5.370401079748624,64.57142857142857,1.575,0,0,126.0
WR,Zachariah Branch,79,1,Anthony Schwartz,2021,91,0.4498914319776079,4.082436908263308,56.19047619047619,1.5352941176470587,0,0,137.0
WR,Zachariah Branch,79,2,Curtis Samuel,2017,40,0.4664631457886679,7.9506930782313,81.52380952380952,9.703125,0,0,36.0
WR,Zachariah Branch,79,3,Amari Rodgers,2021,85,0.4894297343537808,3.455834669617845,47.61904761904761,1.5500000000000005,0,0,122.0
WR,Zachariah Branch,79,4,Randall Cobb,2011,64,0.5387858809353893,6.57653272959184,73.14285714285714,10.896874999999998,1,0,16.0
WR,Zachariah Branch,79,5,Nathaniel Dell,2023,69,0.5402649904471591,7.391597511129447,77.90476190476191,8.970588235294116,0,0,39.0
WR,Ja'Kobi Lane,80,1,Early Doucet,2008,81,0.7414883475061366,2.6237045790816325,32.95238095238095,3.3125,0,0,95.0
WR,Ja'Kobi Lane,80,2,Dwayne Bowe,2007,23,0.8506083152823714,7.736383860544183,79.42857142857143,13.428125,1,0,14.0
WR,Ja'Kobi Lane,80,3,Quintez Cephus,2020,166,0.8527376130218236,1.8057576250500191,19.61904761904762,3.543566176470588,0,0,101.0
WR,Ja'Kobi Lane,80,4,Austin Pettis,2011,78,0.853846405665744,3.755356052295919,52.0,5.6875,0,0,71.0
WR,Ja'Kobi Lane,80,5,Cody Latimer,2014,56,0.883059406943308,6.194565034013606,70.28571428571428,1.05,0,0,155.0
WR,Chris Brazzell II,83,1,Chad Williams,2017,98,0.5862906065126511,5.370401079748624,64.57142857142857,1.575,0,0,126.0
WR,Chris Brazzell II,83,2,Laurent Robinson,2007,75,0.5931919503970112,3.942050765306127,54.85714285714286,3.7624999999999993,0,0,78.0
WR,Chris Brazzell II,83,3,Mike Sims-Walker,2007,79,0.5944030345700486,4.130464961734697,56.38095238095238,7.1125,1,0,24.0
WR,Chris Brazzell II,83,4,Jerome Simpson,2008,46,0.5992639249602439,6.266576092687077,71.23809523809524,1.971875,0,0,94.0
WR,Chris Brazzell II,83,5,Cooper Kupp,2017,69,0.6002121480172569,5.268939770224817,63.61904761904762,13.98125,1,1,4.0
WR,Ted Hurst,84,1,Justin Hunter,2013,34,0.9984467463670473,6.203497448979595,70.47619047619048,5.4125,0,0,79.0
WR,Ted Hurst,84,2,Derek Hagan,2006,82,1.0026566369682859,,,4.04375,0,0,82.0
WR,Ted Hurst,84,3,T.Y. Hilton,2012,92,1.0799784713056517,6.556635488945578,72.95238095238096,14.98125,1,1,12.0
WR,Ted Hurst,84,4,Mario Urrutia,2008,246,1.0810090744501961,3.416369264455784,46.85714285714286,0.0,0,0,
WR,Ted Hurst,84,5,Cedrick Wilson,2018,208,1.096278839723062,2.1670595025510213,26.09523809523809,1.913125,0,0,117.0
WR,Zavion Thomas,89,1,Van Jefferson,2020,57,0.4715204476868331,6.899807548519409,75.23809523809524,7.267647058823528,0,0,36.0
WR,Zavion Thomas,89,2,Marquise Goodwin,2013,78,0.5077000627226118,3.1346394897959176,42.095238095238095,2.1437500000000003,0,0,101.0
WR,Zavion Thomas,89,3,Derrick Williams,2009,82,0.5090147638260057,4.54279018282313,59.42857142857143,0.55,0,0,140.0
WR,Zavion Thomas,89,4,Hunter Renfrow,2019,149,0.591543181287631,1.90144175170068,21.52380952380952,11.792463235294116,1,1,10.0
WR,Zavion Thomas,89,5,Dexter McCluster,2010,36,0.6159020283093564,4.458722471655328,59.04761904761905,7.70625,0,0,51.0
WR,Chris Bell,94,1,Cody Latimer,2014,56,0.5486777193690777,6.194565034013606,70.28571428571428,1.05,0,0,155.0
WR,Chris Bell,94,2,Michael Pittman Jr.,2020,34,0.5818266591593442,6.963048478391352,76.0,13.385294117647058,1,0,17.0
WR,Chris Bell,94,3,Devin Duvernay,2020,92,0.5833244869913938,5.856789740146061,68.0,5.685294117647058,0,0,59.0
WR,Chris Bell,94,4,Gabriel Davis,2020,128,0.6107532010741817,1.8823264885954376,21.142857142857142,9.32518382352941,0,0,35.0
WR,Chris Bell,94,5,Jordan Payton,2016,154,0.611710757268926,1.6851788647959187,17.71428571428571,0.040625,0,0,196.0
WR,Brenen Thompson,105,1,Martavis Bryant,2014,118,0.7948599999301156,3.871090971513605,54.095238095238095,9.384375,0,0,38.0
WR,Brenen Thompson,105,2,Jalen Camp,2021,209,0.8374820893641504,1.831780695278111,20.0,0.0499999999999999,0,0,208.0
WR,Brenen Thompson,105,3,Quintez Cephus,2020,166,0.8553316549514133,1.8057576250500191,19.61904761904762,3.543566176470588,0,0,101.0
WR,Brenen Thompson,105,4,Keshawn Martin,2012,121,0.8602241862265421,3.87123574829932,54.285714285714285,2.9718750000000003,0,0,100.0
WR,Brenen Thompson,105,5,Devin Lucien,2016,225,0.8648265376916929,1.2493416907596366,7.809523809523809,0.0,0,0,
WR,Elijah Sarratt,115,1,Josh Boyce,2013,102,0.9016456375079361,4.718676641156464,60.1904761904762,0.659375,0,0,136.0
WR,Elijah Sarratt,115,2,Marquess Wilson,2013,236,0.9158132837111328,3.3954376977040828,46.095238095238095,3.66875,0,0,86.0
WR,Elijah Sarratt,115,3,Jalen Saunders,2014,104,0.94752362350854,3.3955787500000003,46.285714285714285,0.053125,0,0,185.0
WR,Elijah Sarratt,115,4,Alshon Jeffery,2012,45,0.9936827973163193,6.59100051445578,73.33333333333333,17.0375,1,1,8.0
WR,Elijah Sarratt,115,5,Tandon Doss,2011,123,1.0014889971412364,3.7375027338435394,51.8095238095238,2.525,0,0,108.0
WR,Kaden Wetjen,121,1,Juwann Winfree,2019,187,0.9679202686032427,1.1707922682823133,5.523809523809524,0.3470588235294117,0,0,173.0
WR,Kaden Wetjen,121,2,Racey McMath,2021,205,0.996370754133004,1.2383855782312925,7.6190476190476195,0.2117647058823529,0,0,180.0
WR,Kaden Wetjen,121,3,Skyler Green,2006,125,1.033318722081376,,,0.253125,0,0,158.0
WR,Kaden Wetjen,121,4,Brice Butler,2013,209,1.0952389827804285,0.7359685501700679,0.9523809523809524,3.2750000000000004,0,0,94.0
WR,Kaden Wetjen,121,5,Tyrie Cleveland,2020,252,1.1024595919742515,1.1770890813825523,5.904761904761905,0.5255514705882354,0,0,171.0
WR,Skyler Bell,125,1,Rashad Greene,2015,139,0.6801510774217002,2.6154135544217687,32.57142857142858,1.703125,0,0,113.0
WR,Skyler Bell,125,2,Jared Abbrederis,2014,176,0.7553520933781354,1.312834122023809,9.904761904761903,0.684375,0,0,153.0
WR,Skyler Bell,125,3,Devin Duvernay,2020,92,0.8110286374337421,5.856789740146061,68.0,5.685294117647058,0,0,59.0
WR,Skyler Bell,125,4,Jordan Shipley,2010,84,0.8168338869983989,5.472549832766442,65.71428571428571,5.73125,0,0,52.0
WR,Skyler Bell,125,5,Nelson Agholor,2015,20,0.8277756030632154,11.186434119897964,96.38095238095238,8.606250000000001,1,0,23.0
WR,Bryce Lance,136,1,Cecil Shorts,2011,114,0.13517050513604426,1.7316444472789123,18.285714285714285,11.06875,0,0,25.0
WR,Bryce Lance,136,2,Daurice Fountain,2018,159,0.156105624553787,2.314826145124717,28.76190476190476,0.134375,0,0,196.0
WR,Bryce Lance,136,3,Arman Shields,2008,125,0.16448532302591612,2.7445315263605443,35.42857142857142,0.0,0,0,
WR,Bryce Lance,136,4,Justin Watson,2018,144,0.16671186058841378,3.249395464852612,43.61904761904762,1.853125,0,0,118.0
WR,Bryce Lance,136,5,Clyde Gates,2011,111,0.18124248663189008,1.5438423022959191,15.80952380952381,1.99375,0,0,122.0
WR,Colbie Young,140,1,Hunter Renfrow,2019,149,0.596344859052388,1.90144175170068,21.52380952380952,11.792463235294116,1,1,10.0
WR,Colbie Young,140,2,Michael Wilson,2023,94,0.6045990816239925,3.2334131855242094,43.42857142857143,10.15,1,1,10.0
WR,Colbie Young,140,3,Michael Woods,2022,202,0.6088973960396368,1.3678042123099243,11.61904761904762,0.6617647058823529,0,0,164.0
WR,Colbie Young,140,4,Terry Godwin,2019,237,0.6209444610713294,0.8360163966836743,2.095238095238096,0.203125,0,0,193.0
WR,Colbie Young,140,5,Keith Mumphery,2015,175,0.6400564537448031,1.369255284863945,12.0,1.36875,0,0,141.0
WR,Reggie Virgil,143,1,Marvin Jones,2012,166,0.78728600632405,2.319280342261901,28.952380952380956,7.421875,0,0,29.0
WR,Reggie Virgil,143,2,Parris Campbell,2019,59,0.8282079199406446,8.169496517857148,83.61904761904762,2.137683823529412,0,0,124.0
WR,Reggie Virgil,143,3,Kenny Bell,2015,162,0.841564053850311,2.8000264902210885,36.57142857142857,0.0,0,0,
WR,Reggie Virgil,143,4,Donovan Peoples-Jones,2020,187,0.8508174574051621,1.639657931172469,16.952380952380953,8.141176470588235,0,0,39.0
WR,Reggie Virgil,143,5,Ronald Johnson,2011,182,0.8571719628764656,2.342673446003401,29.33333333333333,0.0,0,0,
WR,Kendrick Law,168,1,Cornell Powell,2021,181,0.47526820272799997,2.8430583683473416,37.523809523809526,0.0,0,0,
WR,Kendrick Law,168,2,Ray-Ray McCloud,2018,187,0.5044490235562091,1.7639784438775503,18.857142857142858,1.35,0,0,134.0
WR,Kendrick Law,168,3,Ace Sanders,2013,101,0.5455935282348074,3.158006785714285,42.66666666666667,3.816875,0,0,63.0
WR,Kendrick Law,168,4,Brice Butler,2013,209,0.5485976121113796,0.7359685501700679,0.9523809523809524,3.2750000000000004,0,0,94.0
WR,Kendrick Law,168,5,David Gettis,2010,198,0.577792855610194,2.612627659438775,32.38095238095238,3.3125,0,0,69.0
WR,Cyrus Allen,176,1,Josh Huff,2014,86,0.6496574517276249,4.691286812641722,60.0,3.65625,0,0,89.0
WR,Cyrus Allen,176,2,Josh Boyce,2013,102,0.7318087270127897,4.718676641156464,60.1904761904762,0.659375,0,0,136.0
WR,Cyrus Allen,176,3,Tavarres King,2013,161,0.7425897177791522,2.7887843920068023,36.19047619047619,0.103125,0,0,179.0
WR,Cyrus Allen,176,4,Jalen Saunders,2014,104,0.7465575849361045,3.3955787500000003,46.285714285714285,0.053125,0,0,185.0
WR,Cyrus Allen,176,5,Joe Adams,2012,104,0.7490431381631432,3.86160529761905,53.9047619047619,0.09375,0,0,188.0
WR,Kevin Coleman Jr.,177,1,Chansi Stuckey,2007,235,0.5205382583493657,1.4883272959183669,14.857142857142858,5.012499999999999,0,0,76.0
WR,Kevin Coleman Jr.,177,2,Jordan Payton,2016,154,0.5547578788686209,1.6851788647959187,17.71428571428571,0.040625,0,0,196.0
WR,Kevin Coleman Jr.,177,3,Alan Bonner,2013,195,0.5856107254103079,2.3707477267573687,29.904761904761905,0.0,0,0,
WR,Kevin Coleman Jr.,177,4,Isaiah Coulter,2020,171,0.5921645052651618,1.3500723189275712,11.23809523809524,0.0,0,0,226.0
WR,Kevin Coleman Jr.,177,5,Walt Powell,2014,196,0.59684552099832,0.9167253684807244,2.857142857142857,0.8812500000000001,0,0,135.0
WR,Barion Brown,190,1,Hunter Renfrow,2019,149,0.5258710462344756,1.90144175170068,21.52380952380952,11.792463235294116,1,1,10.0
WR,Barion Brown,190,2,Michael Woods,2022,202,0.5742763774789511,1.3678042123099243,11.61904761904762,0.6617647058823529,0,0,164.0
WR,Barion Brown,190,3,Jacoby Ford,2010,108,0.6087637593469623,3.0582208588435384,41.333333333333336,5.921874999999999,0,0,54.0
WR,Barion Brown,190,4,Derrick Williams,2009,82,0.6379563625681355,4.54279018282313,59.42857142857143,0.55,0,0,140.0
WR,Barion Brown,190,5,Darius Slayton,2019,171,0.6451734916188256,2.916434387755102,39.04761904761905,9.71875,0,0,37.0
WR,Josh Cameron,191,1,Keenan Burton,2008,128,0.6113915596878359,3.4322028188775526,47.04761904761905,2.728125,0,0,101.0
WR,Josh Cameron,191,2,Olabisi Johnson,2019,247,0.6116716514335319,1.3339063964904148,11.047619047619047,3.559375,0,0,86.0
WR,Josh Cameron,191,3,Jeff Janis,2014,236,0.6174025927212895,2.490280795068025,31.23809523809524,1.4374999999999998,0,0,127.0
WR,Josh Cameron,191,4,Tre McBride,2015,245,0.6186306422238032,1.7627000850340138,18.666666666666668,1.0,0,0,136.0
WR,Josh Cameron,191,5,Aaron Mellette,2013,238,0.6190761331091805,2.6535122767857144,33.33333333333333,0.0,0,0,
WR,Malik Benson,195,1,T.J. Graham,2012,69,0.5273698465487636,4.381228607568025,58.285714285714285,4.38125,0,0,88.0
WR,Malik Benson,195,2,Terry Godwin,2019,237,0.5483778815468809,0.8360163966836743,2.095238095238096,0.203125,0,0,193.0
WR,Malik Benson,195,3,Keith Mumphery,2015,175,0.5544284786726387,1.369255284863945,12.0,1.36875,0,0,141.0
WR,Malik Benson,195,4,Manuel Johnson,2009,229,0.5612479823478174,1.0293482142857149,3.8095238095238098,0.05,0,0,181.0
WR,Malik Benson,195,5,Darius Slayton,2019,171,0.5633096488399272,2.916434387755102,39.04761904761905,9.71875,0,0,37.0
WR,CJ Daniels,197,1,Chris Harper,2013,123,0.8524525897574626,3.989668030045346,55.23809523809524,0.0,0,0,188.0
WR,CJ Daniels,197,2,Joe Adams,2012,104,0.8713248568345311,3.86160529761905,53.9047619047619,0.09375,0,0,188.0
WR,CJ Daniels,197,3,Travis Benjamin,2012,100,0.8722900734789568,3.997509213435373,55.61904761904762,4.340624999999999,0,0,86.0
WR,CJ Daniels,197,4,Greg Childs,2012,134,0.8949420971942325,3.4343006335034,47.23809523809524,0.0,0,0,
WR,CJ Daniels,197,5,K.J. Hill,2020,220,0.9081401220419547,0.7926377150860348,1.9047619047619049,0.6233455882352942,0,0,167.0
WR,Emmanuel Henderson Jr.,199,1,Javon Wims,2018,224,0.780710698668171,1.1574850014172342,5.333333333333334,1.8625,0,0,119.0
WR,Emmanuel Henderson Jr.,199,2,Miles Boykin,2019,93,0.7830847841896711,3.8354121917517,53.142857142857146,3.7624999999999993,0,0,99.0
WR,Emmanuel Henderson Jr.,199,3,Anthony Schwartz,2021,91,0.8289780427460508,4.082436908263308,56.19047619047619,1.5352941176470587,0,0,137.0
WR,Emmanuel Henderson Jr.,199,4,Tommy Streeter,2012,198,0.8462042993305691,3.489716150085032,48.57142857142857,0.0,0,0,188.0
WR,Emmanuel Henderson Jr.,199,5,Isaiah McKenzie,2017,172,0.8519101720350871,3.62041778132086,51.04761904761905,3.68125,0,0,96.0
WR,CJ Williams,203,1,Ricardo Louis,2016,114,0.6499450861078163,3.4901668601190483,48.76190476190476,3.1625,0,0,94.0
WR,CJ Williams,203,2,Shaquelle Evans,2014,115,0.6506577725311666,3.822250525793652,52.761904761904766,0.0,0,0,
WR,CJ Williams,203,3,Malcolm Mitchell,2016,112,0.6518460054283699,2.6540040851757367,33.523809523809526,3.0031250000000003,0,0,81.0
WR,CJ Williams,203,4,Jacoby Ford,2010,108,0.6769983641639358,3.0582208588435384,41.333333333333336,5.921874999999999,0,0,54.0
WR,CJ Williams,203,5,Keshawn Martin,2012,121,0.6872207635249826,3.87123574829932,54.285714285714285,2.9718750000000003,0,0,100.0
WR,Lewis Bond,204,1,Jordan Payton,2016,154,0.6224130394318806,1.6851788647959187,17.71428571428571,0.040625,0,0,196.0
WR,Lewis Bond,204,2,Ryan Switzer,2017,133,0.664168767839075,3.355733511904761,45.52380952380952,2.6875,0,0,97.0
WR,Lewis Bond,204,3,Ty Montgomery,2015,94,0.6899774310255402,5.894325454931976,68.19047619047619,7.253124999999999,0,0,55.0
WR,Lewis Bond,204,4,Keenan Burton,2008,128,0.7112192450815542,3.4322028188775526,47.04761904761905,2.728125,0,0,101.0
WR,Lewis Bond,204,5,Shi Smith,2021,204,0.719310893283251,1.6138943008453377,16.57142857142857,2.285294117647059,0,0,103.0
WR,Anthony Smith,218,1,Devin Lucien,2016,225,0.7313634642873452,1.2493416907596366,7.809523809523809,0.0,0,0,
WR,Anthony Smith,218,2,Malcolm Mitchell,2016,112,0.7340904990440579,2.6540040851757367,33.523809523809526,3.0031250000000003,0,0,81.0
WR,Anthony Smith,218,3,Keshawn Martin,2012,121,0.74693428509126,3.87123574829932,54.285714285714285,2.9718750000000003,0,0,100.0
WR,Anthony Smith,218,4,Jauan Jennings,2020,217,0.7496885213019642,1.6005585585067352,16.380952380952383,4.847058823529412,0,0,90.0
WR,Anthony Smith,218,5,Junior Hemingway,2012,238,0.778631698693529,1.4335531717687082,13.333333333333334,1.884375,0,0,120.0
WR,Deion Burks,254,1,Olabisi Johnson,2019,247,0.5361751161261267,1.3339063964904148,11.047619047619047,3.559375,0,0,86.0
WR,Deion Burks,254,2,Isaiah Coulter,2020,171,0.5531246477836776,1.3500723189275712,11.23809523809524,0.0,0,0,226.0
WR,Deion Burks,254,3,Marc Mariani,2010,222,0.5539279401126267,1.314116005269532,10.095238095238097,0.80625,0,0,147.0
WR,Deion Burks,254,4,David Moore,2017,226,0.5541154429253335,1.3854119033446717,12.38095238095238,5.01875,0,0,72.0
WR,Deion Burks,254,5,Tre McBride,2015,245,0.5575899605523534,1.7627000850340138,18.666666666666668,1.0,0,0,136.0
TE,Kenyon Sadiq,16,1,O.J. Howard,2017,19,1.019156339382975,8.622158019440882,98.27586206896552,6.9281250000000005,0,0,14.0
TE,Kenyon Sadiq,16,2,Travis Kelce,2013,63,1.036034877745262,4.769023162858964,77.15517241379311,11.459375,1,0,7.0
TE,Kenyon Sadiq,16,3,Cameron Latu,2023,101,1.0793702530455394,4.312117937749399,71.55172413793103,0.0,0,0,124.0
TE,Kenyon Sadiq,16,4,Evan Engram,2017,23,1.0922482688956758,8.57978870396469,97.41379310344828,9.371875,1,1,5.0
TE,Kenyon Sadiq,16,5,Fred Davis,2008,48,1.1052585025957797,5.358242129259623,81.89655172413794,6.421875,0,0,15.0
TE,Eli Stowers,54,1,Charlie Kolar,2022,128,0.9885601585606734,2.563932576768177,42.672413793103445,1.4705882352941178,0,0,63.0
TE,Eli Stowers,54,2,Hunter Henry,2016,35,1.0911200944376145,7.458536571850772,91.8103448275862,8.021875,0,0,14.0
TE,Eli Stowers,54,3,Jake Butt,2017,145,1.0961223990024884,2.610009559007462,44.82758620689656,0.515625,0,0,80.0
TE,Eli Stowers,54,4,Mike Gesicki,2018,42,1.1003547775713434,7.3354143608078415,90.94827586206895,9.228125,1,0,7.0
TE,Eli Stowers,54,5,Greg Dulcich,2022,80,1.109924980620444,4.738212473685861,76.29310344827587,2.761764705882353,0,0,30.0
TE,Nate Boerkircher,56,1,Brad Smelley,2012,247,0.7045540681252215,0.5442877827034074,8.189655172413794,0.040625,0,0,103.0
TE,Nate Boerkircher,56,2,Drew Sample,2019,52,0.7282174335946626,4.39828368111551,72.84482758620689,3.027389705882353,0,0,31.0
TE,Nate Boerkircher,56,3,Mickey Shuler,2010,214,0.7417765538244177,0.4503583539773721,3.8793103448275854,0.2,0,0,88.0
TE,Nate Boerkircher,56,4,Michael Williams,2013,211,0.7419173587460381,0.4507885430442573,4.310344827586207,0.175,0,0,95.0
TE,Nate Boerkircher,56,5,Ben Koyack,2015,229,0.7590087931062689,0.4158744901427941,2.155172413793104,1.6218749999999995,0,0,48.0
TE,Marlin Klein,59,1,Dalton Schultz,2018,137,0.7623928373132068,2.378281503595612,38.793103448275865,5.315625,1,0,12.0
TE,Marlin Klein,59,2,Drew Sample,2019,52,0.7937807942218799,4.39828368111551,72.84482758620689,3.027389705882353,0,0,31.0
TE,Marlin Klein,59,3,Charlie Woerner,2020,190,0.8201090186488684,1.994379050677964,32.327586206896555,0.50625,0,0,90.0
TE,Marlin Klein,59,4,Brad Smelley,2012,247,0.8219892876730542,0.5442877827034074,8.189655172413794,0.040625,0,0,103.0
TE,Marlin Klein,59,5,Tommy Tremble,2021,83,0.834444088629929,4.351076748277984,72.41379310344827,3.3764705882352946,0,0,39.0
TE,Max Klare,61,1,Hunter Henry,2016,35,0.9096821158729835,7.458536571850772,91.8103448275862,8.021875,0,0,14.0
TE,Max Klare,61,2,Tucker Kraft,2023,78,0.9451696721686018,4.538407277540969,75.0,8.25,1,0,10.0
TE,Max Klare,61,3,Dallas Goedert,2018,49,0.9454220783516754,4.525547012095047,74.56896551724138,8.159375,1,0,10.0
TE,Max Klare,61,4,Scott Chandler,2007,129,0.9478434085277955,,,0.0,0,0,
TE,Max Klare,61,5,Adam Trautman,2020,105,0.9529355665751789,5.005090651129041,79.74137931034483,3.176470588235293,0,0,39.0
TE,Sam Roush,69,1,Josh Oliver,2019,69,0.7613141123652324,5.2170534025795625,81.46551724137932,0.5994485294117646,0,0,82.0
TE,Sam Roush,69,2,Tucker Kraft,2023,78,0.771822617994386,4.538407277540969,75.0,8.25,1,0,10.0
TE,Sam Roush,69,3,Dallas Goedert,2018,49,0.7830716401251405,4.525547012095047,74.56896551724138,8.159375,1,0,10.0
TE,Sam Roush,69,4,Adam Shaheen,2017,45,0.7909454895260134,6.36029602198397,87.5,1.909375,0,0,50.0
TE,Sam Roush,69,5,Adam Trautman,2020,105,0.799358610072021,5.005090651129041,79.74137931034483,3.176470588235293,0,0,39.0
TE,Oscar Delp,73,1,Drew Sample,2019,52,0.6384495009263386,4.39828368111551,72.84482758620689,3.027389705882353,0,0,31.0
TE,Oscar Delp,73,2,Randall Telfer,2015,198,0.6730784405643738,1.213277472636491,19.82758620689655,0.28125,0,0,97.0
TE,Oscar Delp,73,3,Ben Koyack,2015,229,0.7365016424688985,0.4158744901427941,2.155172413793104,1.6218749999999995,0,0,48.0
TE,Oscar Delp,73,4,O.J. Howard,2017,19,0.7381697457996054,8.622158019440882,98.27586206896552,6.9281250000000005,0,0,14.0
TE,Oscar Delp,73,5,Nick Vannett,2016,94,0.7686934651370276,3.486611400603365,59.05172413793104,3.2593750000000004,0,0,30.0
TE,Will Kacmarek,87,1,Mickey Shuler,2010,214,0.7612705287948323,0.4503583539773721,3.8793103448275854,0.2,0,0,88.0
TE,Will Kacmarek,87,2,Darnell Washington,2023,93,0.7662163368213728,2.7866233192997463,48.706896551724135,3.4823529411764707,0,0,39.0
TE,Will Kacmarek,87,3,Drew Sample,2019,52,0.7711133656520835,4.39828368111551,72.84482758620689,3.027389705882353,0,0,31.0
TE,Will Kacmarek,87,4,Randall Telfer,2015,198,0.7958115835057348,1.213277472636491,19.82758620689655,0.28125,0,0,97.0
TE,Will Kacmarek,87,5,Michael Williams,2013,211,0.8000844133905972,0.4507885430442573,4.310344827586207,0.175,0,0,95.0
TE,Eli Raridon,95,1,Dalton Schultz,2018,137,0.8846651419211373,2.378281503595612,38.793103448275865,5.315625,1,0,12.0
TE,Eli Raridon,95,2,Darnell Washington,2023,93,0.8875219376697823,2.7866233192997463,48.706896551724135,3.4823529411764707,0,0,39.0
TE,Eli Raridon,95,3,O.J. Howard,2017,19,0.8960872235917239,8.622158019440882,98.27586206896552,6.9281250000000005,0,0,14.0
TE,Eli Raridon,95,4,Tommy Tremble,2021,83,0.896272045338206,4.351076748277984,72.41379310344827,3.3764705882352946,0,0,39.0
TE,Eli Raridon,95,5,Cameron Latu,2023,101,0.9130735532105516,4.312117937749399,71.55172413793103,0.0,0,0,124.0
TE,Matthew Hibner,133,1,Chigoziem Okonkwo,2022,143,0.8490731005351217,2.95665945594788,50.0,6.6764705882352935,0,0,21.0
TE,Matthew Hibner,133,2,Clay Harbor,2010,125,0.8495869878215144,3.1319231752771066,52.58620689655172,2.778125,0,0,43.0
TE,Matthew Hibner,133,3,Christopher Herndon IV,2018,107,0.8496920455463677,3.115001134901805,51.72413793103448,5.840624999999999,0,0,16.0
TE,Matthew Hibner,133,4,Seth Devalve,2016,138,0.8507812064779463,1.9947252216186588,32.758620689655174,3.475,0,0,31.0
TE,Matthew Hibner,133,5,Eric Saubert,2017,174,0.8512453227215282,2.190754136924001,34.91379310344828,0.434375,0,0,96.0
TE,Justin Joly,152,1,Chigoziem Okonkwo,2022,143,0.7868064374499347,2.95665945594788,50.0,6.6764705882352935,0,0,21.0
TE,Justin Joly,152,2,Rory 'Busta' Anderson,2015,254,0.7912218096566617,0.5286712431616003,7.327586206896551,0.0,0,0,
TE,Justin Joly,152,3,AlizÃ© Mack,2019,231,0.7925404134987317,0.2088180256449899,0.4310344827586206,0.0,0,0,
TE,Justin Joly,152,4,Seth Devalve,2016,138,0.7925490540940184,1.9947252216186588,32.758620689655174,3.475,0,0,31.0
TE,Justin Joly,152,5,Temarrick Hemingway,2016,177,0.7925537055534577,3.4460966506509365,57.75862068965517,0.0,0,0,115.0
TE,Max Bredeson,159,1,Charlie Woerner,2020,190,0.6891113351890691,1.994379050677964,32.327586206896555,0.50625,0,0,90.0
TE,Max Bredeson,159,2,Nick Vannett,2016,94,0.7527259163915104,3.486611400603365,59.05172413793104,3.2593750000000004,0,0,30.0
TE,Max Bredeson,159,3,Brad Smelley,2012,247,0.7915544684022306,0.5442877827034074,8.189655172413794,0.040625,0,0,103.0
TE,Max Bredeson,159,4,Michael Williams,2013,211,0.816420715349526,0.4507885430442573,4.310344827586207,0.175,0,0,95.0
TE,Max Bredeson,159,5,Drew Sample,2019,52,0.8426988851611447,4.39828368111551,72.84482758620689,3.027389705882353,0,0,31.0
TE,Tanner Koziol,164,1,Jonnu Smith,2017,100,0.9919089339177731,4.688558303189866,75.86206896551724,5.265625,0,0,20.0
TE,Tanner Koziol,164,2,Michael Mayer,2023,35,1.0071854824290727,8.441851371520048,96.55172413793105,4.270588235294118,0,0,35.0
TE,Tanner Koziol,164,3,Shawn Nelson,2009,121,1.0147940965185915,3.2691518161302984,56.03448275862068,1.2875,0,0,47.0
TE,Tanner Koziol,164,4,Bucky Hodges,2017,201,1.037964715874876,2.5348185929943083,40.94827586206897,0.0,0,0,
TE,Tanner Koziol,164,5,Harrison Bryant,2020,115,1.064581922070135,3.984746874321405,67.67241379310344,3.763602941176471,0,0,39.0
TE,Riley Nowakowski,169,1,Brad Smelley,2012,247,0.7898474396704428,0.5442877827034074,8.189655172413794,0.040625,0,0,103.0
TE,Riley Nowakowski,169,2,Stephen Sullivan,2020,251,0.8202540109332564,0.5308891623397607,7.758620689655173,0.1941176470588235,0,0,97.0
TE,Riley Nowakowski,169,3,Michael Williams,2013,211,0.8252642796076998,0.4507885430442573,4.310344827586207,0.175,0,0,95.0
TE,Riley Nowakowski,169,4,Andrew Quarless,2010,154,0.8295931232655168,1.5301065917911458,24.13793103448276,1.7312500000000002,0,0,42.0
TE,Riley Nowakowski,169,5,Drew Sample,2019,52,0.8363986130507561,4.39828368111551,72.84482758620689,3.027389705882353,0,0,31.0
TE,Joe Royer,170,1,Grant Calcaterra,2022,198,0.9028307078341966,1.6177658569310598,25.43103448275862,2.144117647058824,0,0,41.0
TE,Joe Royer,170,2,Jeremy Ruckert,2022,101,1.0051349919765222,4.28679709332684,70.6896551724138,1.7529411764705882,0,0,62.0
TE,Joe Royer,170,3,Nick O'Leary,2015,194,1.0210687024735823,1.812784045032347,29.310344827586203,2.70625,0,0,33.0
TE,Joe Royer,170,4,O.J. Howard,2017,19,1.0242619224536287,8.622158019440882,98.27586206896552,6.9281250000000005,0,0,14.0
TE,Joe Royer,170,5,Ben Koyack,2015,229,1.0263521757537195,0.4158744901427941,2.155172413793104,1.6218749999999995,0,0,48.0
TE,Josh Cuevas,173,1,Chris Gragg,2013,222,0.9902178498559148,0.9784866581830868,15.948275862068966,1.4,0,0,64.0
TE,Josh Cuevas,173,2,Luke Schoonmaker,2023,58,1.055683600929576,4.342133302329091,71.98275862068965,2.4794117647058824,0,0,43.0
TE,Josh Cuevas,173,3,Jerell Adams,2016,184,1.0633854103093827,2.1421327568760606,34.05172413793103,1.6062499999999995,0,0,57.0
TE,Josh Cuevas,173,4,Ben Koyack,2015,229,1.0827277591694533,0.4158744901427941,2.155172413793104,1.6218749999999995,0,0,48.0
TE,Josh Cuevas,173,5,Randall Telfer,2015,198,1.0893423404570435,1.213277472636491,19.82758620689655,0.28125,0,0,97.0
TE,Seydou Traore,180,1,Josiah Deguara,2020,94,0.846580697508692,4.897675600529253,78.01724137931035,2.5264705882352945,0,0,41.0
TE,Seydou Traore,180,2,James O'Shaughnessy,2015,173,0.9187019247332889,2.535566250976207,41.37931034482759,1.5500000000000005,0,0,57.0
TE,Seydou Traore,180,3,Seth Devalve,2016,138,0.9208242238673416,1.9947252216186588,32.758620689655174,3.475,0,0,31.0
TE,Seydou Traore,180,4,Matt Sherry,2008,207,0.9213930122811099,3.465530090980445,58.620689655172406,0.0,0,0,
TE,Seydou Traore,180,5,Eric Saubert,2017,174,0.9235691767835451,2.190754136924001,34.91379310344828,0.434375,0,0,96.0
TE,Bauer Sharp,185,1,Tim Massaquoi,2006,244,1.0416319903345415,,,0.0,0,0,97.0
TE,Bauer Sharp,185,2,Tom Santi,2008,196,1.056151928240829,2.6869119167935223,46.55172413793103,1.2218749999999998,0,0,56.0
TE,Bauer Sharp,185,3,Tommy Sweeney,2019,228,1.0565366025968126,0.3239122941641694,1.293103448275862,1.1768382352941176,0,0,73.0
TE,Bauer Sharp,185,4,Noah Gray,2021,162,1.0844323522792811,3.663214819596256,63.793103448275865,4.135294117647058,0,0,36.0
TE,Bauer Sharp,185,5,Anthony Hill,2009,122,1.0895647957733343,2.3743220017978057,37.93103448275862,0.153125,0,0,93.0
TE,Jack Endries,221,1,AlizÃ© Mack,2019,231,0.6411660168641231,0.2088180256449899,0.4310344827586206,0.0,0,0,
TE,Jack Endries,221,2,Rory 'Busta' Anderson,2015,254,0.6478236195157304,0.5286712431616003,7.327586206896551,0.0,0,0,
TE,Jack Endries,221,3,Eric Saubert,2017,174,0.6521600123390712,2.190754136924001,34.91379310344828,0.434375,0,0,96.0
TE,Jack Endries,221,4,Matt Sherry,2008,207,0.6568455341470438,3.465530090980445,58.620689655172406,0.0,0,0,
TE,Jack Endries,221,5,Chigoziem Okonkwo,2022,143,0.6589235962599083,2.95665945594788,50.0,6.6764705882352935,0,0,21.0
TE,Jaren Kanak,225,1,Ryan Taylor,2011,218,0.7390565369264657,0.284379166190952,0.8620689655172413,0.5125,0,0,84.0
TE,Jaren Kanak,225,2,A.J. Derby,2015,202,0.81622537725574,0.9619044990029813,15.517241379310343,2.66875,0,0,41.0
TE,Jaren Kanak,225,3,Chigoziem Okonkwo,2022,143,0.8235791284402323,2.95665945594788,50.0,6.6764705882352935,0,0,21.0
TE,Jaren Kanak,225,4,AlizÃ© Mack,2019,231,0.84313961889319,0.2088180256449899,0.4310344827586206,0.0,0,0,
TE,Jaren Kanak,225,5,Rory 'Busta' Anderson,2015,254,0.852714046530284,0.5286712431616003,7.327586206896551,0.0,0,0,
TE,Carsen Ryan,248,1,Ben Koyack,2015,229,0.7505109170923843,0.4158744901427941,2.155172413793104,1.6218749999999995,0,0,48.0
TE,Carsen Ryan,248,2,Matt Sherry,2008,207,0.7803656811431625,3.465530090980445,58.620689655172406,0.0,0,0,
TE,Carsen Ryan,248,3,John Nalbone,2009,161,0.7845293134358227,3.567372082669314,62.06896551724138,0.0,0,0,
TE,Carsen Ryan,248,4,James O'Shaughnessy,2015,173,0.7855843201533337,2.535566250976207,41.37931034482759,1.5500000000000005,0,0,57.0
TE,Carsen Ryan,248,5,AlizÃ© Mack,2019,231,0.7861454277541483,0.2088180256449899,0.4310344827586206,0.0,0,0,
TE,Dallen Bentley,256,1,Matt Sherry,2008,207,0.8529107973517756,3.465530090980445,58.620689655172406,0.0,0,0,
TE,Dallen Bentley,256,2,AlizÃ© Mack,2019,231,0.8559286642269385,0.2088180256449899,0.4310344827586206,0.0,0,0,
TE,Dallen Bentley,256,3,Eric Saubert,2017,174,0.8584025528175113,2.190754136924001,34.91379310344828,0.434375,0,0,96.0
TE,Dallen Bentley,256,4,John Nalbone,2009,161,0.8591563116537229,3.567372082669314,62.06896551724138,0.0,0,0,
TE,Dallen Bentley,256,5,James O'Shaughnessy,2015,173,0.8592197488448463,2.535566250976207,41.37931034482759,1.5500000000000005,0,0,57.0
