position,pfr_name,pred_best2of3_ppg_no_scout,hit_probability_no_scout,pred_best2of3_ppg_with_scout,hit_probability_with_scout,score_delta_no_scout_minus_with_scout,hit_probability_delta_pp_no_scout_minus_with_scout,serialized_frozen_pred_best2of3_ppg,serialized_frozen_hit_probability,abs_score_scout_ablation_effect
TE,Max Klare,5.783971812835855,0.31992635130882263,5.495017319501229,0.31992635130882263,0.288954493334626,0.0,5.466731235400921,0.31992635,0.288954493334626
TE,Eli Stowers,6.625283716616596,0.37128734588623047,6.337768374040176,0.37128734588623047,0.28751534257641964,0.0,6.314184573853434,0.37128735,0.28751534257641964
TE,Matthew Hibner,3.5101138890876853,0.06242579221725464,3.3144731187399175,0.06242579221725464,0.19564077034776783,0.0,3.305785028753923,0.062425792,0.19564077034776783
TE,Josh Cuevas,2.249875868432454,0.03382578864693642,2.095493528342572,0.03382578864693642,0.1543823400898816,0.0,2.106412673386953,0.03382579,0.1543823400898816
TE,Marlin Klein,4.198001150851951,0.21587920188903809,4.3027287891275385,0.21587920188903809,-0.10472763827558751,0.0,4.295241791700361,0.2158792,0.10472763827558751
TE,Max Bredeson,1.3274873797429807,0.023827891796827316,1.4048539240541795,0.023827891796827316,-0.07736654431119883,0.0,1.4130097379933917,0.023827892,0.07736654431119883
TE,Tanner Koziol,4.198687485541422,0.09543832391500473,4.126726036334696,0.09543832391500473,0.07196144920672598,0.0,4.117402183331957,0.095438324,0.07196144920672598
TE,Seydou Traore,2.5746142323566965,0.06051355600357056,2.6348784856570826,0.06051355600357056,-0.060264253300386095,0.0,2.6449425848422115,0.060513556,0.060264253300386095
TE,Joe Royer,1.8395051485480558,0.040831033140420914,1.8913705276903887,0.040831033140420914,-0.05186537914233291,0.0,1.8771893180701764,0.040831033,0.05186537914233291
TE,Kenyon Sadiq,8.177275112663946,0.3663089871406555,8.227650838586012,0.3663089871406555,-0.050375725922066295,0.0,8.22883863853933,0.366309,0.050375725922066295
TE,Justin Joly,3.025872117664957,0.07461297512054443,3.066024038457748,0.07461297512054443,-0.040151920792791174,0.0,3.060623861970486,0.074612975,0.040151920792791174
TE,Will Kacmarek,2.935499139331139,0.07333890348672867,2.9699134115178696,0.07333890348672867,-0.03441427218673043,0.0,2.96991387449152,0.0733389,0.03441427218673043
TE,Oscar Delp,3.3814479744269494,0.13753625750541687,3.409031635707313,0.13753625750541687,-0.027583661280363714,0.0,3.3962940802684702,0.13753626,0.027583661280363714
TE,Jack Endries,0.3713781908451026,0.07243216037750244,0.3449578505224933,0.07243216037750244,0.026420340322609315,0.0,0.3449504716239641,0.07243216,0.026420340322609315
TE,Carsen Ryan,0.6435157718845109,0.026075944304466248,0.6624528548435689,0.026075944304466248,-0.018937082959057938,0.0,0.6644573505958324,0.026075944,0.018937082959057938
TE,Nate Boerkircher,3.6327043346994965,0.2198312133550644,3.619043674684909,0.2198312133550644,0.013660660014587656,0.0,3.618462663819024,0.21983121,0.013660660014587656
TE,Jaren Kanak,0.46782895076241443,0.11505647003650665,0.4761363828109914,0.11505647003650665,-0.00830743204857698,0.0,0.4774166286365944,0.11505647,0.00830743204857698
TE,Riley Nowakowski,1.711773467457788,0.03000585176050663,1.7045527468595256,0.03000585176050663,0.007220720598262398,0.0,1.707723329979137,0.030005852,0.007220720598262398
TE,Dallen Bentley,0.5420869900629248,0.03828563168644905,0.534922981254273,0.03828563168644905,0.007164008808651867,0.0,0.5346043039272815,0.03828563,0.007164008808651867
TE,Sam Roush,4.054135435468477,0.4164258539676666,4.049590723704984,0.4164258539676666,0.004544711763492693,0.0,4.044895445670111,0.41642585,0.004544711763492693
TE,Bauer Sharp,2.561451998657272,0.08662431687116623,2.557089956222581,0.08662431687116623,0.004362042434690849,0.0,2.55521642760659,0.08662432,0.004362042434690849
TE,Eli Raridon,4.021665214074559,0.16023512184619904,4.024068252067144,0.16023512184619904,-0.002403037992585233,0.0,4.018446792915301,0.16023512,0.002403037992585233
WR,Omar Cooper Jr.,5.225151152460991,0.06844891607761383,5.948370601740702,0.06986859440803528,-0.7232194492797115,-0.14196783304214478,5.960267758103249,0.069868594,0.7232194492797115
WR,Reggie Virgil,4.23065520258103,0.029319221153855324,3.5900136724689857,0.025214891880750656,0.640641530112044,0.41043292731046677,3.6164644365246073,0.025214892,0.640641530112044
WR,Makai Lemon,9.69034708483393,0.5589141845703125,10.225773800270105,0.5795919895172119,-0.5354267154361754,-2.0677804946899414,10.264735414915965,0.579592,0.5354267154361754
WR,Antonio Williams,4.569974883453384,0.07956559956073761,5.094424797544019,0.09239408373832703,-0.5244499140906349,-1.2828484177589417,5.087450011129453,0.092394084,0.5244499140906349
WR,Elijah Sarratt,4.893156577005803,0.13363496959209442,5.41685194652861,0.146666020154953,-0.5236953695228062,-1.3031050562858582,5.434221705682271,0.14666602,0.5236953695228062
WR,Bryce Lance,3.416774528146049,0.0294194333255291,3.0226176400560214,0.028879662975668907,0.39415688809002747,0.053977034986019135,3.0266134433773506,0.028879663,0.39415688809002747
WR,Kendrick Law,2.83930317827131,0.01799866557121277,3.165641574129651,0.017434176057577133,-0.326338395858341,0.05644895136356354,3.1763659176170465,0.017434176,0.326338395858341
WR,Cyrus Allen,2.5180840553380444,0.03060951642692089,2.2109740552054165,0.026656854897737503,0.3071100001326279,0.3952661529183388,2.215292807706416,0.026656855,0.3071100001326279
WR,De'Zhaun Stribling,7.8697386986044435,0.15706926584243774,7.567401372924167,0.14852121472358704,0.30233732568027616,0.8548051118850708,7.555284829556821,0.14852121,0.30233732568027616
WR,Ted Hurst,4.662827565776314,0.21988704800605774,4.9486356067426955,0.22577476501464844,-0.2858080409663817,-0.5887717008590698,4.924652876150458,0.22577477,0.2858080409663817
WR,Kaden Wetjen,2.590929432272909,0.020309319719672203,2.8765990123549434,0.019906414672732353,-0.28566958008203436,0.040290504693984985,2.863327910164068,0.019906415,0.28566958008203436
WR,Chris Brazzell II,4.415658115121052,0.2027767151594162,4.149402422954029,0.1873580813407898,0.2662556921670225,1.5418633818626404,4.119425413400209,0.18735808,0.2662556921670225
WR,Malachi Fields,5.663497606542622,0.0721924901008606,5.402278766131453,0.06017651408910751,0.2612188404111686,1.2015976011753082,5.4003923165516206,0.060176514,0.2612188404111686
WR,Denzel Boston,8.947696750450177,0.384380578994751,8.710509459533808,0.40082594752311707,0.2371872909163688,-1.6445368528366089,8.742896696928765,0.40082595,0.2371872909163688
WR,Skyler Bell,2.9815581335034027,0.02044457197189331,2.755921265256105,0.018285328522324562,0.22563686824729778,0.21592434495687485,2.7760190681272534,0.018285329,0.22563686824729778
WR,Jordyn Tyson,7.127899152160862,0.25425899028778076,7.346470382152866,0.2917986512184143,-0.21857122999200396,-3.7539660930633545,7.351202510004006,0.29179865,0.21857122999200396
WR,Zachariah Branch,4.015437381077433,0.08594314754009247,3.8044174599839913,0.08371776342391968,0.2110199210934418,0.22253841161727905,3.783675322378949,0.08371776,0.2110199210934418
WR,Kevin Coleman Jr.,2.8018546853324655,0.04731246829032898,2.9857326987044845,0.049215834587812424,-0.18387801337201903,-0.19033662974834442,2.955727631677674,0.049215835,0.18387801337201903
WR,Colbie Young,2.3072724337234893,0.03495805338025093,2.136977428721489,0.04299013689160347,0.17029500500200045,-0.8032083511352539,2.1208277613545428,0.042990137,0.17029500500200045
WR,Germie Bernard,5.83964446578632,0.06562764197587967,5.685189121523608,0.07231198251247406,0.15445534426271124,-0.6684340536594391,5.660352908288315,0.07231198,0.15445534426271124
WR,Anthony Smith,1.4894665517040149,0.01875459775328636,1.3481269832516334,0.018219776451587677,0.1413395684523815,0.05348213016986847,1.3357829581415892,0.018219776,0.1413395684523815
WR,Zavion Thomas,2.681191208233294,0.10339496284723282,2.552528111244497,0.09007555991411209,0.12866309698879697,1.3319402933120728,2.509102265906362,0.09007556,0.12866309698879697
WR,Brenen Thompson,4.039934025485196,0.03426283597946167,4.1436177858643495,0.03041176125407219,-0.10368376037915361,0.38510747253894806,4.1361262229892,0.030411761,0.10368376037915361
WR,Ja'Kobi Lane,4.068509890206083,0.07873087376356125,3.978708078731491,0.062368351966142654,0.08980181147459199,1.6362521797418594,3.99235551770708,0.062368352,0.08980181147459199
WR,Chris Bell,4.748680661222823,0.08508844673633575,4.663633208741826,0.09311939775943756,0.08504745248099699,-0.8030951023101807,4.660868620406493,0.0931194,0.08504745248099699
WR,Josh Cameron,1.43028511817227,0.0334421768784523,1.510935538590436,0.03078557178378105,-0.08065042041816595,0.26566050946712494,1.494856783338335,0.030785572,0.08065042041816595
WR,Carnell Tate,10.49823927996198,0.5522579550743103,10.418279051370552,0.5679136514663696,0.07996022859142826,-1.5655696392059326,10.396023701730696,0.56791365,0.07996022859142826
WR,Malik Benson,1.3531412268657463,0.030495909973978996,1.2797543113912229,0.026200497522950172,0.07338691547452347,0.4295412451028824,1.274803914982659,0.026200498,0.07338691547452347
WR,Emmanuel Henderson Jr.,3.0268928313825536,0.02385849878191948,2.967210749549821,0.022592859342694283,0.0596820818327326,0.12656394392251968,2.978181425320128,0.02259286,0.0596820818327326
WR,Deion Burks,1.2648266719187686,0.020519569516181946,1.3239790661264506,0.01815544068813324,-0.059152394207681924,0.2364128828048706,1.315204961484594,0.01815544,0.059152394207681924
WR,CJ Williams,1.4108420220588243,0.019439052790403366,1.3545249007102842,0.01798437349498272,0.056317121348540056,0.14546792954206467,1.3443847534013604,0.017984373,0.056317121348540056
WR,Caleb Douglas,5.046205193134073,0.06661391258239746,4.997850420043018,0.06028268113732338,0.04835477309105496,0.6331231445074081,4.990803552546018,0.06028268,0.04835477309105496
WR,KC Concepcion,9.880527706332536,0.6433666348457336,9.87134332232894,0.6734994053840637,0.009184384003596335,-3.013277053833008,9.917473993347349,0.6734994,0.009184384003596335
WR,Barion Brown,2.0788939324479814,0.04683123528957367,2.0828790173569423,0.04491123929619789,-0.003985084908960879,0.19199959933757782,2.060712861519608,0.04491124,0.003985084908960879
WR,CJ Daniels,1.1471435004001607,0.04011750593781471,1.1503577594787915,0.03694013133645058,-0.003214259078630821,0.3177374601364136,1.144071504976991,0.03694013,0.003214259078630821
WR,Lewis Bond,1.457078478474723,0.024822918698191643,1.4573094068877548,0.03180822730064392,-0.00023092841303173905,-0.6985308602452278,1.449890933248299,0.031808227,0.00023092841303173905
