calibration_type,position,percentile_bucket,n,hit_rate,hit_rate_ci_low,hit_rate_ci_high,star_rate,star_rate_ci_low,star_rate_ci_high,mean_primary_ppg,median_primary_ppg,mean_prospect_score
pooled_reference,QB,0-20,35,0.0,0.0,0.09890426758938868,0.0,0.0,0.09890426758938868,1.0597247899159667,0.0425,0.7624105195688955
pooled_reference,QB,20-40,35,0.0,0.0,0.09890426758938868,0.0,0.0,0.09890426758938868,0.8866144957983193,0.04,1.3353904522823685
pooled_reference,QB,40-60,35,0.17142857142857143,0.08102529944856719,0.3268260763958882,0.11428571428571428,0.0453510585448975,0.2595179478812023,3.8079915966386557,0.315,2.263324086052485
pooled_reference,QB,60-80,35,0.22857142857142856,0.12065736746179101,0.39017637780102,0.08571428571428572,0.02958183100529692,0.22379599071162515,6.673099789915967,5.118125,5.890602689229862
pooled_reference,QB,80-90,18,0.3888888888888889,0.20304991926931162,0.6138133141934384,0.3333333333333333,0.1627855436366286,0.5625093065574964,13.720467728758171,14.2184375,11.631887246726553
pooled_reference,QB,90-95,9,0.4444444444444444,0.188775429471914,0.7333526542559703,0.3333333333333333,0.12058159868274293,0.6458026525009102,14.429285130718954,14.7175,14.545789078233692
pooled_reference,QB,95-100,9,0.5555555555555556,0.2666473457440297,0.811224570528086,0.3333333333333333,0.12058159868274293,0.6458026525009102,13.364383169934639,14.599999999999998,16.607149671972845
pooled_reference,RB,0-20,74,0.04054054054054054,0.01388217957959554,0.1125489318055764,0.013513513513513514,0.0023894018749393217,0.07265530429759565,1.58100009936407,0.20312499999999994,0.9492803211147712
pooled_reference,RB,20-40,75,0.02666666666666667,0.00734353502360055,0.09211664843284882,0.0,0.0,0.04872554590470005,2.525513725490196,1.546875,2.6008473934940177
pooled_reference,RB,40-60,74,0.0945945945945946,0.04657934593059061,0.1826245758798552,0.04054054054054054,0.01388217957959554,0.1125489318055764,4.472324125596184,2.8635110294117645,4.033128531644234
pooled_reference,RB,60-80,75,0.14666666666666667,0.08391630937003362,0.24384974306928775,0.10666666666666667,0.05504846963856164,0.19661562647313574,6.531868137254903,5.8375,6.076489335421001
pooled_reference,RB,80-90,37,0.2702702702702703,0.15397298246990684,0.4297847547392133,0.13513513513513514,0.059132072625076235,0.2797772747070557,8.491659379968205,8.877757352941178,8.390995069690913
pooled_reference,RB,90-95,19,0.47368421052631576,0.27329505487448547,0.6829251748817489,0.3684210526315789,0.1914927237627384,0.5896084250184328,11.892691563467494,12.075367647058822,10.271962034868386
pooled_reference,RB,95-100,19,0.7368421052631579,0.5120803155892935,0.8819376166045982,0.47368421052631576,0.27329505487448547,0.6829251748817489,14.884707817337462,13.3725,12.695997218958029
pooled_reference,TE,0-20,46,0.0,0.0,0.07707617732978073,0.0,0.0,0.07707617732978073,0.6153053069053709,0.18455882352941175,0.69063359267174
pooled_reference,TE,20-40,46,0.06521739130434782,0.022427454466343574,0.17503009103781358,0.043478260869565216,0.012005193588830829,0.1453252291905342,2.17834878516624,1.1515625,1.8709529140037304
pooled_reference,TE,40-60,47,0.14893617021276595,0.07406626087497505,0.2768589657111277,0.0425531914893617,0.01174802937056972,0.1424878719385944,3.043687421777221,1.4705882352941178,2.9608904248774297
pooled_reference,TE,60-80,46,0.1956521739130435,0.10650490444121799,0.331715377411692,0.06521739130434782,0.022427454466343574,0.17503009103781358,4.160362052429668,3.629963235294118,4.20032617468363
pooled_reference,TE,80-90,23,0.2608695652173913,0.1254844588924897,0.4647039054375056,0.17391304347826086,0.06978540350612772,0.37138054785295666,5.512531969309463,5.362500000000001,5.902430453447836
pooled_reference,TE,90-95,12,0.5833333333333334,0.3195073356553728,0.8067425380947535,0.16666666666666666,0.04696414761482223,0.44803635738467273,8.16701899509804,9.285110294117647,7.571677851287323
pooled_reference,TE,95-100,12,0.5833333333333334,0.3195073356553728,0.8067425380947535,0.16666666666666666,0.04696414761482223,0.44803635738467273,7.199571078431372,7.79283088235294,8.550102029053681
pooled_reference,WR,0-20,105,0.0,0.0,0.035295328256842964,0.0,0.0,0.035295328256842964,1.97693837535014,0.684375,1.3061936312317133
pooled_reference,WR,20-40,105,0.0380952380952381,0.014912218047781596,0.09388441853234952,0.009523809523809525,0.0016831259050527937,0.051987529432612214,2.096984943977591,0.5562499999999999,2.4090253592262303
pooled_reference,WR,40-60,105,0.09523809523809523,0.05255574298315682,0.1664928560819065,0.0380952380952381,0.014912218047781596,0.09388441853234952,3.4736726190476186,2.45,3.668751794389473
pooled_reference,WR,60-80,105,0.22857142857142856,0.1586828389252159,0.3176203392713559,0.1523809523809524,0.09602582280126758,0.233274738748728,6.9012184873949565,6.253124999999999,6.150770711220557
pooled_reference,WR,80-90,52,0.2692307692307692,0.1676881003582587,0.4025247875246099,0.17307692307692307,0.0938236875646778,0.29731123693605277,8.472018523755658,8.76545955882353,8.519827301782893
pooled_reference,WR,90-95,26,0.46153846153846156,0.28755582695234905,0.6454236379556988,0.3076923076923077,0.16501120939792674,0.49988611514231246,9.713567590497737,10.132628676470588,10.064056595647875
pooled_reference,WR,95-100,27,0.5925925925925926,0.4072638305536409,0.7548548662714265,0.2962962962962963,0.15852853317647564,0.4848103338083759,10.68704248366013,11.3875,12.073344044775318
prior_only_reference,QB,0-20,32,0.0,0.0,0.1071827150573635,0.0,0.0,0.1071827150573635,1.1680583639705884,0.10253676470588234,0.7748234105446306
prior_only_reference,QB,20-40,17,0.0,0.0,0.18432366037156456,0.0,0.0,0.18432366037156456,0.8746107266435987,0.275625,1.2622410959017318
prior_only_reference,QB,40-60,20,0.2,0.0806563532712,0.41602172202575993,0.15,0.05236779195949584,0.36042329588695743,4.0651102941176465,0.0553125,2.055769999183343
prior_only_reference,QB,60-80,28,0.10714285714285714,0.03711769205479949,0.2719622536765708,0.07142857142857142,0.019811647447770794,0.2264573842591786,4.329499737394959,1.2354411764705882,4.0334829841699475
prior_only_reference,QB,80-90,11,0.2727272727272727,0.09745880573921467,0.5656502930102463,0.18181818181818182,0.05136660067100063,0.4769861375782448,10.954334893048127,7.976250000000001,10.117732129185084
prior_only_reference,QB,90-95,5,0.6,0.23071993220883708,0.8823817688407467,0.6,0.23071993220883708,0.8823817688407467,16.300022058823533,16.57875,11.812126508179393
prior_only_reference,QB,95-100,26,0.46153846153846156,0.28755582695234905,0.6454236379556988,0.3076923076923077,0.16501120939792674,0.49988611514231246,13.510668834841631,14.658749999999998,14.481514118373756
prior_only_reference,RB,0-20,65,0.03076923076923077,0.008478819400945352,0.10542905025926008,0.0,0.0,0.055803467670710726,1.334898190045249,0.196875,1.027759678582817
prior_only_reference,RB,20-40,62,0.03225806451612903,0.008891184997076404,0.11020677131018222,0.0,0.0,0.05834609122500061,2.519270635673624,1.492830882352941,2.6001156499726945
prior_only_reference,RB,40-60,56,0.05357142857142857,0.01838544792866792,0.14607539536429218,0.017857142857142856,0.003159128964463985,0.0944585817919329,3.988188681722689,2.8150735294117646,3.922432985675918
prior_only_reference,RB,60-80,70,0.12857142857142856,0.06914021991242263,0.22664968713184502,0.07142857142857142,0.03089376151029352,0.15655613123309228,6.211425420168068,5.7046875,5.795446343614371
prior_only_reference,RB,80-90,41,0.3170731707317073,0.19564433205311735,0.46984485655745856,0.1951219512195122,0.10234315749205929,0.34013882352556724,9.128601147776184,10.388235294117647,8.32352058661001
prior_only_reference,RB,90-95,14,0.5,0.2679886791947528,0.7320113208052472,0.42857142857142855,0.21380509930400526,0.6740973309713064,13.109724264705884,12.975275735294119,10.343765122676695
prior_only_reference,RB,95-100,14,0.7142857142857143,0.4535045882751561,0.882788120898909,0.5,0.2679886791947528,0.7320113208052472,14.766255252100837,13.626930147058825,13.074831719504873
prior_only_reference,TE,0-20,40,0.0,0.0,0.08762453925039232,0.0,0.0,0.08762453925039232,0.6472426470588235,0.18455882352941175,0.6822210299803999
prior_only_reference,TE,20-40,35,0.05714285714285714,0.015812829614043955,0.1860738073937003,0.02857142857142857,0.005061361365853362,0.1453340909327131,2.186060924369748,1.09375,1.7800241511027737
prior_only_reference,TE,40-60,32,0.1875,0.08889423936162782,0.3530949575492244,0.09375,0.032400962626319516,0.24218499335778831,3.7355755974264704,2.4671875,2.7031536951512196
prior_only_reference,TE,60-80,42,0.14285714285714285,0.06715875684189933,0.2784138235217878,0.023809523809523808,0.00421529549910029,0.12321481165248252,3.8115546218487397,3.3179227941176475,4.111874620374576
prior_only_reference,TE,80-90,20,0.3,0.14547527396899385,0.5189767762289793,0.2,0.0806563532712,0.41602172202575993,5.017068014705882,5.2718750000000005,5.407006337885447
prior_only_reference,TE,90-95,10,0.3,0.10778928748621183,0.6032267800204347,0.1,0.01787574951572113,0.4041563854975721,6.182757352941176,6.778124999999999,7.199728069181724
prior_only_reference,TE,95-100,18,0.6666666666666666,0.4374906934425036,0.8372144563633714,0.2222222222222222,0.09000781913382,0.4521502645230549,8.255014297385621,8.36001838235294,8.169856422086692
prior_only_reference,WR,0-20,89,0.0,0.0,0.04137800296418846,0.0,0.0,0.04137800296418846,1.8715912095175151,0.7718750000000001,1.2864221968570368
prior_only_reference,WR,20-40,84,0.023809523809523808,0.006553765293517748,0.0827160112132854,0.011904761904761904,0.002104528901587875,0.06439699201788535,1.9670054271708683,0.49218749999999994,2.277717853048146
prior_only_reference,WR,40-60,90,0.1,0.05350614574335834,0.17924350899398628,0.044444444444444446,0.01741696001324882,0.1087701467709492,3.4571417483660127,2.3515625,3.3424286163193813
prior_only_reference,WR,60-80,95,0.14736842105263157,0.08985998634105129,0.23228777330670836,0.07368421052631578,0.03614850970030849,0.1443584833066845,5.423842879256966,4.375,5.271252550376245
prior_only_reference,WR,80-90,60,0.2833333333333333,0.1850667860430859,0.40767525049735165,0.18333333333333332,0.1055768903713613,0.29919993226466285,8.156973651960785,8.633272058823529,7.72887754113729
prior_only_reference,WR,90-95,34,0.3235294117647059,0.19131451326458573,0.4915741595188061,0.23529411764705882,0.12436838109244344,0.3999646280826443,9.125795847750867,8.6071875,9.311928970772133
prior_only_reference,WR,95-100,39,0.5641025641025641,0.40975423474522105,0.7069547583829534,0.3076923076923077,0.1856575344598306,0.464215486155646,10.369022435897437,11.3875,11.394467619586296
