position,rank,pfr_name,prospect_model_percentile,outcome_percentile,prospect_percentile_reference_n,draft_team,draft_round,draft_pick,pred_best2of3_ppg,pred_peak3_ppg,pred_rookie_ppg,pred_avg3_ppg,pred_total3_ppr,pred80_low,pred80_high,pred90_low,pred90_high,hit_probability,college_match,fuzzy_match,scout_boost,percentile_bucket,historical_bucket_n,historical_hit_rate,historical_hit_rate_ci_low,historical_hit_rate_ci_high,historical_star_rate,historical_star_rate_ci_low,historical_star_rate_ci_high,historical_bucket_mean_primary_ppg
QB,1,Fernando Mendoza,97.72727272727272,90.18691588785047,176,LVR,1,1,16.07838786703899,17.676540350130104,12.03491382568584,13.548131378816148,661.9295136849136,10.207449525936074,21.94932620814191,7.780908988457382,24.3758667456206,0.48582318,1.0,0.0,1.1205299999117333,95-100,9,0.5555555555555556,0.2666473457440297,0.811224570528086,0.3333333333333333,0.12058159868274293,0.6458026525009102,13.364383169934639
QB,2,Ty Simpson,89.20454545454545,83.64485981308411,176,LAR,1,13,13.029138068869283,14.706321503864118,7.578099168375301,10.526885914385703,515.0984763659812,7.158199727766367,18.9000764099722,4.731659190287674,21.32661694745089,0.43218362,1.0,0.0,-0.5703349192736467,80-90,18,0.3888888888888889,0.20304991926931162,0.6138133141934384,0.3333333333333333,0.1627855436366286,0.5625093065574964,13.720467728758171
QB,3,Carson Beck,73.29545454545455,69.62616822429906,176,ARI,3,65,6.6289831078224655,7.849878354171141,4.750641239110542,5.663779979071659,266.8295534766596,0.7580447667195491,12.49992144892538,0.0,14.926461986404076,0.05893855,1.0,0.0,0.560031103215251,60-80,35,0.22857142857142856,0.12065736746179101,0.39017637780102,0.08571428571428572,0.02958183100529692,0.22379599071162515,6.673099789915967
QB,4,Drew Allar,63.06818181818182,62.149532710280376,176,PIT,3,76,3.798320480793715,5.431105010442067,1.8356115042776309,2.8448344359668463,134.62652783268584,0.0,9.669258821896632,0.0,12.095799359375324,0.100314625,1.0,0.0,-1.5814536457282171,60-80,35,0.22857142857142856,0.12065736746179101,0.39017637780102,0.08571428571428572,0.02958183100529692,0.22379599071162515,6.673099789915967
QB,5,Cade Klubnik,54.54545454545454,57.943925233644855,176,NYJ,4,110,2.431670815460159,3.116183863742612,1.511316561239208,1.5780590799979768,81.31868469521403,0.0,8.302609156563076,0.0,10.729149694041768,0.12236779,1.0,0.0,-1.1513317268250476,40-60,35,0.17142857142857143,0.08102529944856719,0.3268260763958882,0.11428571428571428,0.0453510585448975,0.2595179478812023,3.8079915966386557
QB,6,Garrett Nussmeier,49.43181818181818,56.54205607476636,176,KAN,7,249,2.1715243196379284,2.741687615576565,0.7015661461527619,1.4469723307133344,67.28637341449804,0.0,8.042462660740846,0.0,10.469003198219538,0.051333405,1.0,0.0,-2.119475924087126,40-60,35,0.17142857142857143,0.08102529944856719,0.3268260763958882,0.11428571428571428,0.0453510585448975,0.2595179478812023,3.8079915966386557
QB,7,Taylen Green,39.77272727272727,55.60747663551402,176,CLE,6,182,1.8476005965705269,3.192197654764364,1.387394772220489,1.2791567662542458,59.747773757273805,0.0,7.7185389376734435,0.0,10.145079475152135,0.11004911,1.0,0.0,-3.3203944968420216,20-40,35,0.0,0.0,0.09890426758938868,0.0,0.0,0.09890426758938868,0.8866144957983193
QB,8,Athan Kaliakmanis,34.090909090909086,51.4018691588785,176,WAS,7,223,1.467641871581196,2.220073941684886,0.4163086962391016,0.939228731217288,49.49315769307185,0.0,7.338580212684112,0.0,9.765120750162804,0.06351283,1.0,0.0,-1.0476512405177312,20-40,35,0.0,0.0,0.09890426758938868,0.0,0.0,0.09890426758938868,0.8866144957983193
QB,9,Cole Payton,25.568181818181817,49.06542056074766,176,PHI,5,178,1.1618229532545394,2.0787697086054417,0.5050296769262488,0.7986404360457489,37.91160913453201,0.0,7.032761294357456,0.0,9.459301831836148,0.05005873,0.0,0.0,-0.5561570427679161,20-40,35,0.0,0.0,0.09890426758938868,0.0,0.0,0.09890426758938868,0.8866144957983193
QB,10,Behren Morton,5.113636363636364,43.925233644859816,176,NWE,7,234,0.6617588760309832,0.9896094552413968,0.2401842712512745,0.4443414750173812,22.93976937682672,0.0,6.532697217133899,0.0,8.959237754612593,0.046436373,1.0,0.0,-0.9050613604798086,0-20,35,0.0,0.0,0.09890426758938868,0.0,0.0,0.09890426758938868,1.0597247899159667
RB,1,Jeremiyah Love,100.0,94.48441247002398,373,ARI,1,3,16.055744652459907,18.08996299548002,13.78744693598324,13.551823743985404,652.8937336552253,11.415570466327402,20.69591883859241,9.740251737943804,22.371237566976014,0.5895365,1.0,0.0,1.9894954158977287,95-100,19,0.7368421052631579,0.5120803155892935,0.8819376166045982,0.47368421052631576,0.27329505487448547,0.6829251748817489,14.884707817337462
RB,2,Jadarian Price,96.7828418230563,86.33093525179856,373,SEA,1,32,12.184896460151636,14.107894936342582,8.42138041422157,9.923270840230018,484.6153691060831,7.544722274019131,16.82507064628414,5.869403545635532,18.50038937466774,0.25518522,1.0,0.0,1.6667279389341831,95-100,19,0.7368421052631579,0.5120803155892935,0.8819376166045982,0.47368421052631576,0.27329505487448547,0.6829251748817489,14.884707817337462
RB,3,Kaelon Black,71.84986595174263,66.90647482014388,373,SFO,3,90,6.40941041769222,7.44372057614759,4.881754623361127,5.359231670397843,262.013405616464,1.7692362315597148,11.049584603824725,0.0939175031761152,12.724903332208324,0.1336853,1.0,0.0,0.7220071743254151,60-80,75,0.14666666666666667,0.08391630937003362,0.24384974306928775,0.10666666666666667,0.05504846963856164,0.19661562647313574,6.531868137254903
RB,4,Eli Heidenreich,59.78552278820375,59.71223021582733,373,PIT,7,230,4.766462086744459,5.88928899351823,2.671631430268176,3.733659359494729,184.17172276044369,0.1262879006119543,9.406636272876964,0.0,11.081955001260564,0.13900888,1.0,0.0,-1.3226058404888272,40-60,74,0.0945945945945946,0.04657934593059061,0.1826245758798552,0.04054054054054054,0.01388217957959554,0.1125489318055764,4.472324125596184
RB,5,Mike Washington Jr.,57.37265415549599,58.27338129496403,373,LVR,4,122,4.532991907294855,5.6044330212156535,3.0824109576160152,3.608521795653246,178.1579780148885,0.0,9.17316609342736,0.0,10.84848482181096,0.028827263,1.0,0.0,0.3217745368479052,40-60,74,0.0945945945945946,0.04657934593059061,0.1826245758798552,0.04054054054054054,0.01388217957959554,0.1125489318055764,4.472324125596184
RB,6,Jonah Coleman,51.7426273458445,55.87529976019184,373,DEN,4,108,4.114206373471667,5.094621757670309,3.6863644065316006,3.231275048220128,157.77423851923126,0.0,8.754380559604172,0.0,10.429699287987772,0.10332628,1.0,0.0,0.0428165365164954,40-60,74,0.0945945945945946,0.04657934593059061,0.1826245758798552,0.04054054054054054,0.01388217957959554,0.1125489318055764,4.472324125596184
RB,7,Emmett Johnson,40.48257372654155,52.51798561151079,373,KAN,5,161,3.431561093491017,4.330980114926616,2.2164017887888923,2.706285544056682,131.4782970293856,0.0,8.071735279623521,0.0,9.747054008007122,0.04804986,1.0,0.0,-0.5462537332012927,40-60,74,0.0945945945945946,0.04657934593059061,0.1826245758798552,0.04054054054054054,0.01388217957959554,0.1125489318055764,4.472324125596184
RB,8,Demond Claiborne,36.193029490616624,50.83932853717026,373,MIN,6,198,2.9955772862473444,3.7062395564252952,1.228266299783869,2.2501846775841328,109.71418947141782,0.0,7.63575147237985,0.0,9.31107020076345,0.036804777,1.0,0.0,-0.5014008286743366,20-40,75,0.02666666666666667,0.00734353502360055,0.09211664843284882,0.0,0.0,0.04872554590470005,2.525513725490196
RB,9,Adam Randall,34.852546916890084,50.59952038369304,373,BAL,5,174,2.933890347765044,4.019249989967157,3.0643300092331893,2.1099034041902143,101.23842551481148,0.0,7.574064533897549,0.0,9.24938326228115,0.041186508,1.0,0.0,0.1145210007759622,20-40,75,0.02666666666666667,0.00734353502360055,0.09211664843284882,0.0,0.0,0.04872554590470005,2.525513725490196
RB,10,Nicholas Singleton,32.975871313672926,49.40047961630695,373,TEN,5,165,2.7933267426359496,3.510577824958857,1.9765811713264472,2.177245695042969,106.37854161048048,0.0,7.433500928768455,0.0,9.108819657152054,0.038926564,1.0,0.0,-0.6910917586677217,20-40,75,0.02666666666666667,0.00734353502360055,0.09211664843284882,0.0,0.0,0.04872554590470005,2.525513725490196
RB,11,Kaytron Allen,19.571045576407503,42.44604316546763,373,WAS,6,187,1.863826677397293,2.395179120142865,1.6373579723469749,1.4829042575258984,72.84926943109534,0.0,6.504000863529798,0.0,8.179319591913398,0.022278432,1.0,0.0,-0.8732728495621966,0-20,74,0.04054054054054054,0.01388217957959554,0.1125489318055764,0.013513513513513514,0.0023894018749393217,0.07265530429759565,1.58100009936407
RB,12,Seth McGowan,16.890080428954423,38.36930455635492,373,IND,7,237,1.6407759509443296,2.0375957094377246,1.2259749817453898,1.3240031603358955,65.33811357982583,0.0,6.280950137076834,0.0,7.956268865460434,0.0613902,1.0,0.0,-0.7922354631268842,0-20,74,0.04054054054054054,0.01388217957959554,0.1125489318055764,0.013513513513513514,0.0023894018749393217,0.07265530429759565,1.58100009936407
RB,13,Jam Miller,4.557640750670242,25.65947242206235,373,NWE,7,245,0.5676106526524607,1.0337286759981643,0.136753503152438,0.2385945377421499,12.760482132950033,0.0,5.207784838784965,0.0,6.883103567168565,0.022546219,1.0,0.0,-0.5000508015513407,0-20,74,0.04054054054054054,0.01388217957959554,0.1125489318055764,0.013513513513513514,0.0023894018749393217,0.07265530429759565,1.58100009936407
WR,1,Carnell Tate,94.0952380952381,83.95904436860067,525,TEN,1,4,10.396023701730696,11.659741475590238,7.77318871598639,8.661421952428185,419.92369931972775,4.884479586084439,15.907567817376954,3.5701456660164137,17.22190173744498,0.56791365,1.0,0.0,2.4313149037892225,90-95,26,0.46153846153846156,0.28755582695234905,0.6454236379556988,0.3076923076923077,0.16501120939792674,0.49988611514231246,9.713567590497737
WR,2,Makai Lemon,93.33333333333331,83.78839590443687,525,PHI,1,20,10.264735414915965,11.670019860444173,6.664001407062825,8.386158410587635,426.67331619047593,4.753191299269708,15.77627953056222,3.438857379201682,17.090613450630247,0.579592,1.0,0.0,0.9161786334048196,90-95,26,0.46153846153846156,0.28755582695234905,0.6454236379556988,0.3076923076923077,0.16501120939792674,0.49988611514231246,9.713567590497737
WR,3,KC Concepcion,91.8095238095238,82.93515358361775,525,CLE,1,24,9.917473993347349,11.430519609843932,7.826244266956775,8.733791637071297,441.743832244898,4.405929877701092,15.429018108993606,3.091595957633066,16.743352029061633,0.6734994,1.0,0.0,1.064641962652487,90-95,26,0.46153846153846156,0.28755582695234905,0.6454236379556988,0.3076923076923077,0.16501120939792674,0.49988611514231246,9.713567590497737
WR,4,Denzel Boston,86.28571428571429,78.32764505119454,525,CLE,2,39,8.742896696928765,10.301855230592238,7.981258727991189,7.129661064474502,345.5974325170068,3.231352581282509,14.254440812575025,1.9170186612144828,15.568774732643048,0.40082595,1.0,0.0,0.7029098576219042,80-90,52,0.2692307692307692,0.1676881003582587,0.4025247875246099,0.17307692307692307,0.0938236875646778,0.29731123693605277,8.472018523755658
WR,5,De'Zhaun Stribling,78.85714285714286,73.37883959044369,525,SFO,2,33,7.555284829556821,8.9290643935074,7.320275704781904,6.081385092749754,316.76684673469373,2.043740713910564,13.066828945203078,0.7294067938425384,14.381162865271104,0.14852121,1.0,0.0,1.8199351454025403,60-80,105,0.22857142857142856,0.1586828389252159,0.3176203392713559,0.1523809523809524,0.09602582280126758,0.233274738748728,6.9012184873949565
WR,6,Jordyn Tyson,77.71428571428571,72.52559726962457,525,NOR,1,8,7.351202510004006,7.7911459793917635,6.23157775910364,6.528365691096578,326.4475159183671,1.8396583943577487,12.862746625650264,0.5253244742897234,14.177080545718288,0.29179865,1.0,0.0,2.1556648854031937,60-80,105,0.22857142857142856,0.1586828389252159,0.3176203392713559,0.1523809523809524,0.09602582280126758,0.233274738748728,6.9012184873949565
WR,7,Omar Cooper Jr.,69.14285714285714,68.43003412969283,525,NYJ,1,30,5.960267758103249,6.432647057823131,4.814296094187675,4.318746805935977,217.7585349659862,0.4487236424569918,11.471811873749504,0.0,12.786145793817532,0.069868594,1.0,0.0,0.3417855919870716,60-80,105,0.22857142857142856,0.1586828389252159,0.3176203392713559,0.1523809523809524,0.09602582280126758,0.233274738748728,6.9012184873949565
WR,8,Germie Bernard,66.85714285714286,67.06484641638225,525,PIT,2,47,5.660352908288315,7.506793175186742,5.590932319927976,4.864879139744605,248.85660061224485,0.1488087926420584,11.171897023934571,0.0,12.486230944002598,0.07231198,1.0,0.0,0.44392548001679,60-80,105,0.22857142857142856,0.1586828389252159,0.3176203392713559,0.1523809523809524,0.09602582280126758,0.233274738748728,6.9012184873949565
WR,9,Elijah Sarratt,64.95238095238095,66.72354948805462,525,BAL,4,115,5.434221705682271,6.385772392957189,3.611845318627448,4.4148615984998765,225.367517687075,0.0,10.945765821328528,0.0,12.260099741396552,0.14666602,1.0,0.0,-1.6321828396915623,60-80,105,0.22857142857142856,0.1586828389252159,0.3176203392713559,0.1523809523809524,0.09602582280126758,0.233274738748728,6.9012184873949565
WR,10,Malachi Fields,64.95238095238095,66.38225255972696,525,NYG,3,74,5.4003923165516206,6.909673560507537,3.719831230992397,4.603855807197844,224.6238099319728,0.0,10.911936432197876,0.0,12.226270352265905,0.060176514,1.0,0.0,0.1342940741976583,60-80,105,0.22857142857142856,0.1586828389252159,0.3176203392713559,0.1523809523809524,0.09602582280126758,0.233274738748728,6.9012184873949565
WR,11,Antonio Williams,62.47619047619048,65.35836177474403,525,WAS,3,71,5.087450011129453,6.274023906479258,3.941547579031612,3.5887131643566943,200.6537298639457,0.0,10.598994126775713,0.0,11.913328046843736,0.092394084,1.0,0.0,0.4831385364879299,60-80,105,0.22857142857142856,0.1586828389252159,0.3176203392713559,0.1523809523809524,0.09602582280126758,0.233274738748728,6.9012184873949565
WR,12,Caleb Douglas,62.095238095238095,64.67576791808874,525,MIA,3,75,4.990803552546018,5.97755713235294,3.7011365551220505,3.914245279372696,185.38122707482975,0.0,10.502347668192275,0.0,11.816681588260302,0.06028268,1.0,0.0,-0.0462108524026243,60-80,105,0.22857142857142856,0.1586828389252159,0.3176203392713559,0.1523809523809524,0.09602582280126758,0.233274738748728,6.9012184873949565
WR,13,Ted Hurst,61.523809523809526,64.16382252559727,525,TAM,3,84,4.924652876150458,6.237727900243432,3.524682941426569,4.012779325064609,201.6118870748299,0.0,10.436196991796717,0.0,11.75053091186474,0.22577477,1.0,0.0,0.7126772734525373,60-80,105,0.22857142857142856,0.1586828389252159,0.3176203392713559,0.1523809523809524,0.09602582280126758,0.233274738748728,6.9012184873949565
WR,14,Chris Bell,59.80952380952381,63.13993174061433,525,MIA,3,94,4.660868620406493,6.0522407540516205,2.7161388510404167,3.642898405043424,187.98858380952385,0.0,10.172412736052747,0.0,11.486746656120776,0.0931194,1.0,0.0,-0.5265480721744158,40-60,105,0.09523809523809523,0.05255574298315682,0.1664928560819065,0.0380952380952381,0.014912218047781596,0.09388441853234952,3.4736726190476186
WR,15,Brenen Thompson,56.38095238095238,60.40955631399317,525,LAC,4,105,4.1361262229892,4.884127599539816,3.664851178471388,3.1920364978457343,148.71407510204088,0.0,9.647670338635455,0.0,10.962004258703482,0.030411761,1.0,0.0,-0.2158707821414269,40-60,105,0.09523809523809523,0.05255574298315682,0.1664928560819065,0.0380952380952381,0.014912218047781596,0.09388441853234952,3.4736726190476186
WR,16,Chris Brazzell II,56.19047619047619,60.23890784982935,525,CAR,3,83,4.119425413400209,5.489115824746568,2.862797503023939,3.526439603855763,160.44733455782313,0.0,9.630969529046466,0.0,10.94530344911449,0.18735808,1.0,0.0,0.0278125984344068,40-60,105,0.09523809523809523,0.05255574298315682,0.1664928560819065,0.0380952380952381,0.014912218047781596,0.09388441853234952,3.4736726190476186
WR,17,Ja'Kobi Lane,55.42857142857143,59.21501706484642,525,BAL,3,80,3.99235551770708,5.624541135954381,2.4443912339935987,3.52453856735919,179.61946938775506,0.0,9.503899633353337,0.0,10.818233553421363,0.062368352,1.0,0.0,-0.0172370930348382,40-60,105,0.09523809523809523,0.05255574298315682,0.1664928560819065,0.0380952380952381,0.014912218047781596,0.09388441853234952,3.4736726190476186
WR,18,Zachariah Branch,52.19047619047619,57.67918088737202,525,ATL,3,79,3.783675322378949,4.958572595788317,3.0464900070028,2.882454899489796,153.97059360544216,0.0,9.295219438025208,0.0,10.609553358093232,0.08371776,1.0,0.0,-0.475709279790637,40-60,105,0.09523809523809523,0.05255574298315682,0.1664928560819065,0.0380952380952381,0.014912218047781596,0.09388441853234952,3.4736726190476186
WR,19,Reggie Virgil,50.85714285714285,55.46075085324232,525,ARI,5,143,3.6164644365246073,4.660502699579833,2.278282651810725,2.604563144225037,140.1784993197279,0.0,9.128008552170863,0.0,10.44234247223889,0.025214892,1.0,0.0,-0.1653648159069014,40-60,105,0.09523809523809523,0.05255574298315682,0.1664928560819065,0.0380952380952381,0.014912218047781596,0.09388441853234952,3.4736726190476186
WR,20,Kendrick Law,42.85714285714285,51.70648464163823,525,DET,5,168,3.1763659176170465,3.673498373349341,2.1554453706482604,2.2811589362098585,103.9770228571428,0.0,8.687910033263304,0.0,10.002243953331329,0.017434176,1.0,0.0,-0.1726893166040595,40-60,105,0.09523809523809523,0.05255574298315682,0.1664928560819065,0.0380952380952381,0.014912218047781596,0.09388441853234952,3.4736726190476186
WR,21,Bryce Lance,40.76190476190476,51.19453924914675,525,NOR,4,136,3.0266134433773506,3.769381558252086,1.2889545766564208,2.5110261989493066,113.8382461904762,0.0,8.538157559023608,0.0,9.852491479091633,0.028879663,0.0,0.0,0.0640678415233724,40-60,105,0.09523809523809523,0.05255574298315682,0.1664928560819065,0.0380952380952381,0.014912218047781596,0.09388441853234952,3.4736726190476186
WR,22,Emmanuel Henderson Jr.,40.38095238095238,50.85324232081911,525,SEA,6,199,2.978181425320128,4.28804487995198,0.7437789184006941,2.2247371438024186,107.71493510204078,0.0,8.489725540966385,0.0,9.804059461034411,0.02259286,1.0,0.0,-0.7190690614345652,40-60,105,0.09523809523809523,0.05255574298315682,0.1664928560819065,0.0380952380952381,0.014912218047781596,0.09388441853234952,3.4736726190476186
WR,23,Kevin Coleman Jr.,39.80952380952381,50.68259385665529,525,MIA,5,177,2.955727631677674,3.5651409463785524,2.421771998716154,2.329124722831309,114.5204333106576,0.0,8.467271747323931,0.0,9.781605667391958,0.049215835,1.0,0.0,-0.6732539082216791,20-40,105,0.0380952380952381,0.014912218047781596,0.09388441853234952,0.009523809523809525,0.0016831259050527937,0.051987529432612214,2.096984943977591
WR,24,Kaden Wetjen,38.095238095238095,50.51194539249146,525,PIT,4,121,2.863327910164068,3.571478587935175,1.546522266906763,1.882973521156081,92.12906068027216,0.0,8.374872025810324,0.0,9.68920594587835,0.019906415,1.0,0.0,-0.7092706813543943,20-40,105,0.0380952380952381,0.014912218047781596,0.09388441853234952,0.009523809523809525,0.0016831259050527937,0.051987529432612214,2.096984943977591
WR,25,Skyler Bell,35.80952380952381,49.829351535836174,525,BUF,4,125,2.7760190681272534,3.7762825745298114,1.970723542416966,2.356127079356911,130.994548707483,0.0,8.28756318377351,0.0,9.601897103841535,0.018285329,1.0,0.0,-0.7622288549497824,20-40,105,0.0380952380952381,0.014912218047781596,0.09388441853234952,0.009523809523809525,0.0016831259050527937,0.051987529432612214,2.096984943977591
WR,26,Zavion Thomas,31.428571428571427,47.44027303754266,525,CHI,3,89,2.509102265906362,3.2939921983793523,3.1519645098039195,2.1148541756056844,99.94654340136064,0.0,8.02064638155262,0.0,9.334980301620645,0.09007556,1.0,0.0,0.0602638314048622,20-40,105,0.0380952380952381,0.014912218047781596,0.09388441853234952,0.009523809523809525,0.0016831259050527937,0.051987529432612214,2.096984943977591
WR,27,Cyrus Allen,26.857142857142858,44.88054607508533,525,KAN,5,176,2.215292807706416,2.6400122302254228,1.7840726895758297,1.7119561587760947,79.71678224489797,0.0,7.726836923352673,0.0,9.041170843420698,0.026656855,1.0,0.0,-0.4407430133115673,20-40,105,0.0380952380952381,0.014912218047781596,0.09388441853234952,0.009523809523809525,0.0016831259050527937,0.051987529432612214,2.096984943977591
WR,28,Colbie Young,25.71428571428571,44.36860068259386,525,CIN,4,140,2.1208277613545428,2.628672862144857,1.9958312222388976,1.9357705395076368,89.26428725623578,0.0,7.6323718770008,0.0,8.946705797068825,0.042990137,1.0,0.0,0.8763541990263155,20-40,105,0.0380952380952381,0.014912218047781596,0.09388441853234952,0.009523809523809525,0.0016831259050527937,0.051987529432612214,2.096984943977591
WR,29,Barion Brown,24.38095238095238,44.02730375426621,525,NOR,6,190,2.0607128615196078,2.64977295101374,0.7119087907663064,1.2868937240672922,71.8342224489796,0.0,7.572256977165864,0.0,8.88659089723389,0.04491124,1.0,0.0,-0.5498668034679923,20-40,105,0.0380952380952381,0.014912218047781596,0.09388441853234952,0.009523809523809525,0.0016831259050527937,0.051987529432612214,2.096984943977591
WR,30,Josh Cameron,14.857142857142858,39.419795221843,525,JAX,6,191,1.494856783338335,1.8067134768907565,0.753631047085501,1.051823049623478,54.81533687074828,0.0,7.006400898984592,0.0,8.320734819052618,0.030785572,1.0,0.0,-0.5644455116615248,0-20,105,0.0,0.0,0.035295328256842964,0.0,0.0,0.035295328256842964,1.97693837535014
WR,31,Lewis Bond,13.904761904761903,39.24914675767919,525,HOU,6,204,1.449890933248299,1.976193225540216,0.6507561815751941,1.0650674506485134,53.82268310451452,0.0,6.961435048894556,0.0,8.27576896896258,0.031808227,1.0,0.0,0.6540563257510579,0-20,105,0.0,0.0,0.035295328256842964,0.0,0.0,0.035295328256842964,1.97693837535014
WR,32,CJ Williams,11.047619047619047,37.37201365187713,525,JAX,6,203,1.3443847534013604,1.9164569567827137,0.4507056884612818,0.9298939730579312,47.06934027210888,0.0,6.8559288690476174,0.0,8.170262789115643,0.017984373,1.0,0.0,0.0785390544903936,0-20,105,0.0,0.0,0.035295328256842964,0.0,0.0,0.035295328256842964,1.97693837535014
WR,33,Anthony Smith,11.047619047619047,37.20136518771331,525,DAL,7,218,1.3357829581415892,1.8948214940976404,0.5842558047578008,1.0009021044397357,49.061489591836775,0.0,6.847327073787846,0.0,8.161660993855872,0.018219776,1.0,0.0,-0.119894095792012,0-20,105,0.0,0.0,0.035295328256842964,0.0,0.0,0.035295328256842964,1.97693837535014
WR,34,Deion Burks,10.095238095238097,37.03071672354949,525,IND,7,254,1.315204961484594,1.635273140256101,0.5116740771308522,0.8228839335278333,39.47945877551022,0.0,6.8267490771308506,0.0,8.141082997198877,0.01815544,1.0,0.0,-0.0554507865678362,0-20,105,0.0,0.0,0.035295328256842964,0.0,0.0,0.035295328256842964,1.97693837535014
WR,35,Malik Benson,8.571428571428571,36.86006825938566,525,LVR,6,195,1.274803914982659,1.971543994514473,0.5471754144157661,0.9468045282724192,46.95597249433105,0.0,6.786348030628916,0.0,8.100681950696941,0.026200498,1.0,0.0,-0.1747323631227724,0-20,105,0.0,0.0,0.035295328256842964,0.0,0.0,0.035295328256842964,1.97693837535014
WR,36,CJ Daniels,4.571428571428571,35.665529010238906,525,LAR,6,197,1.144071504976991,1.4549169817927174,0.8058703466386555,0.7940105997205004,40.91630993197275,0.0,6.655615620623248,0.0,7.969949540691274,0.03694013,1.0,0.0,-0.6986523478991673,0-20,105,0.0,0.0,0.035295328256842964,0.0,0.0,0.035295328256842964,1.97693837535014
TE,1,Kenyon Sadiq,96.1206896551724,87.77777777777777,232,NYJ,1,16,8.22883863853933,9.355852043984262,6.128904132046756,7.113293189361665,348.79931908123604,5.351154676549755,11.106522600528905,3.66885521411,12.78882206296866,0.366309,1.0,0.0,1.65484433274657,95-100,12,0.5833333333333334,0.3195073356553728,0.8067425380947535,0.16666666666666666,0.04696414761482223,0.44803635738467273,7.199571078431372
TE,2,Eli Stowers,86.63793103448276,78.51851851851852,232,PHI,2,54,6.314184573853434,7.316632146651197,3.973278074719396,5.2289982915576,260.8712150400393,3.43650061186386,9.191868535843009,1.7542011494241043,10.874167998282765,0.37128735,1.0,0.0,0.22123326052251,80-90,23,0.2608695652173913,0.1254844588924897,0.4647039054375056,0.17391304347826086,0.06978540350612772,0.37138054785295666,5.512531969309463
TE,3,Max Klare,82.75862068965517,74.44444444444444,232,LAR,2,61,5.466731235400921,6.366232789318522,3.4400902819274557,4.359518696805245,214.6371634035804,2.5890472734113468,8.344415197390497,0.9067478109715914,10.026714659830253,0.31992635,1.0,0.0,0.8305108951952169,80-90,23,0.2608695652173913,0.1254844588924897,0.4647039054375056,0.17391304347826086,0.06978540350612772,0.37138054785295666,5.512531969309463
TE,4,Marlin Klein,71.12068965517241,70.37037037037037,232,HOU,2,59,4.295241791700361,4.891489329081282,1.95950511314316,3.311541125532857,165.67010669172083,1.4175578297107867,7.172925753689936,0.0,8.855225216129691,0.2158792,1.0,0.0,0.526454058939323,60-80,46,0.1956521739130435,0.10650490444121799,0.331715377411692,0.06521739130434782,0.022427454466343574,0.17503009103781358,4.160362052429668
TE,5,Tanner Koziol,68.53448275862068,68.88888888888889,232,JAX,5,164,4.117402183331957,4.951220829952027,2.2353133410823545,3.3515603228390662,161.54959215387794,1.2397182213423823,6.995086145321531,0.0,8.677385607761288,0.095438324,1.0,0.0,-1.199730376059088,60-80,46,0.1956521739130435,0.10650490444121799,0.331715377411692,0.06521739130434782,0.022427454466343574,0.17503009103781358,4.160362052429668
TE,6,Sam Roush,68.10344827586206,68.51851851851852,232,CHI,3,69,4.044895445670111,5.173216983296812,2.137981258986112,2.971712974446771,145.2886674736375,1.1672114836805365,6.922579407659685,0.0,8.60487887009944,0.41642585,1.0,0.0,0.030760931185469,60-80,46,0.1956521739130435,0.10650490444121799,0.331715377411692,0.06521739130434782,0.022427454466343574,0.17503009103781358,4.160362052429668
TE,7,Eli Raridon,67.67241379310344,68.14814814814815,232,NWE,3,95,4.018446792915301,5.2060359640009874,1.875726974250074,3.174317158858666,153.04521195027198,1.140762830925727,6.896130754904876,0.0,8.578430217344632,0.16023512,1.0,0.0,0.1226880690624225,60-80,46,0.1956521739130435,0.10650490444121799,0.331715377411692,0.06521739130434782,0.022427454466343574,0.17503009103781358,4.160362052429668
TE,8,Nate Boerkircher,62.06896551724138,65.55555555555556,232,JAX,2,56,3.618462663819024,4.257253573911501,1.579129927314749,2.734348098030952,139.20422691023262,0.7407787018294498,6.496146625808599,0.0,8.178446088248354,0.21983121,1.0,0.0,1.2234354459581045,60-80,46,0.1956521739130435,0.10650490444121799,0.331715377411692,0.06521739130434782,0.022427454466343574,0.17503009103781358,4.160362052429668
TE,9,Oscar Delp,57.32758620689656,64.07407407407408,232,NOR,3,73,3.3962940802684702,4.090947007147846,1.487663867627471,2.3865939934550537,123.82767818213529,0.5186101182788958,6.273978042258045,0.0,7.9562775046978,0.13753626,1.0,0.0,0.6569710811174243,40-60,47,0.14893617021276595,0.07406626087497505,0.2768589657111277,0.0425531914893617,0.01174802937056972,0.1424878719385944,3.043687421777221
TE,10,Matthew Hibner,56.03448275862068,62.96296296296296,232,BAL,4,133,3.305785028753923,4.173544691830115,1.702493425382973,2.6836524521090617,130.22095166801455,0.4281010667643485,6.183468990743497,0.0,7.865768453183253,0.062425792,1.0,0.0,-0.6962461322034565,40-60,47,0.14893617021276595,0.07406626087497505,0.2768589657111277,0.0425531914893617,0.01174802937056972,0.1424878719385944,3.043687421777221
TE,11,Justin Joly,50.43103448275862,60.0,232,DEN,5,152,3.060623861970486,3.656893948089145,1.9263367115202723,2.325937121840892,114.85830151340724,0.1829398999809122,5.938307823960061,0.0,7.620607286399816,0.074612975,1.0,0.0,-0.4268310187993656,40-60,47,0.14893617021276595,0.07406626087497505,0.2768589657111277,0.0425531914893617,0.01174802937056972,0.1424878719385944,3.043687421777221
TE,12,Will Kacmarek,50.0,59.62962962962963,232,MIA,3,87,2.96991387449152,3.537463974958281,1.0844783535045714,2.2467032948360672,108.39586846042845,0.0922299125019456,5.847597836481095,0.0,7.52989729892085,0.0733389,1.0,0.0,0.7965486428209001,40-60,47,0.14893617021276595,0.07406626087497505,0.2768589657111277,0.0425531914893617,0.01174802937056972,0.1424878719385944,3.043687421777221
TE,13,Seydou Traore,45.25862068965517,56.2962962962963,232,MIA,5,180,2.6449425848422115,3.135145451185136,1.738419897650202,2.1867240172162696,102.60676145695572,0.0,5.522626546831786,0.0,7.204926009271541,0.060513556,1.0,0.0,-0.5093820355513365,40-60,47,0.14893617021276595,0.07406626087497505,0.2768589657111277,0.0425531914893617,0.01174802937056972,0.1424878719385944,3.043687421777221
TE,14,Bauer Sharp,41.37931034482759,56.2962962962963,232,TAM,6,185,2.55521642760659,2.8740689273996303,1.7144780951902905,1.972845576317242,97.17360087880374,0.0,5.432900389596164,0.0,7.11519985203592,0.08662432,1.0,0.0,-0.4969538071591479,40-60,47,0.14893617021276595,0.07406626087497505,0.2768589657111277,0.0425531914893617,0.01174802937056972,0.1424878719385944,3.043687421777221
TE,15,Josh Cuevas,33.62068965517241,50.74074074074074,232,BAL,5,173,2.106412673386953,2.7906949921915154,1.3900787043214724,1.7545898997030884,84.4162708535909,0.0,4.984096635376528,0.0,6.666396097816283,0.03382579,1.0,0.0,-0.137376147546786,20-40,46,0.06521739130434782,0.022427454466343574,0.17503009103781358,0.043478260869565216,0.012005193588830829,0.1453252291905342,2.17834878516624
TE,16,Joe Royer,30.603448275862068,49.25925925925926,232,CLE,5,170,1.8771893180701764,2.588047389444124,1.1856107198712813,1.5111457786758655,75.83756197025197,0.0,4.754873280059751,0.0,6.437172742499506,0.040831033,1.0,0.0,-1.0763893554954649,20-40,46,0.06521739130434782,0.022427454466343574,0.17503009103781358,0.043478260869565216,0.012005193588830829,0.1453252291905342,2.17834878516624
TE,17,Riley Nowakowski,27.58620689655172,46.2962962962963,232,PIT,5,169,1.707723329979137,2.359914103059639,1.2218360113328544,1.3675550837232986,65.65101511599511,0.0,4.585407291968711,0.0,6.267706754408467,0.030005852,1.0,0.0,-0.5078091347927085,20-40,46,0.06521739130434782,0.022427454466343574,0.17503009103781358,0.043478260869565216,0.012005193588830829,0.1453252291905342,2.17834878516624
TE,18,Max Bredeson,21.551724137931032,42.96296296296296,232,MIN,5,159,1.4130097379933917,1.7927526913807486,0.9092639505015284,1.1140502580393563,53.41253459524599,0.0,4.290693699982966,0.0,5.972993162422721,0.023827892,1.0,0.0,0.4438973772434922,20-40,46,0.06521739130434782,0.022427454466343574,0.17503009103781358,0.043478260869565216,0.012005193588830829,0.1453252291905342,2.17834878516624
TE,19,Carsen Ryan,10.344827586206897,31.48148148148148,232,CLE,7,248,0.6644573505958324,0.9987367621617405,0.2554063589596681,0.4366836692457119,20.98059924583353,0.0,3.542141312585407,0.0,5.224440775025162,0.026075944,1.0,0.0,-0.1910885974273419,0-20,46,0.0,0.0,0.07707617732978073,0.0,0.0,0.07707617732978073,0.6153053069053709
TE,20,Dallen Bentley,7.758620689655173,28.51851851851852,232,DEN,7,256,0.5346043039272815,0.7889794371431552,0.2536134024017533,0.382494717833666,19.25759215800073,0.0,3.412288265916856,0.0,5.094587728356611,0.03828563,1.0,0.0,-1.0257894489953543,0-20,46,0.0,0.0,0.07707617732978073,0.0,0.0,0.07707617732978073,0.6153053069053709
TE,21,Jaren Kanak,5.603448275862069,26.29629629629629,232,TEN,7,225,0.4774166286365944,0.5567632036176944,0.4513499078745717,0.3984170676475738,19.73205045652761,0.0,3.355100590626169,0.0,5.037400053065924,0.11505647,1.0,0.0,-0.8729500222114339,0-20,46,0.0,0.0,0.07707617732978073,0.0,0.0,0.07707617732978073,0.6153053069053709
TE,22,Jack Endries,1.293103448275862,23.33333333333333,232,CIN,7,221,0.3449504716239641,0.4666146717987898,0.2463024651527277,0.2887394079065101,14.469641863216149,0.0,3.222634433613538,0.0,4.9049338960532936,0.07243216,1.0,0.0,-0.7004920614455132,0-20,46,0.0,0.0,0.07707617732978073,0.0,0.0,0.07707617732978073,0.6153053069053709
