season,pfr_name,draft_pick,primary_ppg,position,prospect_model_score,training_rows_before_draft
2008,Matt Ryan,3,14.0125,QB,6.1542435424572375,38
2008,Joe Flacco,18,13.6875,QB,5.622114833390763,38
2008,Brian Brohm,56,0.048125,QB,2.1599756732837077,38
2008,Chad Henne,57,9.420000000000002,QB,2.2420838037755892,38
2008,Kevin O'Connell,94,0.009999999999999998,QB,3.175916931378236,38
2008,John David Booty,137,0.0,QB,1.6581430146742848,38
2008,Dennis Dixon,156,0.808125,QB,2.7330200240063225,38
2008,Josh Johnson,160,1.5168749999999998,QB,1.6406773535885093,38
2008,Erik Ainge,162,0.0,QB,1.233496471933295,38
2008,Colt Brennan,186,0.0,QB,2.8397196526406296,38
2008,Andre Woodson,198,0.0,QB,2.6319785781084,38
2008,Matt Flynn,209,0.8300000000000001,QB,1.7155607527557097,38
2008,Alex Brink,223,0.0,QB,1.2732613288617185,38
2009,Matthew Stafford,1,14.727500000000001,QB,8.242028228846484,51
2009,Mark Sanchez,5,13.73125,QB,8.110223125793208,51
2009,Josh Freeman,17,14.485000000000001,QB,8.164834102285484,51
2009,Pat White,44,0.25312500000000004,QB,2.4681475368053047,51
2009,Stephen McGee,101,1.21875,QB,1.7410146602617829,51
2009,Rhett Bomar,151,0.0,QB,1.6121954960039153,51
2009,Nate Davis,171,0.0,QB,0.6771910372347626,51
2009,Tom Brandstater,174,0.0,QB,1.567178921145737,51
2009,Mike Teel,178,0.0,QB,0.9958483994265607,51
2009,Keith Null,196,0.46625000000000005,QB,2.4317096258196864,51
2009,Curtis Painter,201,2.2606249999999997,QB,1.8525922442413538,51
2010,Sam Bradford,1,13.164375,QB,10.663765445872286,62
2010,Tim Tebow,25,9.313125000000001,QB,4.003663525623196,62
2010,Jimmy Clausen,48,1.813125,QB,2.3820672534035747,62
2010,Colt McCoy,85,7.87375,QB,1.467189321554379,62
2010,Mike Kafka,122,0.008749999999999999,QB,1.5054020978195477,62
2010,John Skelton,155,4.271875,QB,1.6843740025070228,62
2010,Jonathan Crompton,168,0.0,QB,1.0471797498415052,62
2010,Rusty Smith,176,0.0425,QB,0.6376555356259243,62
2010,Dan LeFevour,181,0.0,QB,0.9159576043391158,62
2010,Tony Pike,204,0.05875,QB,0.7651489179029661,62
2010,Levi Brown,209,0.0,QB,1.1034557303586348,62
2010,Sean Canfield,239,0.0,QB,1.0563975544468065,62
2010,Zac Robinson,250,0.0,QB,1.20505391676589,62
2011,Cam Newton,1,21.743750000000002,QB,10.785132008576232,75
2011,Jake Locker,8,7.246250000000001,QB,11.969005151038921,75
2011,Blaine Gabbert,10,6.57625,QB,11.505125172628446,75
2011,Christian Ponder,12,9.756874999999999,QB,11.544190858083864,75
2011,Andy Dalton,35,16.836875,QB,2.1246632603041826,75
2011,Colin Kaepernick,36,13.698124999999997,QB,2.228710789554467,75
2011,Ryan Mallett,74,0.0,QB,2.1698534733351558,75
2011,Ricky Stanzi,135,0.0,QB,0.9270417864650993,75
2011,T.J. Yates,152,1.4712500000000004,QB,1.2657549047363683,75
2011,Nathan Enderle,160,0.0,QB,1.5987964885320376,75
2011,Tyrod Taylor,180,0.766875,QB,0.8978418654343453,75
2011,Greg McElroy,208,0.36125,QB,1.0914634066134534,75
2012,Andrew Luck,1,20.134999999999998,QB,11.091120331375961,87
2012,Robert Griffin,2,16.57875,QB,11.333832112949544,87
2012,Ryan Tannehill,8,16.181874999999998,QB,12.395349035372655,87
2012,Brandon Weeden,22,7.976250000000001,QB,9.306352831129532,87
2012,Brock Osweiler,57,0.315,QB,2.264787810447311,87
2012,Russell Wilson,75,18.881875,QB,2.7349676068303674,87
2012,Nick Foles,88,11.845625,QB,2.3498993249930398,87
2012,Kirk Cousins,102,3.81125,QB,0.9972479665420954,87
2012,Ryan Lindley,185,1.1018750000000002,QB,0.6921382496763273,87
2012,B.J. Coleman,243,0.0,QB,2.039169876668266,87
2012,Chandler Harnish,253,0.0,QB,0.963646851378197,87
2013,EJ Manuel,16,6.0062500000000005,QB,12.318783345218316,98
2013,Geno Smith,39,10.798124999999999,QB,4.569434768005905,98
2013,Mike Glennon,73,7.7375,QB,4.1467944883306105,98
2013,Matt Barkley,98,0.05625,QB,2.095155637871923,98
2013,Ryan Nassib,110,0.275625,QB,1.4340134247553702,98
2013,Tyler Wilson,112,0.0,QB,1.3386159713276715,98
2013,Landry Jones,115,0.688125,QB,1.9861873149833495,98
2013,Brad Sorensen,221,0.0,QB,2.236917092246343,98
2013,Zac Dysert,234,0.0,QB,1.340119507150486,98
2013,B.J. Daniels,237,0.14625000000000002,QB,0.8734154244398656,98
2013,Sean Renfree,249,0.0,QB,1.9478954974183644,98
2014,Blake Bortles,3,18.350625,QB,12.868072597597553,109
2014,Johnny Manziel,22,3.340625,QB,10.177201293951155,109
2014,Teddy Bridgewater,32,11.878125,QB,10.019151896761967,109
2014,Derek Carr,36,16.8675,QB,8.920533224410294,109
2014,Jimmy Garoppolo,62,1.5050000000000001,QB,4.2172590396971525,109
2014,Logan Thomas,120,0.22625,QB,0.9292672378354515,109
2014,Tom Savage,135,0.56625,QB,0.3425022379660242,109
2014,Aaron Murray,163,0.0,QB,0.8207020153693183,109
2014,A.J. McCarron,164,1.7268750000000002,QB,0.7670699042334886,109
2014,Zach Mettenberger,178,3.5337500000000004,QB,1.4085510819766143,109
2014,David Fales,183,0.0275,QB,1.0103190404327131,109
2014,Keith Wenning,194,0.0,QB,0.41042838389455294,109
2014,Garrett Gilbert,214,0.0,QB,0.5978025697464607,109
2015,Jameis Winston,1,16.59625,QB,10.66995288944599,122
2015,Marcus Mariota,2,14.717500000000001,QB,13.746031261045001,122
2015,Garrett Grayson,75,0.0,QB,5.385957922471202,122
2015,Sean Mannion,89,0.20125,QB,4.535826020945793,122
2015,Bryce Petty,103,1.7974999999999999,QB,1.887741374379841,122
2015,Brett Hundley,147,3.88875,QB,1.375493874168083,122
2015,Trevor Siemian,250,9.932500000000001,QB,0.9524493306852001,122
2016,Jared Goff,1,17.674375,QB,13.557322396220405,129
2016,Carson Wentz,2,15.49125,QB,14.596803097150165,129
2016,Paxton Lynch,26,1.3493750000000002,QB,9.615693525833871,129
2016,Christian Hackenberg,51,0.0,QB,2.595504333931214,129
2016,Jacoby Brissett,91,7.319375000000001,QB,3.9931115931849415,129
2016,Cody Kessler,93,3.614375,QB,3.5716958960561334,129
2016,Connor Cook,100,0.1875,QB,2.379237338669965,129
2016,Dak Prescott,135,17.899375,QB,2.2594784812958233,129
2016,Cardale Jones,139,0.054375,QB,1.6682043799885495,129
2016,Kevin Hogan,162,1.57625,QB,2.0213319781600703,129
2016,Nate Sudfeld,187,0.38249999999999995,QB,0.7836198605775646,129
2016,Jake Rudock,191,0.0,QB,1.151782299494187,129
2016,Brandon Allen,201,0.0,QB,0.8324634126099156,129
2016,Jeff Driskel,207,2.66,QB,1.0403624822094701,129
2016,Brandon Doughty,223,0.0,QB,2.1116528171737228,129
2017,Mitch Trubisky,2,14.5575,QB,15.626610593823422,144
2017,Patrick Mahomes,10,22.003750000000004,QB,11.955229972888546,144
2017,Deshaun Watson,12,20.396250000000002,QB,10.809613475079859,144
2017,DeShone Kizer,52,5.6575,QB,2.7862870645173845,144
2017,Davis Webb,87,0.0,QB,3.8203144934660314,144
2017,C.J. Beathard,104,5.118125,QB,3.215885075927968,144
2017,Joshua Dobbs,135,0.025625000000000002,QB,2.087169617325266,144
2017,Nathan Peterman,171,0.6993750000000001,QB,0.7303254119236765,144
2017,Brad Kaaya,215,0.0,QB,1.1757481509173808,144
2017,Chad Kelly,253,0.0,QB,1.880337532543651,144
2018,Baker Mayfield,1,15.2725,QB,12.75726015734295,154
2018,Sam Darnold,3,11.164375,QB,11.576546846100447,154
2018,Josh Allen,7,21.394375000000004,QB,15.071535985368811,154
2018,Josh Rosen,10,4.090624999999999,QB,14.221865678057496,154
2018,Lamar Jackson,32,23.389374999999998,QB,9.910239779390412,154
2018,Mason Rudolph,76,3.97375,QB,2.1338808116533654,154
2018,Kyle Lauletta,108,0.0,QB,1.8855640121292778,154
2018,Mike White,171,0.0,QB,0.5766479421174061,154
2018,Luke Falk,199,0.27,QB,1.3271216224454203,154
2018,Tanner Lee,203,0.0,QB,0.7760292467281474,154
2018,Danny Etling,219,0.0,QB,0.8793980884513477,154
2018,Alex McGough,220,0.0,QB,0.8279884774452287,154
2018,Logan Woodside,249,0.04,QB,1.1624416956332333,154
2019,Kyler Murray,1,20.750625,QB,17.345372583380062,167
2019,Daniel Jones,6,12.343749999999998,QB,13.54849356069914,167
2019,Dwayne Haskins,15,4.5268749999999995,QB,9.839226741108918,167
2019,Drew Lock,42,7.79125,QB,3.042679075947283,167
2019,Will Grier,100,0.04125000000000001,QB,1.890333265481974,167
2019,Ryan Finley,104,1.369375,QB,1.0387921991714566,167
2019,Jarrett Stidham,133,0.404375,QB,3.8516635930217196,167
2019,Easton Stick,166,0.0,QB,1.447113587964734,167
2019,Clayton Thorson,167,0.0,QB,0.6745192727243025,167
2019,Gardner Minshew,178,12.184375000000003,QB,0.7287017071780739,167
2019,Trace McSorley,197,0.29374999999999996,QB,1.0104992723630546,167
2020,Joe Burrow,1,19.55705882352941,QB,15.893569007682084,178
2020,Tua Tagovailoa,5,12.112941176470589,QB,16.02324038314265,178
2020,Justin Herbert,6,21.600073529411766,QB,15.453865813222848,178
2020,Jordan Love,26,0.9658823529411765,QB,9.396919365647733,178
2020,Jalen Hurts,53,20.299999999999997,QB,6.2029971974949625,178
2020,Jacob Eason,122,0.010588235294117647,QB,0.8511888013529232,178
2020,James Morgan,125,0.0,QB,0.5684180606740734,178
2020,Jake Fromm,167,0.3205882352941177,QB,1.2391188649240645,178
2020,Jake Luton,189,0.8831249999999999,QB,0.5301240279480094,178
2020,Ben DiNucci,231,0.21750000000000003,QB,0.5706075587137323,178
2020,Tommy Stevens,240,0.075,QB,2.9171695366848356,178
2020,Nate Stanley,244,0.0,QB,0.6247711932944874,178
2021,Trevor Lawrence,1,16.416470588235295,QB,18.090596440819997,190
2021,Zach Wilson,2,7.9941176470588236,QB,15.089573318515932,190
2021,Trey Lance,3,2.2758823529411765,QB,15.884434907495958,190
2021,Justin Fields,11,15.475294117647058,QB,17.82503974269056,190
2021,Mac Jones,15,11.618235294117648,QB,13.103903277582459,190
2021,Kyle Trask,64,0.027058823529411767,QB,4.478410646513077,190
2021,Kellen Mond,66,0.0058823529411764705,QB,3.6453314588398245,190
2021,Davis Mills,67,9.95529411764706,QB,2.943938165003739,190
2021,Ian Book,133,0.058823529411764705,QB,0.8135793785712848,190
2021,Sam Ehlinger,218,1.0741176470588234,QB,0.8535529790363143,190
2022,Kenny Pickett,20,7.648823529411764,QB,10.5969981645527,200
2022,Desmond Ridder,74,6.3488235294117645,QB,4.469538658346083,200
2022,Malik Willis,86,2.0923529411764705,QB,5.109003667928539,200
2022,Matt Corral,94,0.0,QB,4.414914455253246,200
2022,Bailey Zappe,137,3.2005882352941177,QB,0.899077447369099,200
2022,Sam Howell,144,8.111764705882354,QB,2.1011797147809426,200
2022,Chris Oladokun,241,0.0,QB,4.432262742847757,200
2022,Skylar Thompson,247,0.7452941176470588,QB,1.1037732025598106,200
2022,Brock Purdy,262,16.542941176470592,QB,2.3599730563723154,200
2023,Bryce Young,1,12.148823529411766,QB,15.887818340371187,209
2023,C.J. Stroud,2,14.599999999999998,QB,15.948952835543665,209
2023,Anthony Richardson,4,6.94235294117647,QB,16.565322806629435,209
2023,Will Levis,33,6.528235294117646,QB,11.430089599371225,209
2023,Hendon Hooker,68,0.07882352941176471,QB,5.465732215754702,209
2007,Adrian Peterson,7,18.209375,RB,11.577407061048696,44
2007,Marshawn Lynch,12,13.372499999999999,RB,11.564200177362572,44
2007,Kenny Irons,49,0.0,RB,6.216578728425592,44
2007,Chris Henry,50,1.109375,RB,8.850243172976993,44
2007,Brian Leonard,52,4.3343750000000005,RB,7.855985713281171,44
2007,Brandon Jackson,63,4.690625,RB,7.802981681498915,44
2007,Lorenzo Booker,71,2.39375,RB,7.3016174453243226,44
2007,Tony Hunt,90,0.709375,RB,8.14903029207031,44
2007,Garrett Wolfe,93,1.575,RB,9.287128369758577,44
2007,Michael Bush,100,6.056875,RB,6.951799490248968,44
2007,Antonio Pittman,107,2.4625000000000004,RB,6.124081771544967,44
2007,Dwayne Wright,111,0.37812500000000004,RB,2.8956832127745322,44
2007,Le'Ron McClain,137,7.846875,RB,3.9993989427048957,44
2007,Kolby Smith,148,3.7718749999999996,RB,4.888256910444239,44
2007,Oren O'Neal,175,0.034375,RB,0.7304873544970416,44
2007,Reagan Maui'a,181,0.09375,RB,2.368657099183356,44
2007,Thomas Clayton,186,0.0,RB,1.9481824831178651,44
2007,Deon Anderson,195,0.640625,RB,1.4530205633063458,44
2007,Justise Hairston,208,0.0,RB,-2.23123131424774,44
2007,DeShawn Wynn,228,2.6125,RB,3.585642909509196,44
2007,Nate Ilaoa,236,0.0,RB,0.3196763128072422,44
2007,Jason Snelling,244,5.259375,RB,0.8987195789603233,44
2007,Kenneth Darby,246,2.8781250000000003,RB,1.5538892202061767,44
2007,Ahmad Bradshaw,250,6.69375,RB,3.572843288830199,44
2008,Darren McFadden,4,12.399999999999999,RB,11.885201209664686,68
2008,Jonathan Stewart,13,11.29375,RB,11.445164735964873,68
2008,Felix Jones,22,9.325,RB,10.762646761850842,68
2008,Rashard Mendenhall,23,13.903125,RB,10.2265706350252,68
2008,Chris Johnson,24,20.80625,RB,11.70432990309349,68
2008,Matt Forte,44,17.815625,RB,4.071243786693197,68
2008,Ray Rice,55,18.771875,RB,6.218400868545402,68
2008,Kevin Smith,64,12.271875000000001,RB,4.815368215615839,68
2008,Jacob Hester,69,2.784375,RB,2.62663915866853,68
2008,Jamaal Charles,73,16.13125,RB,4.91524357466836,68
2008,Steve Slaton,89,13.540624999999999,RB,4.550135946664845,68
2008,Tashard Choice,122,5.68125,RB,4.525799217019769,68
2008,Ryan Torain,139,4.7375,RB,5.377816419695273,68
2008,Jerome Felton,146,1.5593750000000002,RB,2.745626578877795,68
2008,Tim Hightower,149,11.296875,RB,3.1207380729287197,68
2008,Owen Schmitt,163,1.6468749999999999,RB,3.234042347388624,68
2008,Marcus Thomas,166,0.0,RB,1.8411459383501374,68
2008,Thomas Brown,172,0.0,RB,3.59378786126713,68
2008,Jalen Parmele,176,0.1375,RB,3.2007962777301486,68
2008,Xavier Omon,179,0.084375,RB,3.941521590773708,68
2008,Mike Hart,202,1.7625,RB,1.92272295320818,68
2008,Lex Hilliard,204,2.0,RB,2.7767596798646474,68
2008,Chauncey Washington,213,0.0875,RB,3.950264584569964,68
2008,Peyton Hillis,227,12.41,RB,0.1735147781254449,68
2008,Justin Forsett,233,9.003124999999999,RB,0.4713788144944968,68
2008,Cory Boyd,238,0.0,RB,0.8547712582658351,68
2008,Allen Patrick,240,0.0,RB,1.266901040808689,68
2009,Knowshon Moreno,12,12.065625,RB,11.204151949334543,95
2009,Donald Brown,27,6.915625,RB,11.015872850427993,95
2009,Beanie Wells,31,9.984375,RB,12.470954334090784,95
2009,LeSean McCoy,53,19.549999999999997,RB,7.111779766278959,95
2009,Shonn Greene,65,9.534375,RB,7.1486343172444755,95
2009,Glen Coffee,74,1.475,RB,6.801938103977689,95
2009,Mike Goodson,111,4.26875,RB,6.094382206143751,95
2009,Tony Fiammetta,128,0.559375,RB,3.6159795707310693,95
2009,Andre Brown,129,0.0,RB,5.884393316006605,95
2009,Gartrell Johnson,134,0.359375,RB,4.397591965598398,95
2009,Quinn Johnson,145,0.3625,RB,2.96596423468207,95
2009,Frank Summers,169,0.0,RB,2.9883651700895024,95
2009,Javon Ringer,173,3.6406249999999996,RB,4.078086280412984,95
2009,Cedric Peerman,185,0.115625,RB,4.355776428512063,95
2009,Aaron Brown,192,1.7125,RB,4.105304387067667,95
2009,James Davis,195,0.640625,RB,4.35658122864763,95
2009,Bernard Scott,209,3.9281250000000005,RB,3.300202740902571,95
2009,Chris Ogbonnaya,211,2.66875,RB,3.658485532826913,95
2009,Javarris Williams,212,0.01875,RB,3.129677399313084,95
2009,Fui Vakapuna,215,0.0,RB,2.1247793815678895,95
2009,Eddie Williams,221,0.09062500000000001,RB,3.6453560878135782,95
2009,LaRod Stephens-Howling,240,3.796875,RB,3.5700266867443102,95
2009,Rashad Jennings,250,5.328125,RB,1.2401870663204282,95
2010,C.J. Spiller,9,12.915625,RB,12.542396077413013,118
2010,Ryan Mathews,12,11.76875,RB,12.125026623360396,118
2010,Jahvid Best,30,9.678124999999998,RB,12.924873886000592,118
2010,Toby Gerhart,51,5.90625,RB,9.672279493150949,118
2010,Ben Tate,58,5.9,RB,7.434923778786464,118
2010,Montario Hardesty,59,2.796875,RB,7.010933016990143,118
2010,Joe McKnight,112,2.28125,RB,4.901191845055773,118
2010,John Conner,139,0.8312499999999999,RB,4.3045207562252505,118
2010,Anthony Dixon,173,2.003125,RB,2.6709345933516615,118
2010,Dennis Morris,174,0.0,RB,1.9586703186540233,118
2010,Deji Karim,180,1.84375,RB,2.6104804899317564,118
2010,Jonathan Dwyer,188,3.5250000000000004,RB,1.3144118580552555,118
2010,James Starks,193,4.71875,RB,2.259320323124161,118
2010,Charles Scott,200,0.0,RB,0.5425024614647174,118
2010,Ryan D'Imperio,237,0.084375,RB,1.8536033975667692,118
2011,Mark Ingram,28,6.371874999999999,RB,12.057847282037491,133
2011,Ryan Williams,38,0.74375,RB,7.644599779214349,133
2011,Shane Vereen,56,6.390625,RB,7.106918356690711,133
2011,Mikel Leshoure,57,5.753125000000001,RB,7.365532534404968,133
2011,Daniel Thomas,62,5.65625,RB,6.421962513437379,133
2011,DeMarco Murray,71,12.640625,RB,6.524864994715426,133
2011,Stevan Ridley,73,10.403125000000001,RB,5.957480380343153,133
2011,Alex Green,96,2.5999999999999996,RB,5.363371859357644,133
2011,Roy Helu,105,8.512500000000001,RB,4.3043466204000635,133
2011,Kendall Hunter,115,4.965624999999999,RB,5.141940914007826,133
2011,Delone Carter,119,2.59375,RB,2.4617326264724246,133
2011,Owen Marecic,124,0.278125,RB,4.312999088921042,133
2011,Taiwan Jones,125,0.675,RB,5.747940993649465,133
2011,Bilal Powell,126,7.4624999999999995,RB,4.2188973592915975,133
2011,Jamie Harper,130,1.2,RB,3.386494408186953,133
2011,Johnny White,133,0.24687500000000004,RB,4.14334646869011,133
2011,Anthony Sherman,136,1.665625,RB,0.5425383495874643,133
2011,Jacquizz Rodgers,145,8.834375,RB,4.200880098579073,133
2011,Dion Lewis,149,1.06875,RB,5.030568176637385,133
2011,Evan Royster,177,2.978125,RB,1.3268809962981312,133
2011,Jordan Todman,183,2.2187499999999996,RB,2.2084632508730357,133
2011,Allen Bradford,187,0.040625,RB,3.142649640422553,133
2011,Shaun Chapas,220,0.109375,RB,-0.4495780143214543,133
2011,Da'Rel Scott,221,1.16875,RB,0.7854236745071754,133
2011,Shane Bannon,223,0.0,RB,1.9312385723099939,133
2011,Anthony Allen,225,0.503125,RB,1.6063650215433316,133
2011,Baron Batch,232,0.5625,RB,1.0958362137303774,133
2011,Stanley Havili,240,1.78125,RB,2.336778298977911,133
2011,Jay Finley,246,0.0,RB,-0.38741964446876387,133
2012,Trent Richardson,3,12.4875,RB,13.142225890431082,162
2012,Doug Martin,31,12.262500000000001,RB,10.262962841412268,162
2012,David Wilson,32,3.01875,RB,9.3245341056003,162
2012,Isaiah Pead,50,1.028125,RB,9.430107213586357,162
2012,LaMichael James,61,0.871875,RB,8.624846766659678,162
2012,Ronnie Hillman,67,4.859375,RB,7.685748393339868,162
2012,Bernard Pierce,84,4.903124999999999,RB,5.7669265343675065,162
2012,Lamar Miller,97,10.915625000000002,RB,5.454487848952718,162
2012,Robert Turbin,106,4.628125,RB,4.582772501222275,162
2012,Rhett Ellison,128,2.028125,RB,2.960757547500235,162
2012,Bradie Ewing,157,0.153125,RB,1.747660014521677,162
2012,Chris Rainey,159,1.25625,RB,5.287587186301091,162
2012,Vick Ballard,170,4.325000000000001,RB,2.748676089834809,162
2012,Alfred Morris,173,13.746875,RB,1.6240306444666899,162
2012,Cyrus Gray,182,0.721875,RB,3.512532471721852,162
2012,Dan Herron,191,2.6687499999999997,RB,1.6319125814092101,162
2012,Terrance Ganaway,202,0.0,RB,1.4237736732494943,162
2012,Michael Smith,212,0.0,RB,0.3022321057755095,162
2012,Bryce Brown,229,4.8375,RB,2.1216937361172237,162
2012,Edwin Baker,250,1.34375,RB,1.7831608842986593,162
2012,Daryl Richardson,252,4.168749999999999,RB,1.3390385811166956,162
2013,Giovani Bernard,37,12.8375,RB,8.407982523180324,183
2013,Le'Veon Bell,48,18.35625,RB,7.5831536004133495,183
2013,Montee Ball,58,4.525,RB,7.133105831305537,183
2013,Eddie Lacy,61,16.096875,RB,6.8459611185179785,183
2013,Christine Michael,62,1.5187499999999998,RB,5.031182157831826,183
2013,Knile Davis,96,5.990625,RB,6.6575123249703605,183
2013,Johnathan Franklin,125,0.6781250000000001,RB,4.176709551049225,183
2013,Kyle Juszczyk,130,4.26875,RB,3.6351019642360187,183
2013,Marcus Lattimore,131,0.0,RB,4.103354169897195,183
2013,Stepfan Taylor,140,2.8843750000000004,RB,3.749718685312379,183
2013,Joseph Randle,151,4.021875,RB,3.290605158644685,183
2013,Chris Thompson,154,3.3906250000000004,RB,2.9626153343966135,183
2013,Zac Stacy,160,7.746875,RB,3.4775789219552657,183
2013,Mike Gillislee,164,1.6781249999999999,RB,3.420246736820717,183
2013,Latavius Murray,181,9.078125,RB,1.2776881846766228,183
2013,Kenjon Barner,182,0.78125,RB,2.6294466318695493,183
2013,Andre Ellington,187,10.712499999999999,RB,2.2478889778399487,183
2013,Mike James,189,1.6275000000000002,RB,3.0099763610405743,183
2013,Rex Burkhead,190,1.3875000000000002,RB,0.983530155675302,183
2013,Spencer Ware,194,2.61875,RB,3.438119807069395,183
2013,Theo Riddick,199,8.553125000000001,RB,2.766351876312531,183
2013,Tommy Bohanon,215,1.059375,RB,-0.2671001975523164,183
2013,Jawan Jamison,228,0.0,RB,2.747788264164104,183
2013,Kerwynn Williams,230,1.546875,RB,2.124395303313472,183
2013,Michael Cox,253,0.459375,RB,0.62699802944129,183
2014,Bishop Sankey,54,4.85625,RB,7.235467068802311,208
2014,Jeremy Hill,55,12.099999999999998,RB,6.968361991807653,208
2014,Carlos Hyde,57,8.54375,RB,6.613087285234911,208
2014,Charles Sims,69,7.746874999999999,RB,6.379061868193723,208
2014,Tre Mason,75,5.8374999999999995,RB,6.175353954719154,208
2014,Terrance West,94,8.865625,RB,6.638917443306077,208
2014,Jerick McKinnon,96,7.584375,RB,6.273646415379746,208
2014,Devonta Freeman,103,18.765625,RB,4.7525811778327665,208
2014,Andre Williams,113,5.640625,RB,4.2650576692475415,208
2014,Ka'Deem Carey,117,1.978125,RB,4.452941241950205,208
2014,De'Anthony Thomas,124,3.3843750000000004,RB,4.8843384046583465,208
2014,James White,130,8.884375,RB,3.382273159972484,208
2014,Lorenzo Taliaferro,138,2.7874999999999996,RB,3.805196218122692,208
2014,Alfred Blue,181,6.7125,RB,2.200779064773923,208
2014,Lache Seastrunk,186,0.0,RB,2.6677176563419924,208
2014,Marion Grice,201,0.625,RB,2.943168843350729,208
2014,Tyler Gaffney,204,0.0,RB,2.219948390280866,208
2014,Jay Prosch,211,0.20937499999999998,RB,1.1094782632154743,208
2014,Storm Johnson,222,0.6625,RB,1.3305798489227119,208
2014,Kiero Small,227,0.0,RB,1.5535708128962948,208
2014,Trey Millard,245,0.0,RB,1.5524856519849843,208
2015,Todd Gurley,10,18.490625,RB,10.80573281870046,229
2015,Melvin Gordon,15,16.834375,RB,9.818533607931583,229
2015,T.J. Yeldon,36,9.175,RB,7.082214491657174,229
2015,Ameer Abdullah,54,7.543749999999999,RB,5.612734705979642,229
2015,Tevin Coleman,73,11.212499999999999,RB,6.945401438623891,229
2015,Duke Johnson,77,11.887500000000001,RB,8.095136256015907,229
2015,David Johnson,86,19.549999999999997,RB,5.698153286196471,229
2015,Matt Jones,95,5.928125,RB,5.237359004534962,229
2015,Jeremy Langford,106,6.9,RB,5.032688638478872,229
2015,Jalston Fowler,108,0.909375,RB,2.041932958369018,229
2015,Javorius Allen,125,9.74375,RB,4.418106729435228,229
2015,Mike Davis,126,2.146875,RB,2.779032020341132,229
2015,David Cobb,138,0.66875,RB,3.3431784380716163,229
2015,Jay Ajayi,149,10.95,RB,2.543760622953318,229
2015,Karlos Williams,155,3.8843750000000004,RB,3.7797116975360843,229
2015,Michael Burton,168,0.61875,RB,1.8640302547799263,229
2015,Cameron Artis-Payne,174,1.9875,RB,2.4453377883680467,229
2015,Josh Robinson,205,0.35,RB,1.9383500168027976,229
2015,Aaron Ripkowski,206,1.8375000000000001,RB,1.7866221038562702,229
2015,Marcus Murphy,230,0.4,RB,1.5150667330525587,229
2015,Joey Iosefa,231,0.159375,RB,-0.1368102778456548,229
2015,Kenny Hilliard,235,0.0,RB,0.8971578893656709,229
2016,Ezekiel Elliott,4,20.453125,RB,13.960535427951239,251
2016,Derrick Henry,45,10.51125,RB,9.01865621329307,251
2016,Kenyan Drake,73,10.890625,RB,8.291310438464144,251
2016,C.J. Prosise,90,2.4375000000000004,RB,7.503813366405114,251
2016,Tyler Ervin,119,0.609375,RB,4.758664207039603,251
2016,Kenneth Dixon,134,4.8999999999999995,RB,4.1630660846225975,251
2016,Devontae Booker,136,7.315625,RB,4.285318451181567,251
2016,DeAndre Washington,143,5.31875,RB,3.556612976464443,251
2016,Paul Perkins,149,3.075,RB,4.755244280336553,251
2016,Jordan Howard,150,13.431250000000002,RB,4.604979650390341,251
2016,Wendell Smallwood,153,5.378125,RB,4.087770754546858,251
2016,Jonathan Williams,156,0.42187499999999994,RB,3.183305228926776,251
2016,Alex Collins,171,8.737499999999999,RB,3.1362454362054986,251
2016,Andy Janovich,176,1.3875,RB,1.0553010382522414,251
2016,Keenan Reynolds,182,0.0,RB,1.2491060827802207,251
2016,Dan Vitale,197,0.36250000000000004,RB,1.1840514103377584,251
2016,Derek Watt,198,0.6437499999999999,RB,0.16710876819247789,251
2016,Kelvin Taylor,211,0.0,RB,1.8611390684747247,251
2016,Darius Jackson,216,0.05,RB,1.989827299383925,251
2016,Dwayne Washington,236,2.0031250000000003,RB,0.9215312794440624,251
2016,Daniel Lasco,237,0.196875,RB,0.5770942301385333,251
2016,Keith Marshall,242,0.0,RB,1.1619242680082638,251
2016,Zac Brooks,247,0.0,RB,1.0053492113441471,251
2017,Leonard Fournette,4,15.299999999999999,RB,14.266220636692289,274
2017,Christian McCaffrey,8,26.771875,RB,13.14378403196567,274
2017,Dalvin Cook,41,13.887500000000003,RB,9.760927876365871,274
2017,Joe Mixon,48,14.649999999999999,RB,9.238830165492207,274
2017,Alvin Kamara,67,21.081249999999997,RB,7.709199774041477,274
2017,Kareem Hunt,86,16.41875,RB,7.24440634416539,274
2017,D'Onta Foreman,89,2.115625,RB,6.354158681754511,274
2017,James Conner,105,13.296875,RB,7.11878490278328,274
2017,Samaje Perine,114,3.6,RB,4.808552488004628,274
2017,Tarik Cohen,119,12.4325,RB,5.39517631578819,274
2017,Joe Williams,121,0.0,RB,4.539142201363833,274
2017,Donnel Pumphrey,132,0.0,RB,4.066852099644034,274
2017,Jamaal Williams,134,9.034375,RB,4.504910214864543,274
2017,Wayne Gallman,140,4.784375000000001,RB,4.182403502108411,274
2017,Marlon Mack,143,11.231250000000001,RB,4.774104532965915,274
2017,Brian Hill,156,2.5874999999999995,RB,4.06981299598515,274
2017,Jeremy McNichols,162,0.0125,RB,5.203316461015882,274
2017,T.J. Logan,179,0.475,RB,3.7902568812631037,274
2017,Aaron Jones,182,15.193749999999998,RB,3.7215775925161116,274
2017,Elijah McGuire,188,5.128125000000001,RB,2.3345760922641667,274
2017,Alex Armah,192,0.7718749999999999,RB,2.888722421958607,274
2017,De'Angelo Henderson,203,0.403125,RB,2.573012668865798,274
2017,Sam Rogers,206,0.0,RB,1.1566084051461196,274
2017,Brandon Wilson,207,0.1875,RB,0.6919685674989262,274
2017,Devante Mays,238,0.034375,RB,-0.07827010118109157,274
2017,Marquez Williams,240,0.0,RB,0.5993012977212298,274
2017,Khalfani Muhammad,241,0.0,RB,1.6598063807173453,274
2017,Elijah Hood,242,0.0,RB,1.3975338390573835,274
2017,Chris Carson,249,13.562499999999998,RB,1.8800014706980552,274
2017,Matthew Dayes,252,0.25625000000000003,RB,2.2716170269211,274
2018,Saquon Barkley,2,19.684375,RB,14.63031656827745,304
2018,Rashaad Penny,27,4.553125,RB,12.37880419319302,304
2018,Sony Michel,31,9.115625000000001,RB,8.851863775956964,304
2018,Nick Chubb,35,14.465625,RB,8.487616475537678,304
2018,Ronald Jones II,38,11.01875,RB,8.631700154056729,304
2018,Kerryon Johnson,43,7.0125,RB,8.338544829821059,304
2018,Derrius Guice,59,1.7937500000000002,RB,9.283894250655564,304
2018,Royce Freeman,71,7.609374999999999,RB,8.221470567215592,304
2018,Nyheim Hines,104,11.065624999999999,RB,4.5002072210567805,304
2018,Mark Walton,112,1.7031250000000002,RB,5.191880170281099,304
2018,Ito Smith,126,4.843750000000001,RB,4.866302810287665,304
2018,Kalen Ballage,131,4.553125,RB,4.581213460243274,304
2018,Chase Edmonds,134,7.8375,RB,4.797050958634525,304
2018,Jordan Wilkins,169,3.79375,RB,1.9807936539593798,304
2018,John Kelly,176,0.40625000000000006,RB,2.7005872532694934,304
2018,Boston Scott,201,6.078125,RB,1.743779570403032,304
2018,Trenton Cannon,204,1.76875,RB,2.511168986852743,304
2018,Bo Scarbrough,236,1.4468750000000001,RB,2.829935587557939,304
2018,Nick Bawden,237,0.178125,RB,-0.3213259246178959,304
2018,Justin Jackson,251,3.95,RB,1.5490981890867912,304
2019,Josh Jacobs,24,13.875183823529415,RB,10.710507668064864,324
2019,Miles Sanders,53,12.159375,RB,8.519976309786552,324
2019,Darrell Henderson,70,8.877757352941178,RB,9.266629006343365,324
2019,David Montgomery,73,14.010294117647057,RB,8.072012111965794,324
2019,Devin Singletary,74,10.439522058823531,RB,7.258778765425686,324
2019,Damien Harris,87,9.032536764705883,RB,7.080898654982089,324
2019,Alexander Mattison,102,6.418566176470589,RB,6.8759236512390505,324
2019,Bryce Love,112,0.0,RB,3.837375541607217,324
2019,Justice Hill,113,1.953125,RB,5.4944077544000995,324
2019,Benny Snell Jr.,122,4.1499999999999995,RB,5.736236362140995,324
2019,Tony Pollard,128,8.55735294117647,RB,5.754544624563679,324
2019,Ryquell Armstead,140,1.9705882352941178,RB,3.740047942579305,324
2019,Qadree Ollison,152,1.5387867647058824,RB,2.5664031762396604,324
2019,Jordan Scarlett,154,0.028125,RB,3.456508669853216,324
2019,Trayveon Williams,182,0.8693014705882354,RB,3.1066510423918645,324
2019,Ty Johnson,186,3.3957720588235296,RB,2.663078275499878,324
2019,Dexter Williams,194,0.059375000000000004,RB,2.521867993982126,324
2019,Travis Homer,204,2.8426470588235295,RB,3.5886266558420443,324
2019,Rodney Anderson,211,0.0,RB,1.4943766641610758,324
2019,Darwin Thompson,214,2.0406250000000004,RB,2.208260314562623,324
2019,Mike Weber,218,0.0,RB,2.792214905935625,324
2019,Cullen Gillaspia,220,0.05,RB,2.0919668320564777,324
2019,Kerrith Whyte Jr.,222,0.440625,RB,1.7233821956594473,324
2019,Chandler Cox,233,0.09062500000000001,RB,1.0737436331372856,324
2019,Myles Gaskin,234,10.237132352941176,RB,1.8370421390446343,324
2020,Clyde Edwards-Helaire,32,8.958823529411765,RB,9.864596250472566,349
2020,D'Andre Swift,35,12.075367647058822,RB,10.294380130144738,349
2020,Jonathan Taylor,41,18.873529411764707,RB,10.697720897976433,349
2020,Cam Akers,52,7.337132352941177,RB,9.335432989713858,349
2020,J.K. Dobbins,55,7.6538602941176475,RB,8.620097082036878,349
2020,AJ Dillon,62,10.388235294117647,RB,8.777264275309498,349
2020,Antonio Gibson,66,13.056985294117649,RB,8.008758346177409,349
2020,Ke'Shawn Vaughn,76,1.8045955882352942,RB,8.22565422118079,349
2020,Zack Moss,86,6.269117647058824,RB,7.531484120494651,349
2020,Darrynton Evans,93,0.8178308823529412,RB,7.342868413822418,349
2020,Joshua Kelley,112,4.4433823529411764,RB,5.827570087818824,349
2020,La'Mical Perine,120,1.731801470588235,RB,4.330719305052361,349
2020,Anthony McFarland Jr.,124,0.8887867647058824,RB,5.528960950838416,349
2020,DeeJay Dallas,144,3.5457720588235295,RB,3.7535784319774153,349
2020,Jason Huntley,172,0.240625,RB,3.890098355193084,349
2020,Eno Benjamin,222,3.458823529411765,RB,1.6247953503391843,349
2020,Raymond Calais,245,0.0,RB,1.4868982623746607,349
2020,Malcolm Perry,246,0.771875,RB,3.5661716527372653,349
2021,Najee Harris,24,15.47529411764706,RB,10.653913096701487,367
2021,Travis Etienne,25,14.338235294117649,RB,12.527845896873579,367
2021,Javonte Williams,35,11.297058823529412,RB,10.045983908463725,367
2021,Trey Sermon,88,1.4294117647058824,RB,8.116502099831914,367
2021,Michael Carter,107,8.247058823529413,RB,5.10990419901808,367
2021,Kene Nwangwu,119,1.0147058823529411,RB,3.8565171566722234,367
2021,Rhamondre Stevenson,120,11.611764705882354,RB,4.233139583147931,367
2021,Chuba Hubbard,126,9.41470588235294,RB,3.9784230660277187,367
2021,Kenneth Gainwell,150,6.4935294117647056,RB,4.0890995924263915,367
2021,Ben Mason,184,0.0,RB,-1.4120536001981376,367
2021,Elijah Mitchell,194,6.25,RB,2.889281425043116,367
2021,Gary Brightwell,196,1.1941176470588233,RB,1.21924527468586,367
2021,Larry Rountree III,198,0.6147058823529412,RB,2.815986851142422,367
2021,Chris Evans,202,1.8411764705882352,RB,2.544132889891503,367
2021,Demetric Felton,211,1.5558823529411767,RB,1.5778617277425628,367
2021,Khalil Herbert,217,6.773529411764706,RB,2.827274816153821,367
2021,Jake Funk,233,0.10882352941176471,RB,1.929609394057049,367
2021,Gerrid Doaks,244,0.0,RB,1.4673811917996096,367
2021,Kylin Hill,256,0.13529411764705884,RB,0.5986233304660655,367
2021,Jermar Jefferson,257,0.7558823529411764,RB,1.587578295356558,367
2022,Breece Hall,36,15.629411764705884,RB,10.712754150607429,387
2022,Kenneth Walker,41,11.820588235294117,RB,9.892203522568158,387
2022,James Cook,63,14.688235294117648,RB,8.587204809061195,387
2022,Rachaad White,91,13.75,RB,9.106175631241918,387
2022,Tyrion Davis-Price,93,0.3529411764705882,RB,7.373763613638733,387
2022,Brian Robinson,98,10.526470588235293,RB,7.149526323989057,387
2022,Dameon Pierce,107,7.326470588235294,RB,4.826683793326708,387
2022,Zamir White,122,3.035294117647059,RB,5.4131315501863675,387
2022,Isaiah Spiller,123,0.8058823529411765,RB,4.9632962214518095,387
2022,Pierre Strong,127,2.2941176470588234,RB,5.204718190296043,387
2022,Hassan Haskins,131,1.7294117647058824,RB,3.619352149154369,387
2022,Tyler Allgeier,151,8.73529411764706,RB,4.598804539583558,387
2022,Snoop Conner,154,0.3,RB,3.969707850481349,387
2022,Jerome Ford,156,10.152941176470588,RB,3.943013980383895,387
2022,Kyren Williams,164,15.50294117647059,RB,4.061998693443465,387
2022,Ty Chandler,169,3.8058823529411763,RB,3.755254961792928,387
2022,Kevin Harris,183,0.9558823529411765,RB,2.4459365764038745,387
2022,Tyler Badie,196,0.5529411764705883,RB,3.1799887177321997,387
2022,Keaontay Ingram,201,0.9441176470588233,RB,2.8237102903660367,387
2022,Trestan Ebner,203,0.18235294117647058,RB,2.1001910174043132,387
2022,Brittain Brown,250,0.0,RB,-0.8848348975545766,387
2022,Isaih Pacheco,251,10.261764705882353,RB,2.232427721250592,387
2022,Zander Horvath,260,0.0,RB,-1.4765322484899377,387
2023,Bijan Robinson,8,20.955882352941174,RB,14.165526669413051,410
2023,Jahmyr Gibbs,12,21.46470588235294,RB,12.711286555368599,410
2023,Zach Charbonnet,52,10.83235294117647,RB,8.886170077439033,410
2023,Kendre Miller,71,2.2529411764705882,RB,6.782207011235595,410
2023,Tyjae Spears,81,7.86470588235294,RB,7.448076824459596,410
2023,Devon Achane,84,18.314705882352943,RB,8.201516274430496,410
2023,Tank Bigsby,88,5.376470588235294,RB,7.659102548314932,410
2007,Calvin Johnson,2,14.990625000000001,WR,9.273544349489764,61
2007,Ted Ginn,9,8.515625,WR,7.509706675170036,61
2007,Dwayne Bowe,23,13.428125000000001,WR,7.7363838605441835,61
2007,Robert Meachem,27,7.634375,WR,7.835107359693843,61
2007,Craig Davis,30,1.7906250000000001,WR,6.651043548044192,61
2007,Anthony Gonzalez,32,8.125,WR,6.777530170068006,61
2007,Sidney Rice,44,11.23625,WR,6.405140858843532,61
2007,Dwayne Jarrett,45,2.015625,WR,5.373692695578229,61
2007,Steve Smith,51,12.23125,WR,4.909812593537416,61
2007,Jacoby Jones,73,4.459375,WR,4.416866415816328,61
2007,Yamon Figurs,74,0.86875,WR,2.3362389477040804,61
2007,Laurent Robinson,75,3.7624999999999993,WR,3.942050765306127,61
2007,Jason Hill,76,3.29375,WR,2.845306811224492,61
2007,James Jones,78,7.143750000000001,WR,2.963992457482995,61
2007,Mike Sims-Walker,79,7.1125,WR,4.130464961734697,61
2007,Paul Williams,80,0.053125,WR,2.1176319727891157,61
2007,Johnnie Lee Higgins,99,4.73125,WR,2.8048033163265305,61
2007,Ryne Robinson,118,0.234375,WR,3.5615557610544233,61
2007,Chris Davis,128,0.43124999999999997,WR,1.2997896471088446,61
2007,Steve Breaston,142,10.771875000000001,WR,1.7924689838435377,61
2007,Aundrae Allison,146,1.39375,WR,2.187266687925171,61
2007,David Clowney,157,1.3375000000000001,WR,0.7787202806122445,61
2007,Roy Hall,169,0.059375,WR,2.4397484800170064,61
2007,Legedu Naanee,172,2.4418750000000005,WR,1.915136160714285,61
2007,Joel Filani,188,0.0,WR,2.526100637755104,61
2007,Courtney Taylor,197,0.8624999999999999,WR,0.7282509672619044,61
2007,Jordan Kent,210,0.046875,WR,3.461620291241498,61
2007,Dallas Baker,227,0.05,WR,2.7304614370748292,61
2007,John Broussard,229,0.70625,WR,1.8792199723639442,61
2007,Chandler Williams,233,0.0,WR,0.7300135204081634,61
2007,Syndric Steptoe,234,1.1,WR,0.8768430059523813,61
2007,Chansi Stuckey,235,5.012499999999999,WR,1.4883272959183669,61
2007,Derek Stanley,249,0.6375000000000001,WR,1.1760314200680264,61
2007,Jonathan Holland,254,0.0,WR,2.0938475977891158,61
2008,Donnie Avery,33,9.037500000000001,WR,8.102046738945567,95
2008,Devin Thomas,34,3.5500000000000007,WR,7.074534965986391,95
2008,Jordy Nelson,36,6.0874999999999995,WR,9.260577959183664,95
2008,James Hardy,41,0.9874999999999998,WR,10.387676198979586,95
2008,Eddie Royal,42,11.678125000000001,WR,3.756385280612244,95
2008,Jerome Simpson,46,1.971875,WR,6.266576092687077,95
2008,DeSean Jackson,49,14.7625,WR,7.121062240646257,95
2008,Malcolm Kelly,51,2.015625,WR,8.573596675170062,95
2008,Limas Sweed,53,0.434375,WR,5.497481254251701,95
2008,Dexter Jackson,58,0.0,WR,5.390123307823135,95
2008,Earl Bennett,70,8.334375,WR,6.206547967687075,95
2008,Early Doucet,81,3.3125,WR,2.6237045790816325,95
2008,Harry Douglas,84,4.275,WR,3.985685114795914,95
2008,Mario Manningham,95,11.68125,WR,3.8601531547619023,95
2008,Andre Caldwell,97,5.4281250000000005,WR,2.8599823554421766,95
2008,Will Franklin,105,0.478125,WR,2.976894198554422,95
2008,Marcus Smith,106,0.0,WR,2.9199662117346934,95
2008,Arman Shields,125,0.0,WR,2.7445315263605443,95
2008,Lavelle Hawkins,126,0.99375,WR,4.152043652210885,95
2008,Keenan Burton,128,2.728125,WR,3.4322028188775526,95
2008,Kenny Moore,136,0.37187499999999996,WR,1.8987777742346943,95
2008,Matt Slater,153,0.01875,WR,2.4872720578231275,95
2008,Marcus Henry,171,0.0,WR,3.1531295748299284,95
2008,Josh Morgan,174,7.946875,WR,1.3175526147959187,95
2008,Kevin Robinson,182,0.0,WR,1.3683505654761896,95
2008,Paul Hubbard,191,0.05625,WR,1.8050741113945576,95
2008,Jaymar Johnson,193,0.059375,WR,1.597332920918367,95
2008,Pierre Garcon,205,10.396875000000001,WR,1.2682358503401359,95
2008,Justin Harper,215,0.0,WR,1.9398615284863954,95
2008,Brett Swain,217,0.41250000000000003,WR,1.8636582142857132,95
2008,Steve Johnson,224,8.753124999999999,WR,3.348135994897957,95
2008,Chaz Schilens,226,3.9656249999999997,WR,2.551285982142857,95
2008,Adrian Arrington,237,0.465625,WR,2.280888903061226,95
2008,Mario Urrutia,246,0.0,WR,3.416369264455784,95
2008,Marcus Monk,248,0.0,WR,2.9751307185374154,95
2009,Darrius Heyward-Bey,7,7.965625,WR,6.836400471938773,130
2009,Michael Crabtree,10,10.971875,WR,9.784168299319726,130
2009,Jeremy Maclin,19,12.65625,WR,10.214524982993197,130
2009,Percy Harvin,22,15.021875000000001,WR,7.755936696428563,130
2009,Hakeem Nicks,29,15.231250000000001,WR,10.308579158163266,130
2009,Kenny Britt,30,9.425,WR,8.176844523809523,130
2009,Brian Robiskie,36,2.9875,WR,5.2943650977891155,130
2009,Mohamed Massaquoi,50,6.601875,WR,5.006907553146259,130
2009,Derrick Williams,82,0.55,WR,4.54279018282313,130
2009,Brandon Tate,83,3.35625,WR,3.4140855909863923,130
2009,Mike Wallace,84,15.393749999999999,WR,4.831555146683671,130
2009,Ramses Barden,85,0.9312499999999999,WR,4.811852045068028,130
2009,Patrick Turner,87,0.8812500000000001,WR,4.992470888605438,130
2009,Deon Butler,91,4.112500000000001,WR,5.457716377551019,130
2009,Juaquin Iglesias,99,0.0,WR,5.110780414540811,130
2009,Mike Thomas,107,9.2875,WR,2.9412268409863955,130
2009,Brian Hartline,108,6.865625,WR,1.306781332199546,130
2009,Louis Murphy,124,7.168749999999999,WR,1.532545233843537,130
2009,Austin Collie,127,10.5125,WR,3.159996696428572,130
2009,Johnny Knox,140,9.653125,WR,0.8658465525793648,130
2009,Kenny McKinley,141,0.0,WR,1.9189631930272113,130
2009,Jarett Dillard,144,2.5250000000000004,WR,3.406962572278912,130
2009,Brooks Foster,160,0.0,WR,1.9250404166666661,130
2009,Quinten Lawrence,175,0.190625,WR,1.0188455683106576,130
2009,Brandon Gibson,194,6.765625,WR,1.443909230442176,130
2009,Dominique Edison,206,0.0,WR,2.344511114654193,130
2009,Demetrius Byrd,224,0.0,WR,0.7236585161564624,130
2009,Manuel Johnson,229,0.05,WR,1.0293482142857149,130
2009,Julian Edelman,232,3.2,WR,0.6029042346938772,130
2009,Sammie Stroughter,233,3.890625,WR,1.380036969954648,130
2009,Marko Mitchell,243,0.22500000000000003,WR,2.231167437641725,130
2009,Derek Kinder,251,0.0,WR,0.7892792134353738,130
2009,Freddie Brown,252,0.0,WR,1.431250714285714,130
2009,Tiquan Underwood,253,0.7843749999999999,WR,1.060208014455782,130
2010,Demaryius Thomas,22,12.65625,WR,10.196826454081636,164
2010,Dez Bryant,24,15.840625,WR,11.969761135204065,164
2010,Dexter McCluster,36,7.70625,WR,4.458722471655328,164
2010,Arrelious Benn,39,5.356250000000001,WR,4.955687476615645,164
2010,Golden Tate,60,7.978749999999999,WR,6.360430204081633,164
2010,Damian Williams,77,6.14375,WR,6.219664175170066,164
2010,Brandon LaFell,78,7.953125,WR,5.978497576530613,164
2010,Emmanuel Sanders,82,5.89375,WR,6.493165909863943,164
2010,Jordan Shipley,84,5.73125,WR,5.472549832766442,164
2010,Eric Decker,87,13.334375,WR,6.612893256802722,164
2010,Andre Roberts,88,9.284374999999999,WR,2.7930784110234996,164
2010,Armanti Edwards,89,0.5637500000000001,WR,2.658604286873841,164
2010,Taylor Price,90,0.40625,WR,3.4881931505102064,164
2010,Mardy Gilyard,99,0.49374999999999997,WR,1.9621469604849506,164
2010,Mike Williams,101,13.785,WR,4.793883371598637,164
2010,Marcus Easley,107,0.0,WR,5.959713528911564,164
2010,Jacoby Ford,108,5.921874999999999,WR,3.0582208588435384,164
2010,David Reed,156,0.596875,WR,3.1007678628117907,164
2010,Riley Cooper,159,3.7281249999999995,WR,2.7763763732993207,164
2010,Kerry Meier,165,0.0,WR,2.7525698341836735,164
2010,Carlton Mitchell,177,0.21875,WR,1.942727653061224,164
2010,Dezmon Briscoe,191,4.09375,WR,2.6847242368197275,164
2010,Antonio Brown,195,11.71875,WR,2.5772160983560095,164
2010,Trindon Holliday,197,0.490625,WR,1.5936426530612247,164
2010,David Gettis,198,3.3125,WR,2.612627659438775,164
2010,Joe Webb,199,2.7318749999999996,WR,1.2363627891156461,164
2010,Kyle Williams,206,3.39375,WR,1.9036556526360544,164
2010,Terrence Austin,219,0.98125,WR,1.415184508219955,164
2010,Marc Mariani,222,0.80625,WR,1.314116005269532,164
2010,Dorin Dickerson,227,0.559375,WR,1.7942250871598653,164
2010,Tim Toone,255,0.0,WR,1.3176061590393728,164
2011,A.J. Green,4,18.95,WR,12.549884770408173,195
2011,Julio Jones,6,14.478125,WR,10.535928201530622,195
2011,Jonathan Baldwin,26,3.465625,WR,9.67432737670068,195
2011,Titus Young,44,7.750000000000001,WR,5.6689142761801685,195
2011,Torrey Smith,58,12.1,WR,6.050343711734693,195
2011,Greg Little,59,9.01875,WR,4.7838169727891175,195
2011,Randall Cobb,64,10.896874999999998,WR,6.57653272959184,195
2011,Austin Pettis,78,5.6875,WR,3.755356052295919,195
2011,Leonard Hankerson,79,6.134375,WR,5.920110894982995,195
2011,Vincent Brown,82,4.940625,WR,8.888560858843537,195
2011,Jerrel Jernigan,83,2.8562499999999997,WR,7.917465369897961,195
2011,Kris Durham,107,3.859375,WR,3.4547284651360575,195
2011,Clyde Gates,111,1.99375,WR,1.5438423022959191,195
2011,Greg Salas,112,2.390625,WR,7.395342801870747,195
2011,Cecil Shorts,114,11.068750000000001,WR,1.7316444472789123,195
2011,Tandon Doss,123,2.525,WR,3.7375027338435394,195
2011,Kealoha Pilares,132,0.621875,WR,4.296184347363944,195
2011,Denarius Moore,148,9.753124999999999,WR,3.309440340136056,195
2011,Jeremy Kerley,153,8.486875,WR,1.6743143601190469,195
2011,Niles Paul,155,1.19375,WR,2.0687184034863932,195
2011,Ryan Whalen,167,0.59375,WR,0.9599227083333334,195
2011,Dwayne Harris,176,2.7750000000000004,WR,3.609144113520408,195
2011,Aldrick Robinson,178,3.7562499999999996,WR,3.3560773703231317,195
2011,Ronald Johnson,182,0.0,WR,2.342673446003401,195
2011,Scotty McKnight,227,0.0,WR,2.713823216411566,195
2011,Stephen Burton,236,0.9125,WR,4.4143623852040825,195
2011,David Ausberry,241,0.60625,WR,1.136680025510203,195
2011,DeMarco Sampson,249,0.20625,WR,2.0038815603741496,195
2012,Justin Blackmon,5,8.162500000000001,WR,13.741077380952387,223
2012,Michael Floyd,13,11.3875,WR,13.414915352891159,223
2012,Kendall Wright,20,11.931250000000002,WR,13.574447657312923,223
2012,A.J. Jenkins,30,1.240625,WR,11.02805127551021,223
2012,Brian Quick,33,4.396875,WR,4.545748754251703,223
2012,Stephen Hill,43,3.95,WR,7.2104130824829955,223
2012,Alshon Jeffery,45,17.0375,WR,6.59100051445578,223
2012,Ryan Broyles,54,2.546875,WR,7.48496384141157,223
2012,Rueben Randle,63,10.028125000000001,WR,6.4227870110544245,223
2012,DeVier Posey,68,1.590625,WR,5.4420960119047646,223
2012,T.J. Graham,69,4.38125,WR,4.381228607568025,223
2012,Mohamed Sanu,83,8.88625,WR,8.076305850340132,223
2012,T.Y. Hilton,92,14.98125,WR,6.556635488945578,223
2012,Chris Givens,96,6.9593750000000005,WR,5.565000494614515,223
2012,Travis Benjamin,100,4.340624999999999,WR,3.9975092134353734,223
2012,Joe Adams,104,0.09375,WR,3.8616052976190494,223
2012,Devon Wylie,107,0.35312499999999997,WR,2.940921447704084,223
2012,Jarius Wright,118,6.4781249999999995,WR,4.264665886479594,223
2012,Keshawn Martin,121,2.9718750000000003,WR,3.8712357482993203,223
2012,Nick Toon,122,1.678125,WR,3.8602204216269795,223
2012,Greg Childs,134,0.0,WR,3.4343006335034,223
2012,Danny Coale,152,0.0,WR,3.336950525085034,223
2012,Marvin Jones,166,7.421875,WR,2.3192803422619015,223
2012,Juron Criner,168,1.415625,WR,3.791000469812926,223
2012,B.J. Cunningham,183,0.0,WR,2.9300081037414953,223
2012,Marvin McNutt,194,0.0,WR,3.0702110565476186,223
2012,Tommy Streeter,198,0.0,WR,3.489716150085032,223
2012,LaVon Brazill,206,2.3656249999999996,WR,2.067403647959183,223
2012,Rishard Matthews,227,4.2375,WR,3.3153386798469366,223
2012,Toney Clemons,231,0.22187500000000002,WR,1.1962387670068033,223
2012,Jeremy Ebert,235,0.15,WR,1.6506999255952366,223
2012,Junior Hemingway,238,1.884375,WR,1.4335531717687082,223
2012,Jordan White,244,0.071875,WR,3.3382078103741497,223
2013,Tavon Austin,8,10.3625,WR,11.028515131802731,256
2013,DeAndre Hopkins,27,17.565625,WR,12.686231938775522,256
2013,Cordarrelle Patterson,29,8.024999999999999,WR,8.630190590986388,256
2013,Justin Hunter,34,5.4125,WR,6.203497448979595,256
2013,Robert Woods,41,8.9125,WR,7.34036399659864,256
2013,Aaron Dobson,59,4.375,WR,5.626489383503403,256
2013,Terrance Williams,74,9.4375,WR,6.4600324787415,256
2013,Keenan Allen,76,12.465625,WR,8.837847066326534,256
2013,Marquise Goodwin,78,2.1437500000000003,WR,3.1346394897959176,256
2013,Markus Wheaton,79,8.81875,WR,6.899957142857138,256
2013,Stedman Bailey,92,4.240625,WR,7.739440276360537,256
2013,Ace Sanders,101,3.816875,WR,3.1580067857142855,256
2013,Josh Boyce,102,0.659375,WR,4.718676641156464,256
2013,Chris Harper,123,0.0,WR,3.9896680300453466,256
2013,Quinton Patton,128,2.653125,WR,6.649860850340137,256
2013,Denard Robinson,135,5.675000000000001,WR,2.2961850425170054,256
2013,Kenny Stills,144,9.40625,WR,4.537743112244898,256
2013,Tavarres King,161,0.103125,WR,2.7887843920068023,256
2013,Corey Fuller,171,1.5875000000000001,WR,1.4372708439625845,256
2013,Justin Brown,186,0.60625,WR,2.252480297619047,256
2013,Alan Bonner,195,0.0,WR,2.3707477267573687,256
2013,Cobi Hamilton,197,0.0,WR,2.695247852891156,256
2013,Brice Butler,209,3.2750000000000004,WR,0.7359685501700679,256
2013,Charles Johnson,216,3.534375,WR,1.4727528231292493,256
2013,Kevin Dorsey,224,0.04375,WR,1.1542386607142856,256
2013,Marquess Wilson,236,3.66875,WR,3.3954376977040828,256
2013,Aaron Mellette,238,0.0,WR,2.6535122767857144,256
2014,Sammy Watkins,4,13.024999999999999,WR,12.57098082057823,283
2014,Mike Evans,7,17.1625,WR,14.988583711734687,283
2014,Odell Beckham,12,19.259375,WR,8.730909761904758,283
2014,Brandin Cooks,20,15.621875,WR,10.670735085034012,283
2014,Kelvin Benjamin,28,13.215625,WR,9.935840046768723,283
2014,Marqise Lee,39,8.328125,WR,10.120866530612243,283
2014,Jordan Matthews,42,13.528125,WR,9.156508120748306,283
2014,Paul Richardson,45,3.6999999999999997,WR,8.184971318027213,283
2014,Davante Adams,53,11.03125,WR,7.76875332482993,283
2014,Cody Latimer,56,1.05,WR,6.194565034013606,283
2014,Allen Robinson,61,15.728125,WR,8.346469931972786,283
2014,Jarvis Landry,63,15.895625,WR,7.754113612528343,283
2014,Josh Huff,86,3.65625,WR,4.691286812641722,283
2014,Donte Moncrief,90,8.621875,WR,7.061986581632647,283
2014,John Brown,91,11.078125,WR,3.6684938140976087,283
2014,Dri Archer,97,0.415625,WR,4.36324514030612,283
2014,Jalen Saunders,104,0.053125,WR,3.3955787500000003,283
2014,Bruce Ellington,106,1.9375,WR,3.9017795393990915,283
2014,Shaquelle Evans,115,0.0,WR,3.8222505257936517,283
2014,Martavis Bryant,118,9.384374999999999,WR,3.8710909715136053,283
2014,Kevin Norwood,123,0.6000000000000001,WR,3.99154021400227,283
2014,Ryan Grant,142,2.45,WR,4.548622060657595,283
2014,Devin Street,146,0.81875,WR,3.124547937925169,283
2014,Jared Abbrederis,176,0.684375,WR,1.3128341220238087,283
2014,Robert Herron,185,0.5562499999999999,WR,2.4330214675453514,283
2014,T.J. Jones,189,1.35,WR,2.204912049319728,283
2014,Matt Hazel,190,0.0,WR,1.1001576580215415,283
2014,Walt Powell,196,0.8812500000000001,WR,0.9167253684807245,283
2014,Quincy Enunwa,209,6.949999999999999,WR,2.6201115901360574,283
2014,Michael Campanaro,218,1.23125,WR,3.518335461309524,283
2014,Jeff Janis,236,1.4374999999999998,WR,2.4902807950680246,283
2014,James Wright,239,1.253125,WR,1.3223537797619043,283
2014,Tevin Reese,240,0.0,WR,1.2295925233843539,283
2015,Amari Cooper,4,13.90625,WR,12.059846947278908,316
2015,Kevin White,7,1.2875,WR,11.62473872448979,316
2015,DeVante Parker,14,8.887500000000001,WR,9.874223711734698,316
2015,Nelson Agholor,20,8.606250000000001,WR,11.186434119897964,316
2015,Breshad Perriman,26,3.7125000000000004,WR,9.101705395408159,316
2015,Phillip Dorsett,29,4.59375,WR,9.623633265306118,316
2015,Devin Smith,37,0.921875,WR,6.912992151360542,316
2015,Dorial Green-Beckham,40,6.253124999999999,WR,5.185650973639461,316
2015,Tyler Lockett,69,9.115625,WR,8.935483473639449,316
2015,Jaelen Strong,70,2.35,WR,8.113812104591839,316
2015,Chris Conley,76,4.371875,WR,3.278665573979593,316
2015,Sammie Coates,87,2.840625,WR,6.923469985119031,316
2015,Ty Montgomery,94,7.253124999999999,WR,5.894325454931976,316
2015,Jamison Crowder,105,11.368749999999999,WR,5.100890744047619,316
2015,Justin Hardy,107,3.91875,WR,3.8270241879251716,316
2015,Vince Mayle,123,0.19375,WR,5.264079230442179,316
2015,DeAndre Smelter,132,0.103125,WR,4.312304562074825,316
2015,Rashad Greene,139,1.703125,WR,2.6154135544217687,316
2015,Stefon Diggs,146,12.234375,WR,3.548257376700678,316
2015,Tony Lippett,156,0.0,WR,3.5421070564058956,316
2015,JJ Nelson,159,7.26875,WR,2.4623077239229043,316
2015,Kenny Bell,162,0.0,WR,2.8000264902210885,316
2015,Keith Mumphery,175,1.36875,WR,1.369255284863945,316
2015,Kaelin Clay,184,0.9125,WR,1.3007355725623575,316
2015,Geremy Davis,186,0.128125,WR,2.7138960012755096,316
2015,Evan Spencer,187,0.0,WR,1.2595668622448981,316
2015,Darren Waller,204,1.0718750000000001,WR,2.1865041113945574,316
2015,Neal Sterling,220,1.1625,WR,2.6320592028061234,316
2015,Andre Debose,221,0.0,WR,1.2676169416099785,316
2015,Da'Ron Brown,233,0.0,WR,2.9894938562925173,316
2015,Dezmin Lewis,234,0.0,WR,2.2923522066326543,316
2015,Mario Alford,238,0.078125,WR,3.053745113378686,316
2015,Tre McBride,245,1.0,WR,1.7627000850340138,316
2016,Corey Coleman,15,4.9625,WR,12.879383422619053,349
2016,Will Fuller,21,7.543750000000001,WR,5.929676027494329,349
2016,Josh Doctson,22,7.15625,WR,11.790103120748299,349
2016,Laquon Treadwell,23,3.475,WR,11.736085778061218,349
2016,Sterling Shepard,40,11.465625000000001,WR,7.668121267006798,349
2016,Michael Thomas,47,17.9375,WR,5.550539057539676,349
2016,Tyler Boyd,55,10.7875,WR,11.21601822278911,349
2016,Braxton Miller,85,2.2562499999999996,WR,3.6320132312925164,349
2016,Leonte Carroo,86,1.021875,WR,7.655033588435369,349
2016,Chris Moore,107,3.31875,WR,2.7099135161564636,349
2016,Malcolm Mitchell,112,3.0031250000000003,WR,2.6540040851757367,349
2016,Ricardo Louis,114,3.1625,WR,3.4901668601190483,349
2016,Pharoh Cooper,117,1.5187500000000003,WR,4.075995846088434,349
2016,Demarcus Robinson,126,3.6562500000000004,WR,3.3357629676870766,349
2016,Tajae Sharpe,140,5.515625,WR,5.96751670493197,349
2016,Jordan Payton,154,0.040625,WR,1.6851788647959187,349
2016,Trevor Davis,163,0.7718750000000001,WR,1.4467491652494324,349
2016,Tyreek Hill,165,18.1,WR,3.0227326296768697,349
2016,Rashard Higgins,172,5.8375,WR,4.739437903911563,349
2016,Moritz Boehringer,180,0.0,WR,1.9194866046304881,349
2016,Jakeem Grant,186,3.7125,WR,1.751558422425789,349
2016,Kolby Listenbee,192,0.0,WR,1.2095842524092966,349
2016,Cody Core,199,2.3125,WR,1.1494153812358279,349
2016,Mike Thomas,206,0.65625,WR,3.0358216751700677,349
2016,Aaron Burbridge,213,0.49375,WR,1.972769149659864,349
2016,Devin Lucien,225,0.0,WR,1.2493416907596366,349
2016,Demarcus Ayers,229,0.5031249999999999,WR,2.0176805782312917,349
2016,Daniel Braverman,230,0.0,WR,2.079760286989797,349
2016,Devin Fuller,238,0.0,WR,0.7400099319727894,349
2016,Charone Peake,241,1.3156250000000003,WR,0.9146151275510208,349
2016,Kenny Lawler,243,0.0,WR,1.2727780463435376,349
2017,Corey Davis,5,9.334375,WR,10.78439401785715,380
2017,Mike Williams,7,10.671875,WR,8.352311130952375,380
2017,John Ross,9,5.621874999999999,WR,8.570378584183677,380
2017,Zay Jones,37,7.3687499999999995,WR,10.073560463435369,380
2017,Curtis Samuel,40,9.703125,WR,7.9506930782313,380
2017,JuJu Smith-Schuster,62,15.45625,WR,7.993713014455786,380
2017,Cooper Kupp,69,13.981250000000001,WR,5.268939770224817,380
2017,Taywan Taylor,72,4.28125,WR,6.800360401785712,380
2017,ArDarius Stewart,79,0.528125,WR,5.110344229604717,380
2017,Carlos Henderson,82,0.0,WR,5.786057884778915,380
2017,Chris Godwin,84,14.415625000000002,WR,6.451550984214197,380
2017,Kenny Golladay,96,14.221875,WR,9.123411836734705,380
2017,Chad Williams,98,1.575,WR,5.370401079748624,380
2017,Amara Darboh,106,0.471875,WR,5.903658210613788,380
2017,Dede Westbrook,110,10.568750000000001,WR,5.954935493197283,380
2017,Josh Reynolds,117,5.059375,WR,4.939213367346938,380
2017,Mack Hollins,118,2.096875,WR,2.80144292942177,380
2017,Josh Malone,128,0.646875,WR,3.814257961309524,380
2017,Ryan Switzer,133,2.6875,WR,3.355733511904761,380
2017,Jehu Chesson,139,0.159375,WR,2.373968146258505,380
2017,Chad Hansen,141,0.575,WR,3.850149383503399,380
2017,Shelton Gibson,166,0.278125,WR,3.8950665362811807,380
2017,Rodney Adams,170,0.0,WR,2.4697374312641704,380
2017,Isaiah McKenzie,172,3.6812500000000004,WR,3.62041778132086,380
2017,DeAngelo Yancey,175,0.0,WR,2.4921426424319733,380
2017,Trent Taylor,177,4.796875,WR,3.5507038350340108,380
2017,Robert Davis,209,0.115625,WR,3.601710973639454,380
2017,Stacy Coley,219,0.0,WR,1.053920238095238,380
2017,David Moore,226,5.01875,WR,1.3854119033446717,380
2017,Isaiah Ford,237,1.5156249999999998,WR,4.169799400510201,380
2017,Noah Brown,239,0.553125,WR,1.188756505102041,380
2017,Malachi Dupre,247,0.0,WR,1.2345933269557827,380
2018,D.J. Moore,24,13.8125,WR,7.86292549107143,412
2018,Calvin Ridley,26,15.259375000000002,WR,9.113459600340141,412
2018,Courtland Sutton,40,11.21,WR,8.057957878401364,412
2018,Dante Pettis,44,4.31375,WR,6.780864436649664,412
2018,Christian Kirk,47,9.83125,WR,8.629092198129255,412
2018,Anthony Miller,51,7.74125,WR,9.467906220238099,412
2018,James Washington,60,7.271875,WR,8.091710029761908,412
2018,DJ Chark,61,11.85625,WR,7.321935863095237,412
2018,Michael Gallup,81,12.0625,WR,11.296662023809523,412
2018,Tre'Quan Smith,91,6.36875,WR,5.818200725494746,412
2018,Keke Coutee,103,4.740625,WR,3.6518223894557837,412
2018,Antonio Callaway,105,4.6625000000000005,WR,3.1926905994897963,412
2018,DaeSean Hamilton,113,4.0625,WR,4.721140718537416,412
2018,Jaleel Scott,132,0.13125,WR,2.2656327295918377,412
2018,J'Mon Moore,133,0.109375,WR,2.8422493218537404,412
2018,Justin Watson,144,1.853125,WR,3.2493954648526118,412
2018,Daurice Fountain,159,0.134375,WR,2.314826145124717,412
2018,Jordan Lasley,162,0.0,WR,2.8858306547619037,412
2018,Marquez Valdes-Scantling,174,7.7593749999999995,WR,1.512985703656463,412
2018,Damion Ratley,175,2.04375,WR,1.458593492772109,412
2018,Deon Cain,185,0.66875,WR,1.3083966092687074,412
2018,Ray-Ray McCloud,187,1.35,WR,1.7639784438775505,412
2018,Dylan Cantrell,191,0.0,WR,1.4734629974489795,412
2018,Russell Gage,194,8.808125,WR,0.9633034034863945,412
2018,Tremon Smith,196,0.0,WR,1.288571036899607,412
2018,Equanimeous St.Brown,207,2.490625,WR,1.3951762733843527,412
2018,Cedrick Wilson,208,1.913125,WR,2.1670595025510213,412
2018,Braxton Berrios,210,3.5875,WR,1.8634852210884358,412
2018,Javon Wims,224,1.8624999999999998,WR,1.1574850014172342,412
2018,Marcell Ateman,228,1.5937500000000002,WR,1.1573196853741488,412
2018,Richie James,240,3.1999999999999997,WR,3.352103839285715,412
2018,Auden Tate,253,4.078125,WR,1.2764616156462578,412
2018,Austin Proehl,255,0.0,WR,1.212635884353742,412
2018,Trey Quinn,256,2.321875,WR,1.6698323426870763,412
2019,Marquise Brown,25,12.433455882352941,WR,5.983813645124712,446
2019,N'Keal Harry,32,3.5406250000000004,WR,11.17189295493197,446
2019,Deebo Samuel,36,15.878786764705882,WR,7.452970582482994,446
2019,A.J. Brown,51,14.51875,WR,8.720441220238094,446
2019,Mecole Hardman,56,8.209742647058825,WR,5.851763171768705,446
2019,JJ Arcega-Whiteside,57,1.4812500000000002,WR,6.992794115646257,446
2019,Parris Campbell,59,2.1376838235294118,WR,8.169496517857148,446
2019,Andy Isabella,62,2.81875,WR,9.668190459183668,446
2019,D.K. Metcalf,64,15.66341911764706,WR,6.107598779761904,446
2019,Diontae Johnson,66,15.064338235294116,WR,6.6827006228741475,446
2019,Jalen Hurd,67,0.0,WR,5.466124861111107,446
2019,Terry McLaurin,76,13.273161764705883,WR,4.243142202380954,446
2019,Miles Boykin,93,3.7624999999999993,WR,3.8354121917517,446
2019,Hakeem Butler,103,0.0,WR,2.86175059665533,446
2019,Gary Jennings Jr.,120,0.0,WR,3.5681748469387764,446
2019,Riley Ridley,126,0.65,WR,2.143891496598639,446
2019,Hunter Renfrow,149,11.792463235294116,WR,1.90144175170068,446
2019,Darius Slayton,171,9.71875,WR,2.916434387755102,446
2019,KeeSean Johnson,174,2.4468749999999995,WR,3.2126418027210875,446
2019,Travis Fulgham,184,3.621875,WR,1.3270332589285723,446
2019,Juwann Winfree,187,0.34705882352941175,WR,1.1707922682823133,446
2019,Marcus Green,203,0.0,WR,1.712846940901361,446
2019,Kelvin Harmon,206,2.0918750000000004,WR,2.0381101381802726,446
2019,Scott Miller,208,4.471875000000001,WR,2.0397498129251703,446
2019,John Ursua,236,0.065625,WR,2.72956230442177,446
2019,Terry Godwin,237,0.203125,WR,0.8360163966836743,446
2019,Dillon Mitchell,239,0.0,WR,2.045256279761906,446
2019,Olabisi Johnson,247,3.559375,WR,1.3339063964904148,446
2020,Henry Ruggs III,12,5.113419117647059,WR,9.144405501200488,474
2020,Jerry Jeudy,15,10.930882352941177,WR,10.098088753251302,474
2020,CeeDee Lamb,17,15.717647058823527,WR,10.947024875075032,474
2020,Jalen Reagor,21,5.022058823529411,WR,10.39508092311925,474
2020,Justin Jefferson,22,20.56058823529412,WR,13.380072947929168,474
2020,Brandon Aiyuk,25,12.465625000000001,WR,8.122553230792326,474
2020,Tee Higgins,33,12.941176470588237,WR,8.706981458833535,474
2020,Michael Pittman Jr.,34,13.385294117647058,WR,6.963048478391352,474
2020,Laviska Shenault Jr.,42,8.644669117647059,WR,8.71268912202381,474
2020,KJ Hamler,46,3.574448529411765,WR,8.419684651610645,474
2020,Chase Claypool,49,11.615625000000001,WR,6.973817760729291,474
2020,Van Jefferson,57,7.2676470588235285,WR,6.899807548519409,474
2020,Denzel Mims,59,2.7674632352941178,WR,8.02300322128852,474
2020,Lynn Bowden Jr.,80,1.674375,WR,7.436707784197012,474
2020,Bryan Edwards,81,4.343198529411764,WR,7.165596407563026,474
2020,Devin Duvernay,92,5.685294117647058,WR,5.856789740146061,474
2020,Gabriel Davis,128,9.32518382352941,WR,1.8823264885954378,474
2020,Antonio Gandy-Golden,142,0.109375,WR,4.935753749749905,474
2020,Joe Reed,151,0.278125,WR,2.842141640906362,474
2020,Tyler Johnson,161,3.3957720588235296,WR,3.2947349974989995,474
2020,Collin Johnson,165,2.4823529411764707,WR,2.1816444297719078,474
2020,Quintez Cephus,166,3.5435661764705877,WR,1.8057576250500191,474
2020,John Hightower,168,0.9,WR,2.7220482556355874,474
2020,Isaiah Coulter,171,0.0,WR,1.3500723189275712,474
2020,Darnell Mooney,173,11.214889705882353,WR,2.8905648316826746,474
2020,K.J. Osborn,176,9.238235294117647,WR,3.4695632520508215,474
2020,Donovan Peoples-Jones,187,8.141176470588235,WR,1.639657931172469,474
2020,Quez Watkins,200,5.897058823529411,WR,2.3619742936341197,474
2020,James Proche,201,1.423529411764706,WR,2.905350969387756,474
2020,Isaiah Hodgins,207,2.947058823529412,WR,2.7487134351240496,474
2020,Dezmon Patmon,212,0.42647058823529416,WR,1.5075214794667864,474
2020,Freddie Swain,214,3.822242647058823,WR,1.8647533515906372,474
2020,Jauan Jennings,217,4.847058823529412,WR,1.6005585585067352,474
2020,K.J. Hill,220,0.6233455882352942,WR,0.7926377150860348,474
2020,Tyrie Cleveland,252,0.5255514705882354,WR,1.1770890813825523,474
2021,Ja'Marr Chase,5,16.685882352941178,WR,11.514048380102041,509
2021,Jaylen Waddle,6,14.911764705882353,WR,10.071935559973994,509
2021,DeVonta Smith,10,14.241176470588236,WR,9.711026629401763,509
2021,Kadarius Toney,20,4.166470588235294,WR,9.325570912364949,509
2021,Rashod Bateman,27,5.294117647058823,WR,11.083509661864753,509
2021,Elijah Moore,34,7.949999999999999,WR,10.046180120048017,509
2021,Rondale Moore,49,6.355882352941176,WR,9.149542019807923,509
2021,D'Wayne Eskridge,56,1.238235294117647,WR,5.725844200805327,509
2021,Tutu Atwell,57,5.164705882352941,WR,9.0600847127601,509
2021,Terrace Marshall Jr.,59,3.4088235294117646,WR,8.005276582132845,509
2021,Josh Palmer,77,8.117647058823529,WR,5.535915859260366,509
2021,Dyami Brown,82,1.9929411764705884,WR,6.283305467603711,509
2021,Amari Rodgers,85,1.5500000000000003,WR,3.455834669617845,509
2021,Nico Collins,89,10.51470588235294,WR,3.5235561876417245,509
2021,Anthony Schwartz,91,1.5352941176470587,WR,4.082436908263308,509
2021,Dez Fitzpatrick,109,0.4676470588235294,WR,3.375460169567824,509
2021,Amon-Ra St. Brown,112,17.602941176470587,WR,5.352563763755506,509
2021,Jaelon Darden,129,0.4764705882352942,WR,5.345719302721091,509
2021,Tylan Wallace,131,0.4529411764705882,WR,5.510229963485394,509
2021,Jacob Harris,141,0.047058823529411764,WR,3.1551270388155257,509
2021,Ihmir Smith-Marsette,157,1.7970588235294118,WR,4.136828027460985,509
2021,Simi Fehoko,179,0.39117647058823535,WR,2.2601442088085233,509
2021,Cornell Powell,181,0.0,WR,2.8430583683473416,509
2021,Frank Darby,187,0.14411764705882352,WR,1.7228482445895024,509
2021,Marquez Stevenson,203,0.0,WR,1.8672227097088836,509
2021,Shi Smith,204,2.285294117647059,WR,1.6138943008453375,509
2021,Racey McMath,205,0.21176470588235294,WR,1.2383855782312925,509
2021,Jalen Camp,209,0.049999999999999996,WR,1.831780695278111,509
2021,Seth Williams,219,0.12941176470588237,WR,2.8989205249599843,509
2021,Dazz Newsome,221,0.1264705882352941,WR,1.8180239587084832,509
2021,Mike Strachan,229,0.4235294117647058,WR,2.068887956800145,509
2021,Tre Nixon,242,0.0,WR,1.2230172208883556,509
2021,Ben Skowronek,249,3.1941176470588237,WR,0.7495814713802191,509
2021,Kawaan Baker,255,0.0,WR,1.3945118978841535,509
2021,Dax Milne,258,0.9147058823529411,WR,2.252829161539614,509
2022,Drake London,8,13.511764705882355,WR,10.359437708833536,544
2022,Garrett Wilson,10,13.75294117647059,WR,11.118766133453386,544
2022,Chris Olave,11,12.632352941176471,WR,10.694960824829929,544
2022,Jameson Williams,12,8.602941176470589,WR,10.934230732793106,544
2022,Jahan Dotson,16,7.511764705882353,WR,9.802243619447786,544
2022,Treylon Burks,18,3.764705882352941,WR,12.371295022634047,544
2022,Christian Watson,34,7.923529411764706,WR,4.355079638480386,544
2022,Wan'Dale Robinson,43,9.291176470588235,WR,8.731584620098038,544
2022,John Metchie,44,2.5764705882352943,WR,8.834536714685875,544
2022,Tyquan Thornton,50,2.75,WR,8.11834575767807,544
2022,George Pickens,52,11.038235294117648,WR,6.290461941276506,544
2022,Alec Pierce,53,8.05,WR,6.238455403411365,544
2022,Skyy Moore,54,3.0323529411764705,WR,9.261234021358536,544
2022,Velus Jones,71,1.4441176470588235,WR,4.383117211759707,544
2022,Jalen Tolbert,88,6.258823529411766,WR,8.850298998057552,544
2022,David Bell,99,2.7676470588235293,WR,8.856432478741493,544
2022,Danny Gray,105,0.08529411764705883,WR,3.577904368747498,544
2022,Erik Ezukanma,125,0.10294117647058824,WR,2.6120497556522606,544
2022,Romeo Doubs,132,9.01470588235294,WR,3.5227662605042047,544
2022,Calvin Austin,138,5.102941176470588,WR,2.0801731487595054,544
2022,Khalil Shakir,148,8.694117647058823,WR,3.4691198158013212,544
2022,Montrell Washington,162,0.0,WR,0.9545384376667333,544
2022,Kyle Philips,163,1.4382352941176473,WR,2.216588221163465,544
2022,Jalen Nailor,191,4.055882352941176,WR,1.4684250290116059,544
2022,Michael Woods,202,0.6617647058823529,WR,1.3678042123099243,544
2022,Bo Melton,229,2.011764705882353,WR,1.3640004000350139,544
2022,Dareke Young,233,0.0,WR,1.638257570262952,544
2022,Samori Toure,258,0.0,WR,1.5398499803671464,544
2023,Jaxon Smith-Njigba,20,18.026470588235295,WR,9.058353419617843,572
2023,Quentin Johnston,21,10.173529411764708,WR,8.896019459783911,572
2023,Zay Flowers,22,13.31764705882353,WR,9.839565963635454,572
2023,Jordan Addison,23,12.758823529411766,WR,12.117726965286108,572
2023,Jonathan Mingo,39,3.441176470588236,WR,7.827985053271312,572
2023,Jayden Reed,50,12.182352941176472,WR,6.877318463135248,572
2023,Rashee Rice,55,10.66470588235294,WR,7.913562529511806,572
2023,Marvin Mims Jr.,63,6.602941176470589,WR,7.792127237269915,572
2023,Nathaniel Dell,69,8.970588235294116,WR,7.391597511129447,572
2023,Jalin Hyatt,73,2.191176470588235,WR,4.0752542624549815,572
2023,Cedric Tillman,74,4.129411764705882,WR,5.309841765664598,572
2023,Josh Downs,79,10.01764705882353,WR,9.000027548019204,572
2023,Michael Wilson,94,10.15,WR,3.2334131855242094,572
2023,Tre Tucker,100,8.558823529411764,WR,2.0132125232593037,572
2008,Dustin Keller,30,8.5375,TE,5.98507630608478,38
2008,John Carlson,38,9.315625,TE,5.052959427853886,38
2008,Fred Davis,48,6.421875,TE,5.358242129259623,38
2008,Martellus Bennett,61,4.103125,TE,5.182298282441756,38
2008,Brad Cottam,76,1.071875,TE,0.9305046373864232,38
2008,Craig Stevens,85,1.1593749999999998,TE,2.676875607666143,38
2008,Jermichael Finley,91,6.4906250000000005,TE,2.6305959574651516,38
2008,Martin Rucker,111,0.115625,TE,4.171089421035312,38
2008,Jacob Tamme,127,5.01875,TE,3.458908262194155,38
2008,Derek Fine,132,1.2750000000000001,TE,3.4908431657429877,38
2008,Gary Barnidge,141,1.13125,TE,3.3355695504099083,38
2008,Kellen Davis,158,1.35625,TE,2.5869512168684494,38
2008,Tom Santi,196,1.2218749999999998,TE,2.6869119167935223,38
2008,Matt Sherry,207,0.0,TE,3.465530090980445,38
2008,Keith Zinger,232,0.0,TE,0.48490998667007634,38
2008,Mike Merritt,239,0.0,TE,0.4296309690309693,38
2009,Brandon Pettigrew,20,11.184375,TE,7.021028739177493,54
2009,Richard Quinn,64,0.059375,TE,3.3411247507651036,54
2009,Jared Cook,89,6.5625,TE,3.1011160140058363,54
2009,Chase Coffman,98,0.1875,TE,3.0781661431227514,54
2009,Travis Beckum,100,1.7781249999999997,TE,3.157228278764889,54
2009,Shawn Nelson,121,1.2875,TE,3.2691518161302984,54
2009,Anthony Hill,122,0.153125,TE,2.3743220017978057,54
2009,Davon Drew,149,0.0,TE,3.2483417658135534,54
2009,James Casey,152,2.153125,TE,3.259821580413635,54
2009,Cornelius Ingram,153,0.0,TE,3.2623330197183753,54
2009,John Nalbone,161,0.0,TE,3.567372082669314,54
2009,Zach Miller,180,3.21875,TE,2.224903618504513,54
2009,Bear Pascoe,184,1.30625,TE,1.6956439754392436,54
2009,Brandon Myers,202,1.5968749999999998,TE,1.3335084834708941,54
2009,John Phillips,208,1.384375,TE,1.6321283952357177,54
2009,Jake O'Connell,237,0.571875,TE,0.7187435876226947,54
2009,David Johnson,241,1.115625,TE,1.468139937393955,54
2009,Cameron Morrah,248,1.06875,TE,2.268533301936161,54
2009,Dan Gronkowski,255,0.49375,TE,1.4944260498132826,54
2010,Jermaine Gresham,21,9.853125,TE,7.809349312681382,73
2010,Rob Gronkowski,42,16.528125000000003,TE,6.491019879654075,73
2010,Ed Dickson,70,5.6343749999999995,TE,3.547392701385916,73
2010,Tony Moeaki,93,6.403125,TE,2.5578030165271235,73
2010,Jimmy Graham,95,16.6,TE,2.7055925905146454,73
2010,Aaron Hernandez,113,11.140625,TE,1.885627391512259,73
2010,Dennis Pitta,114,8.3875,TE,2.6033407804249347,73
2010,Garrett Graham,118,2.365625,TE,2.3752531750689796,73
2010,Clay Harbor,125,2.7781249999999997,TE,3.1319231752771066,73
2010,Michael Hoomanawanui,132,1.921875,TE,0.8618257479326229,73
2010,Andrew Quarless,154,1.7312500000000002,TE,1.5301065917911458,73
2010,Brody Eldridge,162,0.7,TE,0.5015769748009925,73
2010,Fendi Onobun,170,0.109375,TE,0.5995268932654644,73
2010,Nate Byham,182,0.578125,TE,0.4760165270542951,73
2010,Anthony McCoy,185,2.8968750000000005,TE,1.173355568171907,73
2010,Mickey Shuler,214,0.2,TE,0.4503583539773721,73
2010,Jim Dray,233,0.38125000000000003,TE,1.1528073806847923,73
2010,Dedrick Epps,235,0.0,TE,1.0090420196668415,73
2010,Jameson Konz,245,0.0,TE,1.0388527000479688,73
2011,Kyle Rudolph,43,7.425000000000001,TE,7.383673193820077,92
2011,Lance Kendricks,47,6.303125,TE,7.159579651955195,92
2011,Rob Housler,69,5.534374999999999,TE,5.604688445815097,92
2011,Jordan Cameron,102,8.196875,TE,4.518862486506553,92
2011,Luke Stocker,104,1.8656249999999999,TE,4.09680655693513,92
2011,Julius Thomas,129,6.790625000000001,TE,4.0270051214212375,92
2011,D.J. Williams,141,0.5,TE,2.515045755514326,92
2011,Lee Smith,159,0.940625,TE,1.7574944853955574,92
2011,Charles Clay,174,7.6781250000000005,TE,2.5623110035202887,92
2011,Richard Gordon,181,0.31875000000000003,TE,0.5677029591539415,92
2011,Virgil Green,204,0.775,TE,1.445636664481352,92
2011,Ryan Taylor,218,0.5125,TE,0.28437916619095205,92
2011,Daniel Hardy,238,0.0,TE,1.4021229594314426,92
2012,Coby Fleener,34,9.912500000000001,TE,7.789751777161333,105
2012,Dwayne Allen,64,7.253124999999999,TE,4.294950493544155,105
2012,Michael Egnew,78,0.434375,TE,5.415197336928944,105
2012,Ladarius Green,110,3.5687499999999996,TE,4.87052111724585,105
2012,Evan Rodriguez,111,0.19062500000000002,TE,5.468236599694946,105
2012,Orson Charles,116,0.621875,TE,3.647197537799502,105
2012,Adrien Robinson,127,0.5,TE,2.1634670906424933,105
2012,Taylor Thompson,145,0.653125,TE,2.9469622514737246,105
2012,James Hanna,186,1.1218750000000002,TE,1.9200943341678172,105
2012,Drake Dunsmore,233,0.0,TE,1.3757645019861084,105
2012,David Paulson,240,0.821875,TE,0.9413837418434728,105
2012,Brad Smelley,247,0.040625,TE,0.5442877827034074,105
2013,Tyler Eifert,21,8.968749999999998,TE,8.894850613503559,117
2013,Zach Ertz,35,9.828125,TE,8.61194729814828,117
2013,Gavin Escobar,47,2.434375,TE,7.993924601123083,117
2013,Vance McDonald,55,3.1406250000000004,TE,6.823413247437088,117
2013,Travis Kelce,63,11.459375,TE,4.769023162858964,117
2013,Jordan Reed,85,11.215625000000001,TE,2.9880675787307958,117
2013,Dion Sims,106,3.0968750000000003,TE,3.618552654706405,117
2013,Levine Toilolo,133,2.915625,TE,2.6820321250376615,117
2013,Luke Willson,158,4.04375,TE,1.6263810330542467,117
2013,Nick Kasa,172,0.246875,TE,1.6305592349317342,117
2013,Mychal Rivera,184,7.378125,TE,1.5426535162060169,117
2013,Ryan Griffin,201,3.328125,TE,0.9866772190111475,117
2013,Michael Williams,211,0.175,TE,0.4507885430442573,117
2013,D.C. Jefferson,219,0.0,TE,0.46828470445229375,117
2013,Chris Gragg,222,1.4,TE,0.9784866581830869,117
2013,Justice Cunningham,254,0.04375,TE,0.5052699750646182,117
2014,Eric Ebron,10,8.590625,TE,9.032372939396911,133
2014,Austin Seferian-Jenkins,38,4.121875,TE,8.131098168607188,133
2014,Jace Amaro,49,2.91875,TE,7.788800100772243,133
2014,Troy Niklas,52,0.815625,TE,6.674216152379371,133
2014,C.J. Fiedorowicz,65,5.362500000000001,TE,5.4349244302919315,133
2014,Richard Rodgers,98,7.1625,TE,4.273617252757161,133
2014,Crockett Gillmore,99,3.946875,TE,3.7146898316465293,133
2014,Arthur Lynch,155,0.0,TE,1.7345594829178754,133
2014,Ted Bolser,217,0.0,TE,0.709806247710623,133
2014,Rob Blanchflower,230,0.0,TE,0.8157844102375803,133
2015,Devin Funchess,41,9.415625,TE,7.27303796849976,143
2015,Maxx Williams,55,2.90625,TE,5.900412267355662,143
2015,Clive Walford,68,5.1812499999999995,TE,5.874160475942709,143
2015,Tyler Kroft,85,4.821875,TE,4.228468405879834,143
2015,Jeff Heuerman,92,1.821875,TE,3.7044890914442705,143
2015,Blake Bell,117,1.440625,TE,3.732348319220462,143
2015,MyCole Pruitt,143,0.69375,TE,2.9526217361953533,143
2015,C.J. Uzomah,157,2.4875,TE,1.2457876416837141,143
2015,Jesse James,160,5.90625,TE,2.0077962395937408,143
2015,Nick Boyle,171,2.675,TE,2.7144987234095272,143
2015,James O'Shaughnessy,173,1.5500000000000003,TE,2.535566250976207,143
2015,Nick O'Leary,194,2.70625,TE,1.812784045032347,143
2015,Malcolm Johnson,195,0.409375,TE,1.557633295429769,143
2015,Randall Telfer,198,0.28125,TE,1.213277472636491,143
2015,A.J. Derby,202,2.66875,TE,0.9619044990029811,143
2015,Kennard Backman,213,0.0,TE,1.0571002106573988,143
2015,Ben Koyack,229,1.6218749999999997,TE,0.41587449014279415,143
2015,Geoff Swaim,246,0.54375,TE,0.36275367629889915,143
2015,Rory 'Busta' Anderson,254,0.0,TE,0.5286712431616003,143
2015,Gerald Christian,256,0.075,TE,0.7449373904716315,143
2016,Hunter Henry,35,8.021875,TE,7.458536571850772,163
2016,Austin Hooper,81,8.83125,TE,4.664165789775698,163
2016,Nick Vannett,94,3.2593750000000004,TE,3.4866114006033655,163
2016,Tyler Higbee,110,3.9281249999999996,TE,3.1592183586849676,163
2016,Seth Devalve,138,3.475,TE,1.9947252216186588,163
2016,Temarrick Hemingway,177,0.0,TE,3.4460966506509365,163
2016,Jerell Adams,184,1.6062499999999997,TE,2.1421327568760606,163
2016,David Morgan,188,1.065625,TE,1.8489116667360403,163
2016,Rico Gathers,217,0.234375,TE,0.7075864068074786,163
2016,Thomas Duarte,231,0.0,TE,0.8032912887212003,163
2016,Beau Sandland,252,0.0,TE,0.5660128961316464,163
2017,O.J. Howard,19,6.9281250000000005,TE,8.622158019440882,174
2017,Evan Engram,23,9.371875,TE,8.57978870396469,174
2017,David Njoku,29,7.456249999999999,TE,8.461724969326308,174
2017,Gerald Everett,44,5.512499999999999,TE,6.298385386706551,174
2017,Adam Shaheen,45,1.909375,TE,6.36029602198397,174
2017,Jonnu Smith,100,5.265625,TE,4.688558303189866,174
2017,Michael Roberts,127,1.425,TE,2.705890626402367,174
2017,Jake Butt,145,0.515625,TE,2.610009559007462,174
2017,George Kittle,146,15.037500000000001,TE,2.366691184995562,174
2017,Jordan Leggett,150,0.98125,TE,2.4591685253437046,174
2017,Jeremy Sprinkle,154,2.225,TE,1.8565375927935273,174
2017,Eric Saubert,174,0.434375,TE,2.190754136924001,174
2017,Bucky Hodges,201,0.0,TE,2.5348185929943083,174
2017,Mason Schreck,251,0.0,TE,0.42253144532055253,174
2018,Hayden Hurst,25,7.0625,TE,8.086908241946551,188
2018,Mike Gesicki,42,9.228124999999999,TE,7.3354143608078415,188
2018,Dallas Goedert,49,8.159375,TE,4.525547012095047,188
2018,Mark Andrews,86,11.790624999999999,TE,5.206727578592045,188
2018,Jordan Akins,98,5.421875,TE,4.510663912228647,188
2018,Ian Thomas,101,3.8062500000000004,TE,4.962926502039627,188
2018,Christopher Herndon IV,107,5.840624999999999,TE,3.115001134901805,188
2018,Will Dissly,120,4.21875,TE,2.585517093268835,188
2018,Durham Smythe,123,2.2593750000000004,TE,2.3711177531991825,188
2018,Dalton Schultz,137,5.315625,TE,2.3782815035956117,188
2018,Troy Fumagalli,156,1.18125,TE,2.0652256242765175,188
2018,Tyler Conklin,157,1.8187499999999999,TE,3.551001972060678,188
2018,Jaylen Samuels,165,6.059375000000001,TE,3.55141380093121,188
2018,Jordan Thomas,211,2.275,TE,0.9984264257270505,188
2018,Ryan Izzo,250,1.696875,TE,0.44220672156216806,188
2019,T.J. Hockenson,8,9.751654411764706,TE,7.733094506743255,203
2019,Noah Fant,20,9.342095588235296,TE,7.806176510374543,203
2019,Irv Smith Jr.,50,5.55,TE,5.629196079446349,203
2019,Drew Sample,52,3.027389705882353,TE,4.39828368111551,203
2019,Josh Oliver,69,0.5994485294117646,TE,5.2170534025795625,203
2019,Jace Sternberger,75,0.91875,TE,6.353655812010414,203
2019,Kahale Warring,86,0.203125,TE,4.753969318766552,203
2019,Dawson Knox,96,7.317095588235294,TE,4.443944465593931,203
2019,Trevon Wesco,121,0.4068014705882353,TE,2.36548357402518,203
2019,Foster Moreau,137,4.646323529411765,TE,3.3514940804483233,203
2019,Zach Gentry,141,1.09375,TE,1.7530977412270268,203
2019,Kaden Smith,176,3.28125,TE,2.440895810974739,203
2019,Isaac Nauta,224,0.14375,TE,0.6114048440448443,203
2019,Tommy Sweeney,228,1.1768382352941176,TE,0.3239122941641694,203
2019,AlizÃ© Mack,231,0.0,TE,0.2088180256449899,203
2019,Caleb Wilson,254,0.0,TE,0.5463932621644224,203
2020,Cole Kmet,43,7.897058823529411,TE,6.587450645616636,219
2020,Devin Asiasi,91,0.4454044117647059,TE,5.557424514823413,219
2020,Josiah Deguara,94,2.5264705882352945,TE,4.897675600529253,219
2020,Dalton Keene,101,0.14375,TE,4.995783207765916,219
2020,Adam Trautman,105,3.1764705882352935,TE,5.005090651129041,219
2020,Harrison Bryant,115,3.7636029411764707,TE,3.984746874321405,219
2020,Albert Okwuegbunam,118,3.1446691176470587,TE,3.7705814992605444,219
2020,Colby Parkinson,133,2.2794117647058822,TE,3.5454172657574112,219
2020,Brycen Hopkins,136,0.5823529411764706,TE,3.2138392788000996,219
2020,Charlie Woerner,190,0.50625,TE,1.9943790506779642,219
2020,Tyler Davis,206,0.41470588235294115,TE,1.5065769457803508,219
2020,Stephen Sullivan,251,0.1941176470588235,TE,0.5308891623397607,219
2021,Kyle Pitts,4,9.232352941176472,TE,8.764799308163829,231
2021,Pat Freiermuth,55,8.820588235294117,TE,4.930197577611466,231
2021,Hunter Long,81,0.052941176470588235,TE,3.5151583307991037,231
2021,Tommy Tremble,83,3.3764705882352946,TE,4.351076748277984,231
2021,Tre' McKitty,97,0.8147058823529413,TE,3.2387697007934864,231
2021,John Bates,124,2.5,TE,1.955816273433033,231
2021,Kylen Granson,127,3.9470588235294115,TE,2.7285155554532405,231
2021,Luke Farrell,145,1.2088235294117646,TE,2.5910538099406417,231
2021,Brevin Jordan,147,3.1382352941176475,TE,2.289682667815962,231
2021,Noah Gray,162,4.135294117647058,TE,3.6632148195962557,231
2021,Zach Davidson,168,0.0,TE,1.4829156641937093,231
2022,Trey McBride,55,12.508823529411764,TE,6.259837267223904,242
2022,Jelani Woods,73,2.1823529411764713,TE,3.957367922871947,242
2022,Greg Dulcich,80,2.761764705882353,TE,4.738212473685861,242
2022,Jeremy Ruckert,101,1.7529411764705882,TE,4.2867970933268404,242
2022,Cade Otton,106,7.620588235294117,TE,3.6647611588446565,242
2022,Daniel Bellinger,112,3.6911764705882355,TE,3.7816028466092133,242
2022,Charlie Kolar,128,1.4705882352941178,TE,2.5639325767681775,242
2022,Jake Ferguson,129,8.279411764705882,TE,3.1294247151628722,242
2022,Isaiah Likely,139,6.6117647058823525,TE,3.7124796414970405,242
2022,Chigoziem Okonkwo,143,6.6764705882352935,TE,2.95665945594788,242
2022,Cole Turner,149,0.8029411764705883,TE,3.6530972038547365,242
2022,Teagan Quitoriano,170,1.0470588235294118,TE,1.6412012244102183,242
2022,James Mitchell,177,0.973529411764706,TE,2.4979816048546453,242
2022,Andrew Ogletree,192,0.0,TE,1.837145821425306,242
2022,Grant Calcaterra,198,2.144117647058824,TE,1.6177658569310598,242
2022,Connor Heyward,208,2.2205882352941178,TE,1.1762437914711332,242
2022,John FitzPatrick,213,0.1,TE,0.7374231308997962,242
2022,Ko Kieft,218,0.0,TE,0.8542734487454653,242
2022,Nick Muse,227,0.0,TE,0.4752103828757609,242
2023,Dalton Kincaid,25,8.129411764705882,TE,8.979800113502854,261
2023,Sam LaPorta,34,12.173529411764706,TE,7.822817433644204,261
2023,Michael Mayer,35,4.270588235294118,TE,8.441851371520048,261
2023,Luke Musgrave,42,3.6588235294117646,TE,7.499902827137261,261
2023,Luke Schoonmaker,58,2.4794117647058824,TE,4.342133302329091,261
2023,Brenton Strange,61,6.15,TE,4.251381938034541,261
2023,Tucker Kraft,78,8.25,TE,4.538407277540969,261
2023,Darnell Washington,93,3.4823529411764707,TE,2.7866233192997463,261
2023,Cameron Latu,101,0.0,TE,4.312117937749399,261
