position,rank,pfr_name,prospect_model_percentile,outcome_percentile,prospect_percentile_reference_n,draft_team,draft_round,draft_pick,pred_best2of3_ppg,pred_peak3_ppg,pred_rookie_ppg,pred_avg3_ppg,pred_total3_ppr,pred80_low,pred80_high,pred90_low,pred90_high,hit_probability,college_match,fuzzy_match,scout_boost
QB,1,Fernando Mendoza,97.72727272727273,90.18691588785047,176,LVR,1,1,16.07838786703899,17.676540350130104,12.034913825685841,13.548131378816148,661.9295136849136,10.207449525936074,21.94932620814191,7.780908988457382,24.3758667456206,0.48582318,1.0,0.0,1.1205299999117333
QB,2,Ty Simpson,89.20454545454545,83.64485981308411,176,LAR,1,13,13.029138068869283,14.706321503864118,7.578099168375301,10.526885914385705,515.0984763659812,7.158199727766367,18.9000764099722,4.731659190287674,21.326616947450894,0.43218362,1.0,0.0,-0.5703349192736467
QB,3,Carson Beck,73.29545454545455,69.62616822429906,176,ARI,3,65,6.6289831078224655,7.849878354171141,4.750641239110542,5.663779979071659,266.8295534766596,0.7580447667195491,12.499921448925381,0.0,14.926461986404075,0.05893855,1.0,0.0,0.560031103215251
QB,4,Drew Allar,63.06818181818182,62.149532710280376,176,PIT,3,76,3.7983204807937154,5.431105010442067,1.8356115042776309,2.8448344359668463,134.62652783268584,0.0,9.669258821896632,0.0,12.095799359375324,0.100314625,1.0,0.0,-1.5814536457282173
QB,5,Cade Klubnik,54.54545454545454,57.943925233644855,176,NYJ,4,110,2.431670815460159,3.1161838637426116,1.5113165612392079,1.5780590799979768,81.31868469521403,0.0,8.302609156563076,0.0,10.729149694041768,0.12236779,1.0,0.0,-1.1513317268250476
QB,6,Garrett Nussmeier,49.43181818181818,56.54205607476636,176,KAN,7,249,2.1715243196379284,2.7416876155765655,0.7015661461527619,1.4469723307133344,67.28637341449804,0.0,8.042462660740846,0.0,10.469003198219538,0.051333405,1.0,0.0,-2.119475924087126
QB,7,Taylen Green,39.77272727272727,55.60747663551402,176,CLE,6,182,1.8476005965705267,3.1921976547643633,1.3873947722204887,1.2791567662542458,59.747773757273805,0.0,7.7185389376734435,0.0,10.145079475152135,0.11004911,1.0,0.0,-3.3203944968420216
QB,8,Athan Kaliakmanis,34.090909090909086,51.4018691588785,176,WAS,7,223,1.4676418715811959,2.220073941684886,0.4163086962391016,0.939228731217288,49.49315769307185,0.0,7.338580212684112,0.0,9.765120750162804,0.06351283,1.0,0.0,-1.0476512405177312
QB,9,Cole Payton,25.568181818181817,49.06542056074766,176,PHI,5,178,1.1618229532545394,2.0787697086054417,0.5050296769262488,0.7986404360457489,37.91160913453201,0.0,7.032761294357456,0.0,9.459301831836148,0.05005873,0.0,0.0,-0.5561570427679161
QB,10,Behren Morton,5.113636363636364,43.925233644859816,176,NWE,7,234,0.6617588760309832,0.9896094552413968,0.2401842712512745,0.4443414750173812,22.939769376826717,0.0,6.532697217133899,0.0,8.959237754612593,0.046436373,1.0,0.0,-0.9050613604798086
RB,1,Jeremiyah Love,100.0,94.48441247002398,373,ARI,1,3,16.055744652459907,18.08996299548002,13.78744693598324,13.551823743985404,652.8937336552253,11.415570466327402,20.695918838592412,9.740251737943803,22.371237566976014,0.5895365,1.0,0.0,1.9894954158977287
RB,2,Jadarian Price,96.7828418230563,86.33093525179856,373,SEA,1,32,12.184896460151636,14.107894936342582,8.42138041422157,9.923270840230018,484.61536910608305,7.544722274019131,16.82507064628414,5.869403545635532,18.50038937466774,0.25518522,1.0,0.0,1.6667279389341831
RB,3,Kaelon Black,71.84986595174263,66.90647482014388,373,SFO,3,90,6.40941041769222,7.44372057614759,4.881754623361127,5.359231670397843,262.013405616464,1.7692362315597148,11.049584603824725,0.09391750317611525,12.724903332208324,0.1336853,1.0,0.0,0.7220071743254151
RB,4,Eli Heidenreich,59.78552278820375,59.71223021582733,373,PIT,7,230,4.766462086744459,5.88928899351823,2.671631430268176,3.7336593594947285,184.17172276044369,0.12628790061195438,9.406636272876964,0.0,11.081955001260564,0.13900888,1.0,0.0,-1.3226058404888272
RB,5,Mike Washington Jr.,57.37265415549599,58.27338129496403,373,LVR,4,122,4.532991907294855,5.6044330212156535,3.0824109576160152,3.608521795653246,178.1579780148885,0.0,9.17316609342736,0.0,10.84848482181096,0.028827263,1.0,0.0,0.32177453684790525
RB,6,Jonah Coleman,51.742627345844504,55.875299760191844,373,DEN,4,108,4.114206373471667,5.094621757670309,3.6863644065316006,3.2312750482201276,157.77423851923126,0.0,8.754380559604172,0.0,10.429699287987772,0.10332628,1.0,0.0,0.04281653651649542
RB,7,Emmett Johnson,40.48257372654155,52.51798561151079,373,KAN,5,161,3.431561093491017,4.330980114926616,2.2164017887888923,2.7062855440566826,131.4782970293856,0.0,8.071735279623521,0.0,9.747054008007122,0.04804986,1.0,0.0,-0.5462537332012927
RB,8,Demond Claiborne,36.193029490616624,50.83932853717026,373,MIN,6,198,2.9955772862473444,3.7062395564252952,1.228266299783869,2.2501846775841328,109.71418947141782,0.0,7.63575147237985,0.0,9.31107020076345,0.036804777,1.0,0.0,-0.5014008286743366
RB,9,Adam Randall,34.852546916890084,50.59952038369304,373,BAL,5,174,2.933890347765044,4.019249989967157,3.0643300092331893,2.1099034041902143,101.23842551481147,0.0,7.574064533897549,0.0,9.24938326228115,0.041186508,1.0,0.0,0.11452100077596228
RB,10,Nicholas Singleton,32.975871313672926,49.40047961630695,373,TEN,5,165,2.7933267426359496,3.510577824958857,1.9765811713264472,2.177245695042969,106.37854161048047,0.0,7.433500928768455,0.0,9.108819657152054,0.038926564,1.0,0.0,-0.6910917586677217
RB,11,Kaytron Allen,19.571045576407506,42.44604316546763,373,WAS,6,187,1.863826677397293,2.395179120142865,1.6373579723469747,1.4829042575258984,72.84926943109534,0.0,6.504000863529798,0.0,8.179319591913398,0.022278432,1.0,0.0,-0.8732728495621966
RB,12,Seth McGowan,16.890080428954423,38.36930455635492,373,IND,7,237,1.6407759509443296,2.0375957094377246,1.2259749817453898,1.3240031603358955,65.33811357982583,0.0,6.280950137076834,0.0,7.956268865460434,0.0613902,1.0,0.0,-0.7922354631268842
RB,13,Jam Miller,4.557640750670242,25.65947242206235,373,NWE,7,245,0.5676106526524607,1.0337286759981645,0.13675350315243806,0.2385945377421499,12.760482132950031,0.0,5.207784838784965,0.0,6.883103567168565,0.022546219,1.0,0.0,-0.5000508015513407
WR,1,Carnell Tate,94.0952380952381,83.95904436860067,525,TEN,1,4,10.396023701730696,11.659741475590238,7.77318871598639,8.661421952428185,419.92369931972775,4.884479586084439,15.907567817376954,3.5701456660164137,17.22190173744498,0.56791365,1.0,0.0,2.4313149037892225
WR,2,Makai Lemon,93.33333333333333,83.78839590443687,525,PHI,1,20,10.264735414915965,11.670019860444173,6.664001407062825,8.386158410587635,426.67331619047593,4.753191299269708,15.77627953056222,3.438857379201682,17.090613450630247,0.579592,1.0,0.0,0.9161786334048196
WR,3,KC Concepcion,91.80952380952381,82.93515358361775,525,CLE,1,24,9.917473993347349,11.430519609843932,7.826244266956775,8.733791637071297,441.743832244898,4.405929877701092,15.429018108993606,3.091595957633066,16.743352029061633,0.6734994,1.0,0.0,1.064641962652487
WR,4,Denzel Boston,86.28571428571429,78.32764505119454,525,CLE,2,39,8.742896696928765,10.301855230592238,7.981258727991189,7.129661064474502,345.5974325170068,3.2313525812825086,14.254440812575023,1.9170186612144828,15.568774732643048,0.40082595,1.0,0.0,0.7029098576219042
WR,5,De'Zhaun Stribling,78.85714285714286,73.37883959044369,525,SFO,2,33,7.555284829556821,8.9290643935074,7.3202757047819045,6.081385092749754,316.76684673469373,2.043740713910564,13.066828945203078,0.7294067938425384,14.381162865271104,0.14852121,1.0,0.0,1.8199351454025403
WR,6,Jordyn Tyson,77.71428571428571,72.52559726962457,525,NOR,1,8,7.351202510004006,7.7911459793917635,6.23157775910364,6.528365691096578,326.4475159183671,1.8396583943577491,12.862746625650264,0.5253244742897234,14.177080545718288,0.29179865,1.0,0.0,2.1556648854031937
WR,7,Omar Cooper Jr.,69.14285714285714,68.43003412969283,525,NYJ,1,30,5.960267758103249,6.432647057823131,4.814296094187675,4.318746805935977,217.7585349659862,0.4487236424569918,11.471811873749505,0.0,12.786145793817532,0.069868594,1.0,0.0,0.3417855919870716
WR,8,Germie Bernard,66.85714285714286,67.06484641638225,525,PIT,2,47,5.660352908288315,7.506793175186742,5.590932319927976,4.864879139744605,248.85660061224485,0.14880879264205849,11.171897023934573,0.0,12.486230944002598,0.07231198,1.0,0.0,0.44392548001679
WR,9,Elijah Sarratt,64.95238095238095,66.72354948805462,525,BAL,4,115,5.434221705682271,6.385772392957189,3.611845318627448,4.4148615984998765,225.367517687075,0.0,10.945765821328528,0.0,12.260099741396553,0.14666602,1.0,0.0,-1.6321828396915623
WR,10,Malachi Fields,64.95238095238095,66.38225255972696,525,NYG,3,74,5.4003923165516206,6.909673560507537,3.7198312309923964,4.603855807197844,224.62380993197277,0.0,10.911936432197876,0.0,12.226270352265903,0.060176514,1.0,0.0,0.13429407419765838
WR,11,Antonio Williams,62.476190476190474,65.35836177474403,525,WAS,3,71,5.087450011129453,6.274023906479258,3.9415475790316123,3.5887131643566943,200.6537298639457,0.0,10.598994126775711,0.0,11.913328046843736,0.092394084,1.0,0.0,0.4831385364879299
WR,12,Caleb Douglas,62.095238095238095,64.67576791808874,525,MIA,3,75,4.990803552546018,5.97755713235294,3.7011365551220505,3.9142452793726954,185.38122707482978,0.0,10.502347668192275,0.0,11.816681588260302,0.06028268,1.0,0.0,-0.04621085240262435
WR,13,Ted Hurst,61.523809523809526,64.16382252559727,525,TAM,3,84,4.924652876150458,6.237727900243432,3.524682941426569,4.012779325064609,201.6118870748299,0.0,10.436196991796715,0.0,11.75053091186474,0.22577477,1.0,0.0,0.7126772734525373
WR,14,Chris Bell,59.80952380952381,63.13993174061433,525,MIA,3,94,4.660868620406493,6.0522407540516205,2.7161388510404167,3.642898405043424,187.98858380952385,0.0,10.172412736052749,0.0,11.486746656120776,0.0931194,1.0,0.0,-0.5265480721744158
WR,15,Brenen Thompson,56.38095238095238,60.40955631399317,525,LAC,4,105,4.1361262229891995,4.8841275995398155,3.6648511784713875,3.1920364978457343,148.71407510204088,0.0,9.647670338635457,0.0,10.962004258703482,0.030411761,1.0,0.0,-0.21587078214142696
WR,16,Chris Brazzell II,56.19047619047619,60.238907849829346,525,CAR,3,83,4.119425413400209,5.489115824746568,2.862797503023939,3.526439603855763,160.44733455782313,0.0,9.630969529046466,0.0,10.94530344911449,0.18735808,1.0,0.0,0.027812598434406866
WR,17,Ja'Kobi Lane,55.42857142857143,59.21501706484642,525,BAL,3,80,3.99235551770708,5.624541135954381,2.4443912339935987,3.52453856735919,179.61946938775506,0.0,9.503899633353337,0.0,10.818233553421363,0.062368352,1.0,0.0,-0.017237093034838225
WR,18,Zachariah Branch,52.19047619047619,57.67918088737202,525,ATL,3,79,3.783675322378949,4.958572595788317,3.0464900070027996,2.8824548994897956,153.97059360544216,0.0,9.295219438025207,0.0,10.609553358093232,0.08371776,1.0,0.0,-0.47570927979063704
WR,19,Reggie Virgil,50.857142857142854,55.460750853242324,525,ARI,5,143,3.6164644365246073,4.660502699579833,2.278282651810725,2.604563144225037,140.1784993197279,0.0,9.128008552170865,0.0,10.44234247223889,0.025214892,1.0,0.0,-0.16536481590690144
WR,20,Kendrick Law,42.857142857142854,51.70648464163823,525,DET,5,168,3.1763659176170465,3.673498373349341,2.1554453706482604,2.2811589362098585,103.97702285714279,0.0,8.687910033263304,0.0,10.002243953331329,0.017434176,1.0,0.0,-0.1726893166040595
WR,21,Bryce Lance,40.76190476190476,51.19453924914675,525,NOR,4,136,3.0266134433773506,3.769381558252086,1.2889545766564208,2.5110261989493066,113.8382461904762,0.0,8.538157559023608,0.0,9.852491479091633,0.028879663,0.0,0.0,0.06406784152337242
WR,22,Emmanuel Henderson Jr.,40.38095238095238,50.85324232081911,525,SEA,6,199,2.978181425320128,4.28804487995198,0.7437789184006941,2.2247371438024186,107.71493510204078,0.0,8.489725540966385,0.0,9.804059461034411,0.02259286,1.0,0.0,-0.7190690614345652
WR,23,Kevin Coleman Jr.,39.80952380952381,50.68259385665529,525,MIA,5,177,2.955727631677674,3.5651409463785524,2.421771998716154,2.3291247228313092,114.5204333106576,0.0,8.467271747323931,0.0,9.781605667391958,0.049215835,1.0,0.0,-0.6732539082216791
WR,24,Kaden Wetjen,38.095238095238095,50.51194539249146,525,PIT,4,121,2.8633279101640676,3.571478587935175,1.546522266906763,1.882973521156081,92.12906068027216,0.0,8.374872025810324,0.0,9.68920594587835,0.019906415,1.0,0.0,-0.7092706813543943
WR,25,Skyler Bell,35.80952380952381,49.829351535836174,525,BUF,4,125,2.7760190681272534,3.7762825745298114,1.970723542416966,2.356127079356911,130.994548707483,0.0,8.28756318377351,0.0,9.601897103841535,0.018285329,1.0,0.0,-0.7622288549497824
WR,26,Zavion Thomas,31.428571428571427,47.44027303754266,525,CHI,3,89,2.509102265906362,3.2939921983793523,3.1519645098039195,2.1148541756056844,99.94654340136064,0.0,8.02064638155262,0.0,9.334980301620645,0.09007556,1.0,0.0,0.060263831404862245
WR,27,Cyrus Allen,26.857142857142858,44.88054607508533,525,KAN,5,176,2.2152928077064162,2.6400122302254228,1.7840726895758297,1.7119561587760947,79.71678224489797,0.0,7.726836923352673,0.0,9.041170843420698,0.026656855,1.0,0.0,-0.4407430133115673
WR,28,Colbie Young,25.71428571428571,44.36860068259386,525,CIN,4,140,2.1208277613545428,2.628672862144857,1.9958312222388979,1.9357705395076368,89.26428725623578,0.0,7.6323718770008,0.0,8.946705797068825,0.042990137,1.0,0.0,0.8763541990263155
WR,29,Barion Brown,24.38095238095238,44.027303754266214,525,NOR,6,190,2.0607128615196073,2.6497729510137398,0.7119087907663064,1.2868937240672922,71.8342224489796,0.0,7.572256977165864,0.0,8.88659089723389,0.04491124,1.0,0.0,-0.5498668034679923
WR,30,Josh Cameron,14.857142857142858,39.419795221843,525,JAX,6,191,1.494856783338335,1.8067134768907565,0.753631047085501,1.051823049623478,54.815336870748276,0.0,7.006400898984592,0.0,8.320734819052618,0.030785572,1.0,0.0,-0.5644455116615248
WR,31,Lewis Bond,13.904761904761905,39.249146757679185,525,HOU,6,204,1.449890933248299,1.976193225540216,0.6507561815751941,1.0650674506485134,53.82268310451452,0.0,6.961435048894556,0.0,8.27576896896258,0.031808227,1.0,0.0,0.6540563257510579
WR,32,CJ Williams,11.047619047619047,37.37201365187713,525,JAX,6,203,1.3443847534013604,1.9164569567827139,0.4507056884612818,0.9298939730579311,47.069340272108875,0.0,6.8559288690476174,0.0,8.170262789115643,0.017984373,1.0,0.0,0.07853905449039367
WR,33,Anthony Smith,11.047619047619047,37.20136518771331,525,DAL,7,218,1.3357829581415892,1.8948214940976404,0.5842558047578008,1.0009021044397357,49.061489591836775,0.0,6.847327073787846,0.0,8.161660993855872,0.018219776,1.0,0.0,-0.11989409579201205
WR,34,Deion Burks,10.095238095238095,37.03071672354949,525,IND,7,254,1.315204961484594,1.635273140256101,0.5116740771308522,0.8228839335278333,39.47945877551022,0.0,6.8267490771308506,0.0,8.141082997198877,0.01815544,1.0,0.0,-0.0554507865678362
WR,35,Malik Benson,8.571428571428571,36.86006825938566,525,LVR,6,195,1.274803914982659,1.971543994514473,0.5471754144157661,0.9468045282724192,46.95597249433105,0.0,6.786348030628916,0.0,8.100681950696941,0.026200498,1.0,0.0,-0.1747323631227724
WR,36,CJ Daniels,4.571428571428571,35.665529010238906,525,LAR,6,197,1.144071504976991,1.4549169817927174,0.8058703466386555,0.7940105997205004,40.91630993197275,0.0,6.655615620623248,0.0,7.969949540691274,0.03694013,1.0,0.0,-0.6986523478991673
TE,1,Kenyon Sadiq,96.12068965517241,87.77777777777777,232,NYJ,1,16,8.22883863853933,9.355852043984262,6.128904132046756,7.113293189361665,348.79931908123604,5.351154676549755,11.106522600528905,3.6688552141099997,12.78882206296866,0.366309,1.0,0.0,1.65484433274657
TE,2,Eli Stowers,86.63793103448276,78.51851851851852,232,PHI,2,54,6.314184573853434,7.316632146651197,3.973278074719396,5.2289982915576,260.8712150400393,3.4365006118638597,9.191868535843009,1.7542011494241043,10.874167998282765,0.37128735,1.0,0.0,0.22123326052251002
TE,3,Max Klare,82.75862068965517,74.44444444444444,232,LAR,2,61,5.466731235400921,6.366232789318522,3.4400902819274553,4.359518696805245,214.63716340358042,2.5890472734113468,8.344415197390497,0.9067478109715914,10.026714659830251,0.31992635,1.0,0.0,0.8305108951952169
TE,4,Marlin Klein,71.12068965517241,70.37037037037037,232,HOU,2,59,4.295241791700361,4.891489329081282,1.9595051131431598,3.3115411255328575,165.67010669172083,1.4175578297107867,7.172925753689936,0.0,8.855225216129691,0.2158792,1.0,0.0,0.526454058939323
TE,5,Tanner Koziol,68.53448275862068,68.88888888888889,232,JAX,5,164,4.117402183331957,4.951220829952027,2.2353133410823545,3.3515603228390662,161.54959215387794,1.2397182213423825,6.995086145321531,0.0,8.677385607761288,0.095438324,1.0,0.0,-1.199730376059088
TE,6,Sam Roush,68.10344827586206,68.51851851851852,232,CHI,3,69,4.044895445670111,5.173216983296812,2.1379812589861116,2.971712974446771,145.2886674736375,1.1672114836805365,6.922579407659685,0.0,8.60487887009944,0.41642585,1.0,0.0,0.030760931185469076
TE,7,Eli Raridon,67.67241379310344,68.14814814814815,232,NWE,3,95,4.018446792915301,5.2060359640009874,1.875726974250074,3.174317158858666,153.04521195027198,1.140762830925727,6.896130754904876,0.0,8.578430217344632,0.16023512,1.0,0.0,0.12268806906242258
TE,8,Nate Boerkircher,62.06896551724138,65.55555555555556,232,JAX,2,56,3.6184626638190243,4.257253573911501,1.579129927314749,2.7343480980309516,139.20422691023262,0.7407787018294498,6.496146625808599,0.0,8.178446088248354,0.21983121,1.0,0.0,1.2234354459581045
TE,9,Oscar Delp,57.327586206896555,64.07407407407408,232,NOR,3,73,3.3962940802684702,4.090947007147846,1.487663867627471,2.3865939934550537,123.82767818213529,0.5186101182788958,6.273978042258045,0.0,7.9562775046978,0.13753626,1.0,0.0,0.6569710811174243
TE,10,Matthew Hibner,56.03448275862068,62.96296296296296,232,BAL,4,133,3.305785028753923,4.173544691830115,1.7024934253829733,2.6836524521090617,130.22095166801455,0.42810106676434856,6.183468990743497,0.0,7.865768453183253,0.062425792,1.0,0.0,-0.6962461322034565
TE,11,Justin Joly,50.43103448275862,60.0,232,DEN,5,152,3.0606238619704866,3.656893948089145,1.9263367115202725,2.325937121840892,114.85830151340723,0.1829398999809122,5.938307823960061,0.0,7.620607286399816,0.074612975,1.0,0.0,-0.4268310187993656
TE,12,Will Kacmarek,50.0,59.62962962962963,232,MIA,3,87,2.96991387449152,3.5374639749582806,1.0844783535045714,2.2467032948360672,108.39586846042845,0.09222991250194568,5.8475978364810945,0.0,7.52989729892085,0.0733389,1.0,0.0,0.7965486428209001
TE,13,Seydou Traore,45.258620689655174,56.2962962962963,232,MIA,5,180,2.6449425848422115,3.135145451185136,1.7384198976502019,2.1867240172162696,102.60676145695572,0.0,5.522626546831786,0.0,7.204926009271541,0.060513556,1.0,0.0,-0.5093820355513365
TE,14,Bauer Sharp,41.37931034482759,56.2962962962963,232,TAM,6,185,2.55521642760659,2.8740689273996303,1.7144780951902905,1.9728455763172421,97.17360087880374,0.0,5.432900389596164,0.0,7.11519985203592,0.08662432,1.0,0.0,-0.49695380715914794
TE,15,Josh Cuevas,33.62068965517241,50.74074074074074,232,BAL,5,173,2.106412673386953,2.7906949921915154,1.3900787043214724,1.7545898997030884,84.4162708535909,0.0,4.9840966353765275,0.0,6.666396097816283,0.03382579,1.0,0.0,-0.13737614754678606
TE,16,Joe Royer,30.603448275862068,49.25925925925926,232,CLE,5,170,1.8771893180701764,2.588047389444124,1.1856107198712813,1.5111457786758655,75.83756197025197,0.0,4.754873280059751,0.0,6.437172742499506,0.040831033,1.0,0.0,-1.0763893554954649
TE,17,Riley Nowakowski,27.586206896551722,46.2962962962963,232,PIT,5,169,1.707723329979137,2.359914103059639,1.2218360113328544,1.3675550837232986,65.65101511599511,0.0,4.585407291968711,0.0,6.267706754408467,0.030005852,1.0,0.0,-0.5078091347927085
TE,18,Max Bredeson,21.551724137931032,42.96296296296296,232,MIN,5,159,1.4130097379933917,1.7927526913807486,0.9092639505015285,1.1140502580393565,53.41253459524599,0.0,4.290693699982966,0.0,5.972993162422721,0.023827892,1.0,0.0,0.4438973772434922
TE,19,Carsen Ryan,10.344827586206897,31.48148148148148,232,CLE,7,248,0.6644573505958324,0.9987367621617405,0.2554063589596681,0.4366836692457119,20.98059924583353,0.0,3.542141312585407,0.0,5.224440775025162,0.026075944,1.0,0.0,-0.19108859742734197
TE,20,Dallen Bentley,7.758620689655173,28.51851851851852,232,DEN,7,256,0.5346043039272815,0.7889794371431552,0.2536134024017533,0.38249471783366606,19.257592158000726,0.0,3.412288265916856,0.0,5.094587728356611,0.03828563,1.0,0.0,-1.0257894489953543
TE,21,Jaren Kanak,5.603448275862069,26.296296296296294,232,TEN,7,225,0.47741662863659445,0.5567632036176944,0.4513499078745717,0.39841706764757384,19.732050456527606,0.0,3.355100590626169,0.0,5.037400053065924,0.11505647,1.0,0.0,-0.8729500222114339
TE,22,Jack Endries,1.293103448275862,23.333333333333332,232,CIN,7,221,0.34495047162396414,0.4666146717987898,0.24630246515272772,0.2887394079065101,14.469641863216147,0.0,3.2226344336135386,0.0,4.9049338960532936,0.07243216,1.0,0.0,-0.7004920614455132
