season,pfr_id,pfr_name,position,college_name,final_school,college_season,tr_sos_rating,tr_sos_z,tr_sos_rank_pct,match_method,match_score
2014,BortBl00,Blake Bortles,QB,UCF,UCF,2013,0.8,0.3481245354538753,0.6048387096774194,exact,100.0
2014,WatkSa00,Sammy Watkins,WR,Clemson,Clemson,2013,7.1,1.1672104980171465,0.8387096774193549,exact,100.0
2014,EvanMi00,Mike Evans,WR,Texas A&M,Texas A&M,2013,7.8,1.258220049413065,0.8548387096774194,exact,100.0
2014,EbroEr00,Eric Ebron,TE,North Carolina,North Carolina,2013,1.4,0.426132722364663,0.6370967741935484,exact,100.0
2014,BeckOd00,Odell Beckham,WR,LSU,LSU,2013,8.5,1.3492296008089844,0.9193548387096774,exact,100.0
2014,CookBr00,Brandin Cooks,WR,Oregon State,Oregon State,2013,6.4,1.0762009466212272,0.814516129032258,exact,100.0
2014,ManzJo00,Johnny Manziel,QB,Texas A&M,Texas A&M,2013,7.8,1.258220049413065,0.8548387096774194,exact,100.0
2014,BenjKe00,Kelvin Benjamin,WR,Florida State,Florida State,2013,8.4,1.3362282363238531,0.9032258064516128,exact,100.0
2014,BridTe00,Teddy Bridgewater,QB,Louisville,Louisville,2013,-3.2,-0.1719300439513761,0.467741935483871,exact,100.0
2014,CarrDe02,Derek Carr,QB,Fresno State,Fresno State,2013,-5.0,-0.4059546046837393,0.3870967741935484,exact,100.0
2014,SefeAu00,Austin Seferian-Jenkins,TE,Washington,Washington,2013,10.1,1.557251432571085,0.967741935483871,exact,100.0
2014,LeexMa00,Marqise Lee,WR,USC,USC,2013,6.7,1.1152050400766214,0.8225806451612903,exact,100.0
2014,MattJo00,Jordan Matthews,WR,Vanderbilt,Vanderbilt,2013,2.4,0.5561463672159759,0.6774193548387097,exact,100.0
2014,RichPa01,Paul Richardson,WR,Colorado; UCLA,Colorado,2013,-1.3,0.0750958812661182,0.5080645161290323,exact,100.0
2014,AmarJa00,Jace Amaro,TE,Texas Tech,Texas Tech,2013,4.8,0.8681791148591268,0.75,exact,100.0
2014,NiklTr00,Troy Niklas,TE,Notre Dame,Notre Dame,2013,5.5,0.9591886662550456,0.7661290322580645,exact,100.0
2014,AdamDa01,Davante Adams,WR,Fresno State,Fresno State,2013,-5.0,-0.4059546046837393,0.3870967741935484,exact,100.0
2014,SankBi00,Bishop Sankey,RB,Washington,Washington,2013,10.1,1.557251432571085,0.967741935483871,exact,100.0
2014,HillJe01,Jeremy Hill,RB,LSU,LSU,2013,8.5,1.3492296008089844,0.9193548387096774,exact,100.0
2014,LatiCo00,Cody Latimer,WR,Indiana,Indiana,2013,1.6,0.4521354513349256,0.6532258064516129,exact,100.0
2014,HydeCa00,Carlos Hyde,RB,Ohio State,Ohio State,2013,4.4,0.8161736569186016,0.7338709677419355,exact,100.0
2014,RobiAl02,Allen Robinson,WR,Penn State,Penn State,2013,-0.2,0.2181108906025624,0.5483870967741935,exact,100.0
2014,GaroJi00,Jimmy Garoppolo,QB,Eastern Illinois,Eastern Illinois,2013,,,,unmatched,
2014,LandJa00,Jarvis Landry,WR,LSU,LSU,2013,8.5,1.3492296008089844,0.9193548387096774,exact,100.0
2014,FiedC.00,C.J. Fiedorowicz,TE,Iowa,Iowa,2013,3.3,0.6731586475821575,0.7016129032258065,exact,100.0
2014,SimsCh00,Charles Sims,RB,West Virginia; Houston,West Virginia,2013,0.1,0.2571149840579563,0.5564516129032258,exact,100.0
2014,MasoTr00,Tre Mason,RB,Auburn,Auburn,2013,10.9,1.6612623484521352,0.9838709677419356,exact,100.0
2014,HuffJo00,Josh Huff,WR,Oregon,Oregon,2013,10.1,1.557251432571085,0.9596774193548387,exact,100.0
2014,MoncDo00,Donte Moncrief,WR,Mississippi,Mississippi,2013,8.3,1.323226871838722,0.8790322580645161,exact,100.0
2014,BrowJo02,John Brown,WR,Pittsburg State (KS); Coffeyville CC; Mars Hill,Pittsburg State (KS),2013,,,,unmatched,
2014,WestTe00,Terrance West,RB,Towson State,Towson State,2013,,,,unmatched,
2014,McKiJe00,Jerick McKinnon,RB,Georgia Southern,Georgia Southern,2013,-14.4,-1.6280828662860802,0.0725806451612903,fuzzy,88.88888888888889
2014,ArchDr00,Dri Archer,WR,Kent State,Kent State,2013,-8.6,-0.8740037261484657,0.217741935483871,exact,100.0
2014,RodgRi00,Richard Rodgers,TE,California,California,2013,0.8,0.3481245354538753,0.5967741935483871,exact,100.0
2014,GillCr00,Crockett Gillmore,TE,Colorado State,Colorado State,2013,-6.3,-0.574972342990446,0.3225806451612903,exact,100.0
2014,FreeDe00,Devonta Freeman,RB,Florida State,Florida State,2013,8.4,1.3362282363238531,0.9032258064516128,exact,100.0
2014,SaunJa00,Jalen Saunders,WR,Oklahoma; Fresno State,Oklahoma,2013,9.0,1.4142364232346407,0.935483870967742,exact,100.0
2014,ElliBr00,Bruce Ellington,WR,South Carolina,South Carolina,2013,8.2,1.3102255073535902,0.8709677419354839,exact,100.0
2014,WillAn00,Andre Williams,RB,Boston College,Boston College,2013,-0.7,0.153104068176906,0.532258064516129,exact,100.0
2014,EvanSh00,Shaquelle Evans,WR,UCLA; Notre Dame,UCLA,2013,10.8,1.648260983967004,0.9758064516129032,exact,100.0
2014,CareKa00,Ka'Deem Carey,RB,Arizona,Arizona,2013,6.1,1.037196853165833,0.7903225806451613,exact,100.0
2014,BryaMa00,Martavis Bryant,WR,Clemson,Clemson,2013,7.1,1.1672104980171465,0.8387096774193549,exact,100.0
2014,ThomLo00,Logan Thomas,QB,Virginia Tech,Virginia Tech,2013,3.8,0.7381654700078139,0.7096774193548387,exact,100.0
2014,NorwKe00,Kevin Norwood,WR,Alabama,Alabama,2013,9.5,1.479243245660297,0.9516129032258064,exact,100.0
2014,ThomDe05,De'Anthony Thomas,RB,Oregon,Oregon,2013,10.1,1.557251432571085,0.9596774193548387,exact,100.0
2014,WhitJa02,James White,RB,Wisconsin,Wisconsin,2013,6.8,1.1282064045617526,0.8306451612903226,exact,100.0
2014,SavaTo00,Tom Savage,QB,Pittsburgh; Arizona; Rutgers,Pittsburgh,2013,2.1,0.517142273760582,0.6612903225806452,exact,100.0
2014,TaliLo00,Lorenzo Taliaferro,RB,Coastal Carolina; Lackawanna JC,Coastal Carolina,2013,,,,unmatched,
2014,GranRy01,Ryan Grant,WR,Tulane,Tulane,2013,-8.4,-0.8480009971782032,0.2258064516129032,exact,100.0
2014,StreDe00,Devin Street,WR,Pittsburgh,Pittsburgh,2013,2.1,0.517142273760582,0.6612903225806452,exact,100.0
2014,LyncAr00,Arthur Lynch,TE,Georgia,Georgia,2013,8.9,1.4012350587495097,0.9274193548387096,exact,100.0
2014,MurrAa00,Aaron Murray,QB,Georgia,Georgia,2013,8.9,1.4012350587495097,0.9274193548387096,exact,100.0
2014,McCaA.00,A.J. McCarron,QB,Alabama,Alabama,2013,9.5,1.479243245660297,0.9516129032258064,exact,100.0
2014,AbbrJa00,Jared Abbrederis,WR,Wisconsin,Wisconsin,2013,6.8,1.1282064045617526,0.8306451612903226,exact,100.0
2014,MettZa00,Zach Mettenberger,QB,LSU; Butler County JC; Georgia,LSU,2013,8.5,1.3492296008089844,0.9193548387096774,exact,100.0
2014,BlueAl00,Alfred Blue,RB,LSU,LSU,2013,8.5,1.3492296008089844,0.9193548387096774,exact,100.0
2014,FaleDa00,David Fales,QB,San Jose State; Monterey Peninsula; Nevada,San Jose State,2013,-3.9,-0.2629395953472951,0.4354838709677419,exact,100.0
2014,HerrRo00,Robert Herron,WR,Wyoming,Wyoming,2013,-10.4,-1.1080282868808289,0.1451612903225806,exact,100.0
2014,SeasLa00,Lache Seastrunk,RB,Baylor; Oregon,Baylor,2013,7.9,1.2712214138981963,0.8629032258064516,exact,100.0
2014,JoneT.00,T.J. Jones,WR,Notre Dame,Notre Dame,2013,5.5,0.9591886662550456,0.7661290322580645,exact,100.0
2014,HazeMa01,Matt Hazel,WR,Coastal Carolina,Coastal Carolina,2013,,,,unmatched,
2014,WennKe00,Keith Wenning,QB,Ball State,Ball State,2013,-10.8,-1.160033744821354,0.1370967741935483,exact,100.0
2014,PoweWa00,Walt Powell,WR,Murray State,Murray State,2013,,,,unmatched,
2014,GricMa00,Marion Grice,RB,Arizona State; Blinn College,Arizona State,2013,10.9,1.6612623484521352,0.9919354838709676,exact,100.0
2014,GaffTy00,Tyler Gaffney,RB,Stanford,Stanford,2013,11.9,1.791275993303448,1.0,exact,100.0
2014,EnunQu00,Quincy Enunwa,WR,Nebraska,Nebraska,2013,0.4,0.2961190775133501,0.5806451612903225,exact,100.0
2014,ProsJa00,Jay Prosch,RB,Auburn; Illinois,Auburn,2013,10.9,1.6612623484521352,0.9838709677419356,exact,100.0
2014,BoydTa00,Tajh Boyd,QB,,,2013,,,,unmatched,
2014,GilbGa01,Garrett Gilbert,QB,SMU; Texas,SMU,2013,-4.0,-0.2759409598324264,0.4193548387096774,exact,100.0
2014,BolsTe00,Ted Bolser,TE,Indiana,Indiana,2013,1.6,0.4521354513349256,0.6532258064516129,exact,100.0
2014,CampMi02,Michael Campanaro,WR,Wake Forest,Wake Forest,2013,-2.9,-0.1329259504959823,0.4838709677419355,exact,100.0
2014,JohnSt03,Storm Johnson,RB,UCF; Miami,UCF,2013,0.8,0.3481245354538753,0.6048387096774194,exact,100.0
2014,SmalKi00,Kiero Small,RB,Arkansas,Arkansas,2013,2.6,0.5821490961862384,0.685483870967742,exact,100.0
2014,BlanRo01,Rob Blanchflower,TE,UMass Amherst,UMass Amherst,2013,,,,unmatched,
2014,JaniJe00,Jeff Janis,WR,Saginaw Valley State,Saginaw Valley State,2013,,,,unmatched,
2014,WrigJa03,James Wright,WR,LSU,LSU,2013,8.5,1.3492296008089844,0.9193548387096774,exact,100.0
2014,ReesTe00,Tevin Reese,WR,Baylor,Baylor,2013,7.9,1.2712214138981963,0.8629032258064516,exact,100.0
2014,GallJe00,Jeremy Gallon,WR,,,2013,,,,unmatched,
2014,MillTr00,Trey Millard,RB,Oklahoma,Oklahoma,2013,9.0,1.4142364232346407,0.935483870967742,exact,100.0
2015,WinsJa00,Jameis Winston,QB,Florida State,Florida State,2014,6.6,1.0420746547340372,0.7952755905511811,exact,100.0
2015,MariMa01,Marcus Mariota,QB,Oregon,Oregon,2014,11.4,1.6486598445669056,0.968503937007874,exact,100.0
2015,CoopAm00,Amari Cooper,WR,Alabama,Alabama,2014,13.7,1.939315248028488,0.9921259842519684,exact,100.0
2015,WhitKe00,Kevin White,WR,West Virginia; Lackawanna JC,West Virginia,2014,8.2,1.24426971801166,0.8661417322834646,exact,100.0
2015,GurlTo01,Todd Gurley,RB,Georgia,Georgia,2014,9.2,1.3706416325601742,0.8976377952755905,exact,100.0
2015,ParkDe01,DeVante Parker,WR,Louisville,Louisville,2014,4.1,0.7261448683627517,0.7244094488188977,exact,100.0
2015,GordMe00,Melvin Gordon,RB,Wisconsin,Wisconsin,2014,4.8,0.8146052085467116,0.7401574803149606,exact,100.0
2015,AghoNe00,Nelson Agholor,WR,USC,USC,2014,8.3,1.2569069094665115,0.8740157480314961,exact,100.0
2015,PerrBr02,Breshad Perriman,WR,UCF,UCF,2014,-3.8,-0.2721932565705106,0.4409448818897638,exact,100.0
2015,DorsPh00,Phillip Dorsett,WR,Miami,Miami,2014,4.5,0.7766936341821574,0.7322834645669292,exact,100.0
2015,YeldT.00,T.J. Yeldon,RB,Alabama,Alabama,2014,13.7,1.939315248028488,0.9921259842519684,exact,100.0
2015,SmitDe04,Devin Smith,WR,Ohio State,Ohio State,2014,11.1,1.6107482702023512,0.9606299212598424,exact,100.0
2015,GreeDo00,Dorial Green-Beckham,WR,Oklahoma; Missouri,Oklahoma,2014,8.2,1.24426971801166,0.8582677165354331,exact,100.0
2015,FuncDe00,Devin Funchess,TE,Michigan,Michigan,2014,2.3,0.4986754221754261,0.6377952755905512,exact,100.0
2015,AbduAm00,Ameer Abdullah,RB,Nebraska,Nebraska,2014,3.3,0.6250473367239403,0.6850393700787402,exact,100.0
2015,WillMa04,Maxx Williams,TE,Minnesota,Minnesota,2014,3.0,0.587135762359386,0.6771653543307087,exact,100.0
2015,WalfCl00,Clive Walford,TE,Miami,Miami,2014,4.5,0.7766936341821574,0.7322834645669292,exact,100.0
2015,LockTy00,Tyler Lockett,WR,Kansas State,Kansas State,2014,9.5,1.4085532069247286,0.905511811023622,exact,100.0
2015,StroJa01,Jaelen Strong,WR,Arizona State; Pierce College,Arizona State,2014,6.5,1.0294374632791858,0.7874015748031495,exact,100.0
2015,ColeTe01,Tevin Coleman,RB,Indiana,Indiana,2014,-1.5,0.018462146891072,0.4960629921259842,exact,100.0
2015,GrayGa00,Garrett Grayson,QB,Colorado State,Colorado State,2014,-4.6,-0.373290788209322,0.4173228346456693,exact,100.0
2015,ConlCh00,Chris Conley,WR,Georgia,Georgia,2014,9.2,1.3706416325601742,0.8976377952755905,exact,100.0
2015,JohnDu00,Duke Johnson,RB,Miami,Miami,2014,4.5,0.7766936341821574,0.7322834645669292,exact,100.0
2015,KrofTy00,Tyler Kroft,TE,Rutgers,Rutgers,2014,1.3,0.3723035076269118,0.6062992125984252,exact,100.0
2015,JohnDa08,David Johnson,RB,Northern Iowa,Northern Iowa,2014,,,,unmatched,
2015,CoatSa00,Sammie Coates,WR,Auburn,Auburn,2014,14.0,1.9772268223930425,1.0,exact,100.0
2015,MannSe00,Sean Mannion,QB,Oregon State,Oregon State,2014,2.5,0.5239498050851289,0.6456692913385826,exact,100.0
2015,HeueJe00,Jeff Heuerman,TE,Ohio State,Ohio State,2014,11.1,1.6107482702023512,0.9606299212598424,exact,100.0
2015,MontTy01,Ty Montgomery,WR,Stanford,Stanford,2014,8.8,1.3200928667407688,0.889763779527559,exact,100.0
2015,JoneMa04,Matt Jones,RB,Florida,Florida,2014,7.6,1.1684465692825514,0.8425196850393701,exact,100.0
2015,PettBr01,Bryce Petty,QB,Baylor,Baylor,2014,9.6,1.42119039837958,0.9212598425196852,exact,100.0
2015,CrowJa00,Jamison Crowder,WR,Duke,Duke,2014,-0.8,0.1069224870750319,0.5354330708661417,exact,100.0
2015,LangJe00,Jeremy Langford,RB,Michigan State,Michigan State,2014,8.8,1.3200928667407688,0.8818897637795275,exact,100.0
2015,HardJu00,Justin Hardy,WR,East Carolina,East Carolina,2014,-3.1,-0.1837329163865507,0.4566929133858267,exact,100.0
2015,FowlJa00,Jalston Fowler,RB,Alabama,Alabama,2014,13.7,1.939315248028488,0.9921259842519684,exact,100.0
2015,BellBl00,Blake Bell,TE,Oklahoma,Oklahoma,2014,8.2,1.24426971801166,0.8582677165354331,exact,100.0
2015,MaylVi00,Vince Mayle,WR,Washington State; Sierra JC; Shasta College,Washington State,2014,4.9,0.8272424000015631,0.7480314960629921,exact,100.0
2015,AlleJa01,Javorius Allen,RB,USC,USC,2014,8.3,1.2569069094665115,0.8740157480314961,exact,100.0
2015,DaviMi01,Mike Davis,RB,South Carolina,South Carolina,2014,6.1,0.97888869745978,0.7716535433070866,exact,100.0
2015,SmelDe00,DeAndre Smelter,WR,Georgia Tech,Georgia Tech,2014,6.6,1.0420746547340372,0.8031496062992126,exact,100.0
2015,CobbDa00,David Cobb,RB,Minnesota,Minnesota,2014,3.0,0.587135762359386,0.6771653543307087,exact,100.0
2015,GreeRa00,Rashad Greene,WR,Florida State,Florida State,2014,6.6,1.0420746547340372,0.7952755905511811,exact,100.0
2015,PruiMy00,MyCole Pruitt,TE,Southern Illinois,Southern Illinois,2014,,,,unmatched,
2015,DiggSt00,Stefon Diggs,WR,Maryland,Maryland,2014,3.3,0.6250473367239403,0.6929133858267716,exact,100.0
2015,HundBr00,Brett Hundley,QB,UCLA,UCLA,2014,10.2,1.4970135471086885,0.9448818897637796,exact,100.0
2015,AjayJa00,Jay Ajayi,RB,Boise State,Boise State,2014,-1.5,0.018462146891072,0.5039370078740157,exact,100.0
2015,WillKa01,Karlos Williams,RB,Florida State,Florida State,2014,6.6,1.0420746547340372,0.7952755905511811,exact,100.0
2015,LippTo00,Tony Lippett,WR,Michigan State,Michigan State,2014,8.8,1.3200928667407688,0.8818897637795275,exact,100.0
2015,UzomC.00,C.J. Uzomah,TE,Auburn,Auburn,2014,14.0,1.9772268223930425,1.0,exact,100.0
2015,NelsJJ00,JJ Nelson,WR,UAB,UAB,2014,-6.6,-0.6260346173063505,0.3622047244094488,exact,100.0
2015,JameJe00,Jesse James,TE,Penn State,Penn State,2014,0.4,0.258568784533249,0.5905511811023623,exact,100.0
2015,BellKe02,Kenny Bell,WR,Nebraska,Nebraska,2014,3.3,0.6250473367239403,0.6850393700787402,exact,100.0
2015,BurtMi00,Michael Burton,RB,Rutgers,Rutgers,2014,1.3,0.3723035076269118,0.6062992125984252,exact,100.0
2015,BoylNi00,Nick Boyle,TE,Delaware,Delaware,2014,,,,unmatched,
2015,O'ShJa00,James O'Shaughnessy,TE,Illinois State,Illinois State,2014,,,,unmatched,
2015,ArtiCa00,Cameron Artis-Payne,RB,Auburn; Allan Hancock College,Auburn,2014,14.0,1.9772268223930425,1.0,exact,100.0
2015,MumpKe00,Keith Mumphery,WR,Michigan State,Michigan State,2014,8.8,1.3200928667407688,0.8818897637795275,exact,100.0
2015,ClayKa00,Kaelin Clay,WR,Utah; Mt. San Antonio; California,Utah,2014,7.5,1.1558093778277,0.8346456692913385,exact,100.0
2015,DaviGe00,Geremy Davis,WR,Connecticut,Connecticut,2014,-9.6,-1.005150360951893,0.1574803149606299,exact,100.0
2015,SpenEv00,Evan Spencer,WR,Ohio State,Ohio State,2014,11.1,1.6107482702023512,0.9606299212598424,exact,100.0
2015,OLeaNi00,Nick O'Leary,TE,Florida State,Florida State,2014,6.6,1.0420746547340372,0.7952755905511811,exact,100.0
2015,JohnMa06,Malcolm Johnson,TE,Mississippi State,Mississippi State,2014,9.7,1.4338275898344313,0.9291338582677166,exact,100.0
2015,TelfRa00,Randall Telfer,TE,USC,USC,2014,8.3,1.2569069094665115,0.8740157480314961,exact,100.0
2015,SassBu00,Bud Sasser,WR,,,2014,,,,unmatched,
2015,DerbA.00,A.J. Derby,TE,Arkansas; Coffeyville CC; Iowa,Arkansas,2014,11.8,1.699208610386311,0.9763779527559056,exact,100.0
2015,WallDa01,Darren Waller,WR,Georgia Tech,Georgia Tech,2014,6.6,1.0420746547340372,0.8031496062992126,exact,100.0
2015,RobiJo02,Josh Robinson,RB,Mississippi State,Mississippi State,2014,9.7,1.4338275898344313,0.9291338582677166,exact,100.0
2015,RipkAa00,Aaron Ripkowski,RB,Oklahoma,Oklahoma,2014,8.2,1.24426971801166,0.8582677165354331,exact,100.0
2015,BackKe00,Kennard Backman,TE,UAB,UAB,2014,-6.6,-0.6260346173063505,0.3622047244094488,exact,100.0
2015,SterNe00,Neal Sterling,WR,Monmouth,Monmouth,2014,,,,unmatched,
2015,DeboAn00,Andre Debose,WR,Florida,Florida,2014,7.6,1.1684465692825514,0.8425196850393701,exact,100.0
2015,KoyaBe00,Ben Koyack,TE,Notre Dame,Notre Dame,2014,5.2,0.8651539743661174,0.7559055118110236,exact,100.0
2015,MurpMa03,Marcus Murphy,RB,Missouri,Missouri,2014,7.3,1.130534994917997,0.8267716535433071,exact,100.0
2015,IoseJo00,Joey Iosefa,RB,Hawaii,Hawaii,2014,-7.7,-0.7650437233097162,0.3070866141732283,exact,100.0
2015,BrowDa03,Da'Ron Brown,WR,Northern Illinois,Northern Illinois,2014,-8.5,-0.8661412549485276,0.2519685039370078,exact,100.0
2015,LewiDe02,Dezmin Lewis,WR,Central Arkansas,Central Arkansas,2014,,,,unmatched,
2015,HillKe01,Kenny Hilliard,RB,LSU,LSU,2014,11.0,1.5981110787475,0.952755905511811,exact,100.0
2015,AlfoMa00,Mario Alford,WR,West Virginia; Georgia Military,West Virginia,2014,8.2,1.24426971801166,0.8661417322834646,exact,100.0
2015,McBrTr00,Tre McBride,WR,William & Mary,William & Mary,2014,,,,unmatched,
2015,SwaiGe00,Geoff Swaim,TE,Texas; Butte College,Texas,2014,6.9,1.0799862290985915,0.8110236220472441,exact,100.0
2015,SiemTr00,Trevor Siemian,QB,Northwestern,Northwestern,2014,0.4,0.258568784533249,0.5826771653543308,exact,100.0
2015,AndeRo01,Rory 'Busta' Anderson,TE,South Carolina,South Carolina,2014,6.1,0.97888869745978,0.7716535433070866,exact,100.0
2015,ChriGe00,Gerald Christian,TE,Louisville; Florida,Louisville,2014,4.1,0.7261448683627517,0.7244094488188977,exact,100.0
2016,GoffJa00,Jared Goff,QB,California,California,2015,7.9,1.204555031729302,0.9212598425196852,exact,100.0
2016,WentCa00,Carson Wentz,QB,North Dakota State,North Dakota State,2015,,,,unmatched,
2016,ElliEz00,Ezekiel Elliott,RB,Ohio State,Ohio State,2015,6.1,0.962888818466997,0.8031496062992126,exact,100.0
2016,ColeCo00,Corey Coleman,WR,Baylor,Baylor,2015,7.9,1.204555031729302,0.905511811023622,exact,100.0
2016,FullWi01,Will Fuller,WR,Notre Dame,Notre Dame,2015,9.3,1.3925176420444283,0.9448818897637796,exact,100.0
2016,DoctJo00,Josh Doctson,WR,TCU; Wyoming,TCU,2015,7.8,1.1911291309925074,0.8976377952755905,exact,100.0
2016,TreaLa00,Laquon Treadwell,WR,Mississippi,Mississippi,2015,10.5,1.5536284508859652,0.984251968503937,exact,100.0
2016,LyncPa00,Paxton Lynch,QB,Memphis,Memphis,2015,2.4,0.466130491205592,0.5905511811023623,exact,100.0
2016,HenrHu00,Hunter Henry,TE,Arkansas,Arkansas,2015,9.9,1.4730730464651969,0.952755905511811,exact,100.0
2016,ShepSt00,Sterling Shepard,WR,Oklahoma,Oklahoma,2015,11.1,1.6341838553067334,0.9921259842519684,exact,100.0
2016,HenrDe00,Derrick Henry,RB,Alabama,Alabama,2015,12.6,1.8355723663586545,1.0,exact,100.0
2016,ThomMi05,Michael Thomas,WR,Ohio State,Ohio State,2015,6.1,0.962888818466997,0.8031496062992126,exact,100.0
2016,HackCh01,Christian Hackenberg,QB,Penn State,Penn State,2015,2.4,0.466130491205592,0.5826771653543308,exact,100.0
2016,BoydTy00,Tyler Boyd,WR,Pittsburgh,Pittsburgh,2015,4.9,0.8017780096254603,0.7401574803149606,exact,100.0
2016,DrakKe00,Kenyan Drake,RB,Alabama,Alabama,2015,12.6,1.8355723663586545,1.0,exact,100.0
2016,HoopAu00,Austin Hooper,TE,Stanford,Stanford,2015,8.0,1.2179809324660968,0.9291338582677166,exact,100.0
2016,MillBr03,Braxton Miller,WR,Ohio State,Ohio State,2015,6.1,0.962888818466997,0.8031496062992126,exact,100.0
2016,CarrLe00,Leonte Carroo,WR,Rutgers,Rutgers,2015,-2.1,-0.1380350419501707,0.4015748031496062,exact,100.0
2016,ProsC.00,C.J. Prosise,RB,Notre Dame,Notre Dame,2015,9.3,1.3925176420444283,0.9448818897637796,exact,100.0
2016,BrisJa00,Jacoby Brissett,QB,N.C. State; Florida,N.C. State,2015,3.0,0.5466858956263604,0.6377952755905512,exact,100.0
2016,KessCo00,Cody Kessler,QB,USC,USC,2015,9.9,1.4730730464651969,0.9606299212598424,exact,100.0
2016,VannNi00,Nick Vannett,TE,Ohio State,Ohio State,2015,6.1,0.962888818466997,0.8031496062992126,exact,100.0
2016,CookCo00,Connor Cook,QB,Michigan State,Michigan State,2015,7.0,1.0837219250981496,0.8503937007874016,exact,100.0
2016,MoorCh00,Chris Moore,WR,Cincinnati,Cincinnati,2015,-1.3,-0.0306278360558129,0.4409448818897638,exact,100.0
2016,HigbTy00,Tyler Higbee,TE,Western Kentucky,Western Kentucky,2015,-2.1,-0.1380350419501707,0.3858267716535433,exact,100.0
2016,MitcMa01,Malcolm Mitchell,WR,Georgia,Georgia,2015,5.2,0.8420557118358445,0.7480314960629921,exact,100.0
2016,LouiRi00,Ricardo Louis,WR,Auburn,Auburn,2015,7.7,1.1777032302557129,0.889763779527559,exact,100.0
2016,CoopPh00,Pharoh Cooper,WR,South Carolina,South Carolina,2015,3.8,0.6540931015207182,0.6850393700787402,exact,100.0
2016,ErviTy00,Tyler Ervin,RB,San Jose State,San Jose State,2015,-6.3,-0.7019228728955493,0.2992125984251969,exact,100.0
2016,RobiDe01,Demarcus Robinson,WR,Florida,Florida,2015,7.5,1.1508514287821232,0.8740157480314961,exact,100.0
2016,DixoKe00,Kenneth Dixon,RB,Louisiana Tech,Louisiana Tech,2015,-5.4,-0.5810897662643969,0.3070866141732283,exact,100.0
2016,PresDa01,Dak Prescott,QB,Mississippi State,Mississippi State,2015,8.6,1.2985363368868652,0.937007874015748,exact,100.0
2016,BookDe00,Devontae Booker,RB,Utah; American River,Utah,2015,6.7,1.0434442228877654,0.8346456692913385,exact,100.0
2016,DevaSe00,Seth Devalve,TE,Princeton,Princeton,2015,,,,unmatched,
2016,JoneCa01,Cardale Jones,QB,Ohio State,Ohio State,2015,6.1,0.962888818466997,0.8031496062992126,exact,100.0
2016,SharTa00,Tajae Sharpe,WR,UMass Amherst,UMass Amherst,2015,,,,unmatched,
2016,WashDe00,DeAndre Washington,RB,Texas Tech,Texas Tech,2015,5.6,0.8957593147830234,0.7637795275590551,exact,100.0
2016,PerkPa00,Paul Perkins,RB,UCLA,UCLA,2015,6.0,0.9494629177302024,0.7874015748031495,exact,100.0
2016,HowaJo00,Jordan Howard,RB,Indiana; UAB,Indiana,2015,0.9,0.2647419801536711,0.5354330708661417,exact,100.0
2016,SmalWe00,Wendell Smallwood,RB,West Virginia,West Virginia,2015,6.0,0.9494629177302024,0.7952755905511811,exact,100.0
2016,PaytJo00,Jordan Payton,WR,UCLA,UCLA,2015,6.0,0.9494629177302024,0.7874015748031495,exact,100.0
2016,WillJo07,Jonathan Williams,RB,Arkansas,Arkansas,2015,9.9,1.4730730464651969,0.952755905511811,exact,100.0
2016,HogaKe00,Kevin Hogan,QB,Stanford,Stanford,2015,8.0,1.2179809324660968,0.9291338582677166,exact,100.0
2016,DaviTr03,Trevor Davis,WR,California; Hawaii,California,2015,7.9,1.204555031729302,0.9212598425196852,exact,100.0
2016,HillTy00,Tyreek Hill,WR,West Alabama; Garden City CC; Oklahoma State,West Alabama,2015,,,,unmatched,
2016,CollAl00,Alex Collins,RB,Arkansas,Arkansas,2015,9.9,1.4730730464651969,0.952755905511811,exact,100.0
2016,HiggRa00,Rashard Higgins,WR,Colorado State,Colorado State,2015,-7.1,-0.8093300787899071,0.2913385826771654,exact,100.0
2016,JanoAn00,Andy Janovich,RB,Nebraska,Nebraska,2015,2.8,0.5198340941527709,0.6141732283464567,exact,100.0
2016,HemiTe00,Temarrick Hemingway,TE,South Carolina State,South Carolina State,2015,,,,unmatched,
2016,BoehMo00,Moritz Boehringer,WR,,,2015,,,,unmatched,
2016,ReynKe00,Keenan Reynolds,RB,Navy,Navy,2015,0.7,0.2378901786800816,0.5196850393700787,exact,100.0
2016,AdamJe01,Jerell Adams,TE,South Carolina,South Carolina,2015,3.8,0.6540931015207182,0.6850393700787402,exact,100.0
2016,GranJa00,Jakeem Grant,WR,Texas Tech,Texas Tech,2015,5.6,0.8957593147830234,0.7637795275590551,exact,100.0
2016,SudfNa00,Nate Sudfeld,QB,Indiana,Indiana,2015,0.9,0.2647419801536711,0.5354330708661417,exact,100.0
2016,MorgDa01,David Morgan,TE,Texas-San Antonio,Texas-San Antonio,2015,-12.2,-1.4940510163664382,0.094488188976378,exact,100.0
2016,RudoJa00,Jake Rudock,QB,Michigan; Iowa,Michigan,2015,5.6,0.8957593147830234,0.7716535433070866,exact,100.0
2016,ListKo00,Kolby Listenbee,WR,TCU,TCU,2015,7.8,1.1911291309925074,0.8976377952755905,exact,100.0
2016,VitaDa00,Dan Vitale,RB,Northwestern,Northwestern,2015,3.0,0.5466858956263604,0.6299212598425197,exact,100.0
2016,WattDe00,Derek Watt,RB,Wisconsin,Wisconsin,2015,2.9,0.5332599948895657,0.6220472440944882,exact,100.0
2016,CoreCo00,Cody Core,WR,Mississippi,Mississippi,2015,10.5,1.5536284508859652,0.984251968503937,exact,100.0
2016,AlleBr00,Brandon Allen,QB,Arkansas,Arkansas,2015,9.9,1.4730730464651969,0.952755905511811,exact,100.0
2016,ThomMi04,Mike Thomas,WR,Southern Mississippi; Dodge City CC; College of DuPage,Southern Mississippi,2015,,,,unmatched,
2016,DrisJe00,Jeff Driskel,QB,Louisiana Tech; Florida,Louisiana Tech,2015,-5.4,-0.5810897662643969,0.3070866141732283,exact,100.0
2016,TaylKe01,Kelvin Taylor,RB,Florida,Florida,2015,7.5,1.1508514287821232,0.8740157480314961,exact,100.0
2016,BurbAa00,Aaron Burbridge,WR,Michigan State,Michigan State,2015,7.0,1.0837219250981496,0.8503937007874016,exact,100.0
2016,JackDa01,Darius Jackson,RB,Eastern Michigan,Eastern Michigan,2015,-13.2,-1.6283100237343855,0.0393700787401575,exact,100.0
2016,GathRi00,Rico Gathers,TE,Baylor,Baylor,2015,7.9,1.204555031729302,0.905511811023622,exact,100.0
2016,DougBr00,Brandon Doughty,QB,Western Kentucky,Western Kentucky,2015,-2.1,-0.1380350419501707,0.3858267716535433,exact,100.0
2016,LuciDe00,Devin Lucien,WR,Arizona State,Arizona State,2015,6.4,1.0031665206773812,0.8188976377952756,exact,100.0
2016,AyerDe00,Demarcus Ayers,WR,Houston,Houston,2015,-0.9,0.0230757668913659,0.4566929133858267,exact,100.0
2016,BravDa00,Daniel Braverman,WR,Western Michigan,Western Michigan,2015,-0.9,0.0230757668913659,0.4645669291338582,exact,100.0
2016,DuarTh00,Thomas Duarte,TE,UCLA,UCLA,2015,6.0,0.9494629177302024,0.7874015748031495,exact,100.0
2016,WashDw00,Dwayne Washington,RB,Washington,Washington,2015,7.0,1.0837219250981496,0.8582677165354331,exact,100.0
2016,LascDa00,Daniel Lasco,RB,California,California,2015,7.9,1.204555031729302,0.9212598425196852,exact,100.0
2016,FullDe00,Devin Fuller,WR,UCLA,UCLA,2015,6.0,0.9494629177302024,0.7874015748031495,exact,100.0
2016,PeakCh00,Charone Peake,WR,Clemson,Clemson,2015,10.3,1.5267766494123758,0.9763779527559056,exact,100.0
2016,MarsKe00,Keith Marshall,RB,Georgia,Georgia,2015,5.2,0.8420557118358445,0.7480314960629921,exact,100.0
2016,LawlKe00,Kenny Lawler,WR,California,California,2015,7.9,1.204555031729302,0.9212598425196852,exact,100.0
2016,BrooZa00,Zac Brooks,RB,Clemson,Clemson,2015,10.3,1.5267766494123758,0.9763779527559056,exact,100.0
2016,SandBe00,Beau Sandland,TE,Montana State; Miami; Pierce College,Montana State,2015,,,,unmatched,
2017,TrubMi00,Mitch Trubisky,QB,North Carolina,North Carolina,2016,4.3,0.8072668694760662,0.7795275590551181,exact,100.0
2017,FourLe00,Leonard Fournette,RB,LSU,LSU,2016,10.7,1.6786768305708,0.9763779527559056,exact,100.0
2017,DaviCo03,Corey Davis,WR,Western Michigan,Western Michigan,2016,-3.2,-0.2139166786818249,0.4173228346456693,exact,100.0
2017,WillMi07,Mike Williams,WR,Clemson,Clemson,2016,13.7,2.0871502498339565,0.984251968503937,exact,100.0
2017,McCaCh01,Christian McCaffrey,RB,Stanford,Stanford,2016,6.7,1.1340456048865912,0.8740157480314961,exact,100.0
2017,RossJo00,John Ross,WR,Washington,Washington,2016,9.0,1.4472085596550113,0.9291338582677166,exact,100.0
2017,MahoPa00,Patrick Mahomes,QB,Texas Tech,Texas Tech,2016,2.9,0.6166459404865933,0.6850393700787402,exact,100.0
2017,WatsDe00,Deshaun Watson,QB,Clemson,Clemson,2016,13.7,2.0871502498339565,0.984251968503937,exact,100.0
2017,HowaO.00,O.J. Howard,TE,Alabama,Alabama,2016,14.2,2.1552291530444823,1.0,exact,100.0
2017,EngrEv00,Evan Engram,TE,Mississippi,Mississippi,2016,6.9,1.161277166170802,0.889763779527559,exact,100.0
2017,NjokDa00,David Njoku,TE,Miami,Miami,2016,6.5,1.106814043602381,0.8661417322834646,exact,100.0
2017,JoneZa00,Zay Jones,WR,East Carolina,East Carolina,2016,-3.3,-0.2275324593239301,0.4094488188976378,exact,100.0
2017,SamuCu00,Curtis Samuel,WR,Ohio State,Ohio State,2016,13.9,2.114381811118167,0.9921259842519684,exact,100.0
2017,CookDa01,Dalvin Cook,RB,Florida State,Florida State,2016,10.7,1.6786768305708,0.9606299212598424,exact,100.0
2017,EverGe00,Gerald Everett,TE,South Alabama; UAB; Hutchinson CC,South Alabama,2016,-11.5,-1.3440264719765578,0.0708661417322834,exact,100.0
2017,ShahAd00,Adam Shaheen,TE,Ashland; Pittsburgh-Johnstown,Ashland,2016,,,,unmatched,
2017,MixoJo00,Joe Mixon,RB,Oklahoma,Oklahoma,2016,8.6,1.3927454370865904,0.9212598425196852,exact,100.0
2017,KizeDe00,DeShone Kizer,QB,Notre Dame,Notre Dame,2016,4.5,0.8344984307602766,0.7874015748031495,exact,100.0
2017,SmitJu00,JuJu Smith-Schuster,WR,USC,USC,2016,9.3,1.488055901581327,0.9448818897637796,exact,100.0
2017,KamaAl00,Alvin Kamara,RB,Tennessee; Hutchinson CC; Alabama,Tennessee,2016,5.0,0.9025773339708028,0.8188976377952756,exact,100.0
2017,KuppCo00,Cooper Kupp,WR,Eastern Washington,Eastern Washington,2016,,,,unmatched,
2017,TaylTa00,Taywan Taylor,WR,Western Kentucky,Western Kentucky,2016,-1.5,0.0175515922339637,0.4803149606299213,exact,100.0
2017,StewAr00,ArDarius Stewart,WR,Alabama,Alabama,2016,14.2,2.1552291530444823,1.0,exact,100.0
2017,HendCa01,Carlos Henderson,WR,Louisiana Tech,Louisiana Tech,2016,-4.3,-0.3636902657449822,0.3700787401574803,exact,100.0
2017,GodwCh00,Chris Godwin,WR,Penn State,Penn State,2016,7.8,1.2838191919497488,0.9133858267716536,exact,100.0
2017,HuntKa00,Kareem Hunt,RB,Toledo,Toledo,2016,-5.0,-0.4590007302397187,0.3385826771653543,exact,100.0
2017,WebbDa00,Davis Webb,QB,California; Texas Tech,California,2016,4.1,0.7800353081918557,0.7480314960629921,exact,100.0
2017,ForeDO00,D'Onta Foreman,RB,Texas,Texas,2016,3.6,0.7119564049813297,0.7244094488188977,exact,100.0
2017,GollKe00,Kenny Golladay,WR,Northern Illinois; North Dakota,Northern Illinois,2016,-6.2,-0.6223900979449813,0.3149606299212598,exact,100.0
2017,WillCh05,Chad Williams,WR,Grambling State,Grambling State,2016,,,,unmatched,
2017,SmitJo01,Jonnu Smith,TE,Florida International,Florida International,2016,-11.5,-1.3440264719765578,0.0787401574803149,exact,100.0
2017,BeatC.00,C.J. Beathard,QB,Iowa,Iowa,2016,2.7,0.5894143792023828,0.6614173228346456,exact,100.0
2017,ConnJa00,James Conner,RB,Pittsburgh,Pittsburgh,2016,5.8,1.0115035791076443,0.8425196850393701,exact,100.0
2017,DarbAm00,Amara Darboh,WR,Michigan,Michigan,2016,10.7,1.6786768305708,0.968503937007874,exact,100.0
2017,WestDe00,Dede Westbrook,WR,Oklahoma; Blinn College,Oklahoma,2016,8.6,1.3927454370865904,0.9212598425196852,exact,100.0
2017,PeriSa00,Samaje Perine,RB,Oklahoma,Oklahoma,2016,8.6,1.3927454370865904,0.9212598425196852,exact,100.0
2017,ReynJo00,Josh Reynolds,WR,Texas A&M; Tyler JC,Texas A&M,2016,6.1,1.05235092103396,0.8582677165354331,exact,100.0
2017,HollMa00,Mack Hollins,WR,North Carolina,North Carolina,2016,4.3,0.8072668694760662,0.7795275590551181,exact,100.0
2017,CoheTa00,Tarik Cohen,RB,North Carolina A&T,North Carolina A&T,2016,,,,unmatched,
2017,WillJo12,Joe Williams,RB,Utah,Utah,2016,2.8,0.603030159844488,0.6771653543307087,exact,100.0
2017,RobeMi01,Michael Roberts,TE,Toledo,Toledo,2016,-5.0,-0.4590007302397187,0.3385826771653543,exact,100.0
2017,MaloJo00,Josh Malone,WR,Tennessee,Tennessee,2016,5.0,0.9025773339708028,0.8188976377952756,exact,100.0
2017,PumpDo00,Donnel Pumphrey,RB,San Diego State,San Diego State,2016,-6.0,-0.5951585366607709,0.3228346456692913,exact,100.0
2017,SwitRy00,Ryan Switzer,WR,North Carolina,North Carolina,2016,4.3,0.8072668694760662,0.7795275590551181,exact,100.0
2017,WillJa06,Jamaal Williams,RB,BYU,BYU,2016,-0.5,0.1537093986550159,0.5118110236220472,exact,100.0
2017,DobbJo00,Joshua Dobbs,QB,Tennessee,Tennessee,2016,5.0,0.9025773339708028,0.8188976377952756,exact,100.0
2017,ChesJe00,Jehu Chesson,WR,Michigan,Michigan,2016,10.7,1.6786768305708,0.968503937007874,exact,100.0
2017,GallWa00,Wayne Gallman,RB,Clemson,Clemson,2016,13.7,2.0871502498339565,0.984251968503937,exact,100.0
2017,HansCh00,Chad Hansen,WR,California; Idaho State,California,2016,4.1,0.7800353081918557,0.7480314960629921,exact,100.0
2017,MackMa00,Marlon Mack,RB,University of South Florida,University of South Florida,2016,,,,unmatched,
2017,ButtJa00,Jake Butt,TE,Michigan,Michigan,2016,10.7,1.6786768305708,0.968503937007874,exact,100.0
2017,KittGe00,George Kittle,TE,Iowa,Iowa,2016,2.7,0.5894143792023828,0.6614173228346456,exact,100.0
2017,LeggJo00,Jordan Leggett,TE,Clemson,Clemson,2016,13.7,2.0871502498339565,0.984251968503937,exact,100.0
2017,SpriJe00,Jeremy Sprinkle,TE,Arkansas,Arkansas,2016,5.7,0.9978877984655392,0.8346456692913385,exact,100.0
2017,HillBr02,Brian Hill,RB,Wyoming,Wyoming,2016,-3.7,-0.281995581892351,0.4015748031496062,exact,100.0
2017,McNiJe00,Jeremy McNichols,RB,Boise State,Boise State,2016,-2.2,-0.0777588722607727,0.4409448818897638,exact,100.0
2017,GibsSh00,Shelton Gibson,WR,West Virginia,West Virginia,2016,5.0,0.9025773339708028,0.8031496062992126,exact,100.0
2017,AdamRo01,Rodney Adams,WR,University of South Florida; Toledo,University of South Florida,2016,,,,unmatched,
2017,PeteNa00,Nathan Peterman,QB,Pittsburgh; Tennessee,Pittsburgh,2016,5.8,1.0115035791076443,0.8425196850393701,exact,100.0
2017,McKeIs00,Isaiah McKenzie,WR,Georgia,Georgia,2016,3.0,0.6302617211286985,0.6929133858267716,exact,100.0
2017,SaubEr00,Eric Saubert,TE,Drake,Drake,2016,,,,unmatched,
2017,YancDe00,DeAngelo Yancey,WR,Purdue,Purdue,2016,-4.2,-0.3500744851028771,0.3858267716535433,exact,100.0
2017,TaylTr02,Trent Taylor,WR,Louisiana Tech,Louisiana Tech,2016,-4.3,-0.3636902657449822,0.3700787401574803,exact,100.0
2017,LogaT.00,T.J. Logan,RB,North Carolina,North Carolina,2016,4.3,0.8072668694760662,0.7795275590551181,exact,100.0
2017,JoneAa00,Aaron Jones,RB,Texas-El Paso,Texas-El Paso,2016,-15.6,-1.902273478302872,0.0078740157480314,exact,100.0
2017,McGuEl00,Elijah McGuire,RB,Louisiana-Lafayette,Louisiana-Lafayette,2016,,,,unmatched,
2017,ArmaAl00,Alex Armah,RB,West Georgia,West Georgia,2016,,,,unmatched,
2017,HodgBu00,Bucky Hodges,TE,Virginia Tech,Virginia Tech,2016,5.9,1.0251193597497497,0.8503937007874016,exact,100.0
2017,HendDe01,De'Angelo Henderson,RB,Coastal Carolina,Coastal Carolina,2016,,,,unmatched,
2017,RogeSa00,Sam Rogers,RB,Virginia Tech,Virginia Tech,2016,5.9,1.0251193597497497,0.8503937007874016,exact,100.0
2017,WilsBr01,Brandon Wilson,RB,Houston,Houston,2016,1.5,0.4260250114971202,0.6062992125984252,exact,100.0
2017,DaviRo00,Robert Davis,WR,Georgia State,Georgia State,2016,-11.5,-1.3440264719765578,0.0629921259842519,exact,100.0
2017,KaayBr00,Brad Kaaya,QB,Miami,Miami,2016,6.5,1.106814043602381,0.8661417322834646,exact,100.0
2017,ColeSt00,Stacy Coley,WR,Miami,Miami,2016,6.5,1.106814043602381,0.8661417322834646,exact,100.0
2017,MoorDa03,David Moore,WR,East Central,East Central,2016,,,,unmatched,
2017,FordIs00,Isaiah Ford,WR,Virginia Tech,Virginia Tech,2016,5.9,1.0251193597497497,0.8503937007874016,exact,100.0
2017,MaysDe00,Devante Mays,RB,Utah State; Blinn College,Utah State,2016,-4.4,-0.3773060463870875,0.3622047244094488,exact,100.0
2017,BrowNo00,Noah Brown,WR,Ohio State,Ohio State,2016,13.9,2.114381811118167,0.9921259842519684,exact,100.0
2017,WillMa09,Marquez Williams,RB,Miami; Mars Hill,Miami,2016,6.5,1.106814043602381,0.8661417322834646,exact,100.0
2017,MuhaKh00,Khalfani Muhammad,RB,California,California,2016,4.1,0.7800353081918557,0.7480314960629921,exact,100.0
2017,HoodEl00,Elijah Hood,RB,North Carolina,North Carolina,2016,4.3,0.8072668694760662,0.7795275590551181,exact,100.0
2017,DuprMa01,Malachi Dupre,WR,LSU,LSU,2016,10.7,1.6786768305708,0.9763779527559056,exact,100.0
2017,CarsCh00,Chris Carson,RB,Oklahoma State; Butler County JC,Oklahoma State,2016,5.0,0.9025773339708028,0.8110236220472441,exact,100.0
2017,SchrMa00,Mason Schreck,TE,Buffalo,Buffalo,2016,-12.9,-1.534647400966031,0.047244094488189,exact,100.0
2017,DayeMa00,Matthew Dayes,RB,N.C. State,N.C. State,2016,4.2,0.7936510888339611,0.7637795275590551,exact,100.0
2017,KellCh00,Chad Kelly,QB,Mississippi; East Mississippi JC; Clemson,Mississippi,2016,6.9,1.161277166170802,0.889763779527559,exact,100.0
2018,MayfBa00,Baker Mayfield,QB,Oklahoma; Texas Tech,Oklahoma,2017,12.7,1.839186554748781,0.992248062015504,exact,100.0
2018,BarkSa00,Saquon Barkley,RB,Penn State,Penn State,2017,11.8,1.7216120673126498,0.9689922480620154,exact,100.0
2018,DarnSa00,Sam Darnold,QB,USC,USC,2017,7.8,1.199058789818733,0.8914728682170543,exact,100.0
2018,AlleJo02,Josh Allen,QB,Wyoming; Reedley,Wyoming,2017,-6.1,-0.6168138494726265,0.3565891472868217,exact,100.0
2018,RoseJo01,Josh Rosen,QB,UCLA,UCLA,2017,5.3,0.8724629913850354,0.7674418604651163,exact,100.0
2018,MoorD.00,D.J. Moore,WR,Maryland,Maryland,2017,5.0,0.8332714955729916,0.7441860465116279,exact,100.0
2018,HursHa00,Hayden Hurst,TE,South Carolina,South Carolina,2017,3.2,0.5981225207007292,0.6356589147286822,exact,100.0
2018,RidlCa00,Calvin Ridley,WR,Alabama,Alabama,2017,11.7,1.7085482353753016,0.9612403100775194,exact,100.0
2018,PennRa00,Rashaad Penny,RB,San Diego State,San Diego State,2017,-4.0,-0.3424733787883204,0.4263565891472868,exact,100.0
2018,MichSo00,Sony Michel,RB,Georgia,Georgia,2017,11.5,1.682420571500606,0.9534883720930232,exact,100.0
2018,JackLa00,Lamar Jackson,QB,Louisville,Louisville,2017,6.6,1.042292806570558,0.813953488372093,exact,100.0
2018,ChubNi00,Nick Chubb,RB,Georgia,Georgia,2017,11.5,1.682420571500606,0.9534883720930232,exact,100.0
2018,JoneRo01,Ronald Jones II,RB,USC,USC,2017,7.8,1.199058789818733,0.8914728682170543,exact,100.0
2018,SuttCo00,Courtland Sutton,WR,SMU,SMU,2017,-3.8,-0.3163457149136246,0.4341085271317829,exact,100.0
2018,GesiMi00,Mike Gesicki,TE,Penn State,Penn State,2017,11.8,1.7216120673126498,0.9689922480620154,exact,100.0
2018,JohnKe06,Kerryon Johnson,RB,Auburn,Auburn,2017,13.0,1.8783780505608243,1.0,exact,100.0
2018,PettDa00,Dante Pettis,WR,Washington,Washington,2017,6.3,1.0031013107585145,0.8062015503875969,exact,100.0
2018,KirkCh01,Christian Kirk,WR,Texas A&M,Texas A&M,2017,3.8,0.6765055123248167,0.689922480620155,exact,100.0
2018,GoedDa00,Dallas Goedert,TE,South Dakota State,South Dakota State,2017,,,,unmatched,
2018,MillAn02,Anthony Miller,WR,Memphis,Memphis,2017,0.3,0.2192713945176397,0.5426356589147288,exact,100.0
2018,GuicDe00,Derrius Guice,RB,LSU,LSU,2017,6.2,0.9900374788211664,0.7984496124031008,exact,100.0
2018,WashJa00,James Washington,WR,Oklahoma State,Oklahoma State,2017,8.2,1.2513141175681248,0.9147286821705426,exact,100.0
2018,CharDJ00,DJ Chark,WR,LSU,LSU,2017,6.2,0.9900374788211664,0.7984496124031008,exact,100.0
2018,FreeRo00,Royce Freeman,RB,Oregon,Oregon,2017,3.3,0.6111863526380771,0.6434108527131783,exact,100.0
2018,RudoMa00,Mason Rudolph,QB,Oklahoma State,Oklahoma State,2017,8.2,1.2513141175681248,0.9147286821705426,exact,100.0
2018,GallMi00,Michael Gallup,WR,Colorado State; Butler County JC,Colorado State,2017,-6.3,-0.6429415133473224,0.3410852713178295,exact,100.0
2018,AndrMa00,Mark Andrews,TE,Oklahoma,Oklahoma,2017,12.7,1.839186554748781,0.992248062015504,exact,100.0
2018,SmitTr03,Tre'Quan Smith,WR,UCF,UCF,2017,1.8,0.4152288735778584,0.5891472868217054,exact,100.0
2018,AkinJo00,Jordan Akins,TE,UCF,UCF,2017,1.8,0.4152288735778584,0.5891472868217054,exact,100.0
2018,ThomIa00,Ian Thomas,TE,Indiana; Nassau CC,Indiana,2017,3.7,0.6634416803874688,0.6744186046511628,exact,100.0
2018,CoutKe00,Keke Coutee,WR,Texas Tech,Texas Tech,2017,5.3,0.8724629913850354,0.7596899224806202,exact,100.0
2018,HineNy00,Nyheim Hines,RB,N.C. State,N.C. State,2017,7.2,1.1206757981946456,0.8294573643410853,exact,100.0
2018,CallAn00,Antonio Callaway,WR,Florida,Florida,2017,3.4,0.6242501845754249,0.6589147286821706,exact,100.0
2018,HernCh00,Christopher Herndon IV,TE,Miami,Miami,2017,7.5,1.1598672940066894,0.8604651162790697,exact,100.0
2018,LaulKy00,Kyle Lauletta,QB,Richmond,Richmond,2017,,,,unmatched,
2018,WaltMa00,Mark Walton,RB,Miami,Miami,2017,7.5,1.1598672940066894,0.8604651162790697,exact,100.0
2018,HamiDa01,DaeSean Hamilton,WR,Penn State,Penn State,2017,11.8,1.7216120673126498,0.9689922480620154,exact,100.0
2018,DissWi00,Will Dissly,TE,Washington,Washington,2017,6.3,1.0031013107585145,0.8062015503875969,exact,100.0
2018,SmytDu00,Durham Smythe,TE,Notre Dame,Notre Dame,2017,9.8,1.4603354285656915,0.937984496124031,exact,100.0
2018,SmitIt00,Ito Smith,RB,Southern Mississippi,Southern Mississippi,2017,,,,unmatched,
2018,BallKa00,Kalen Ballage,RB,Arizona State,Arizona State,2017,4.3,0.7418246720115562,0.7131782945736433,exact,100.0
2018,ScotJa02,Jaleel Scott,WR,New Mexico State; Ellsworth CC,New Mexico State,2017,-10.8,-1.2308139505279785,0.1240310077519379,exact,100.0
2018,MoorJM00,J'Mon Moore,WR,Missouri,Missouri,2017,1.3,0.3499097138911188,0.5813953488372092,exact,100.0
2018,EdmoCh00,Chase Edmonds,RB,Fordham,Fordham,2017,,,,unmatched,
2018,SchuDa00,Dalton Schultz,TE,Stanford,Stanford,2017,8.1,1.2382502856307769,0.9069767441860466,exact,100.0
2018,WatsJu01,Justin Watson,WR,Penn,Penn,2017,,,,unmatched,
2018,FumaTr00,Troy Fumagalli,TE,Wisconsin,Wisconsin,2017,7.9,1.2121226217560812,0.8992248062015504,exact,100.0
2018,ConkTy00,Tyler Conklin,TE,Central Michigan; Northwood,Central Michigan,2017,-7.3,-0.7735798327208016,0.2790697674418605,exact,100.0
2018,FounDa00,Daurice Fountain,WR,Northern Iowa,Northern Iowa,2017,,,,unmatched,
2018,LaslJo00,Jordan Lasley,WR,UCLA,UCLA,2017,5.3,0.8724629913850354,0.7674418604651163,exact,100.0
2018,SamuJa00,Jaylen Samuels,TE,N.C. State,N.C. State,2017,7.2,1.1206757981946456,0.8294573643410853,exact,100.0
2018,WilkJo01,Jordan Wilkins,RB,Mississippi,Mississippi,2017,0.1,0.1931437306429439,0.5271317829457365,exact,100.0
2018,WhitMi01,Mike White,QB,Western Kentucky; University of South Florida,Western Kentucky,2017,-13.4,-1.5704735808990242,0.0310077519379845,exact,100.0
2018,ValdMa00,Marquez Valdes-Scantling,WR,University of South Florida; N.C. State,University of South Florida,2017,,,,unmatched,
2018,RatlDa00,Damion Ratley,WR,Texas A&M; Blinn College,Texas A&M,2017,3.8,0.6765055123248167,0.689922480620155,exact,100.0
2018,KellJo00,John Kelly,RB,Tennessee,Tennessee,2017,-0.3,0.1408884028935522,0.5038759689922481,exact,100.0
2018,CainDe00,Deon Cain,WR,Clemson,Clemson,2017,12.0,1.7477397311873455,0.9767441860465116,exact,100.0
2018,McClRa00,Ray-Ray McCloud,WR,Clemson,Clemson,2017,12.0,1.7477397311873455,0.9767441860465116,exact,100.0
2018,CantDy00,Dylan Cantrell,WR,Texas Tech,Texas Tech,2017,5.3,0.8724629913850354,0.7596899224806202,exact,100.0
2018,GageRu00,Russell Gage,WR,LSU,LSU,2017,6.2,0.9900374788211664,0.7984496124031008,exact,100.0
2018,SmitTr04,Tremon Smith,WR,Central Arkansas,Central Arkansas,2017,,,,unmatched,
2018,FalkLu00,Luke Falk,QB,Washington State,Washington State,2017,4.5,0.7679523358862521,0.7209302325581395,exact,100.0
2018,ScotBo02,Boston Scott,RB,Louisiana Tech,Louisiana Tech,2017,-9.2,-1.0217926395304118,0.2093023255813954,exact,100.0
2018,LeexTa00,Tanner Lee,QB,Nebraska,Nebraska,2017,3.9,0.6895693442621645,0.6976744186046512,exact,100.0
2018,CannTr00,Trenton Cannon,RB,Virginia State; Shepherd,Virginia State,2017,,,,unmatched,
2018,St.BEq00,Equanimeous St.Brown,WR,Notre Dame,Notre Dame,2017,9.8,1.4603354285656915,0.937984496124031,exact,100.0
2018,WilsCe01,Cedrick Wilson,WR,Boise State; Coffeyville CC,Boise State,2017,-0.8,0.0755692432068127,0.4883720930232558,exact,100.0
2018,BerrBr00,Braxton Berrios,WR,Miami,Miami,2017,7.5,1.1598672940066894,0.8604651162790697,exact,100.0
2018,ThomJo05,Jordan Thomas,TE,Mississippi State; East Central JC,Mississippi State,2017,7.2,1.1206757981946456,0.8372093023255813,exact,100.0
2018,EtliDa00,Danny Etling,QB,LSU; Purdue,LSU,2017,6.2,0.9900374788211664,0.7984496124031008,exact,100.0
2018,McGoAl00,Alex McGough,QB,Florida International,Florida International,2017,-11.8,-1.3614522699014575,0.0852713178294574,exact,100.0
2018,WimsJa00,Javon Wims,WR,Georgia; Hinds CC,Georgia,2017,11.5,1.682420571500606,0.9534883720930232,exact,100.0
2018,WillDa010,David Williams,RB,,,2017,,,,unmatched,
2018,AtemMa00,Marcell Ateman,WR,Oklahoma State,Oklahoma State,2017,8.2,1.2513141175681248,0.9147286821705426,exact,100.0
2018,ScarBo01,Bo Scarbrough,RB,Alabama,Alabama,2017,11.7,1.7085482353753016,0.9612403100775194,exact,100.0
2018,BawdNi00,Nick Bawden,RB,San Diego State,San Diego State,2017,-4.0,-0.3424733787883204,0.4263565891472868,exact,100.0
2018,JameRi00,Richie James,WR,Middle Tennessee State,Middle Tennessee State,2017,,,,unmatched,
2018,WoodLo00,Logan Woodside,QB,Toledo,Toledo,2017,-5.9,-0.5906861855979308,0.3720930232558139,exact,100.0
2018,IzzoRy00,Ryan Izzo,TE,Florida State,Florida State,2017,8.3,1.2643779495054728,0.9224806201550388,exact,100.0
2018,JackJu01,Justin Jackson,RB,Northwestern,Northwestern,2017,4.9,0.8202076636356438,0.7364341085271318,exact,100.0
2018,TateAu00,Auden Tate,WR,Florida State,Florida State,2017,8.3,1.2643779495054728,0.9224806201550388,exact,100.0
2018,ProeAu00,Austin Proehl,WR,North Carolina,North Carolina,2017,2.0,0.4413565374525542,0.6046511627906976,exact,100.0
2018,QuinTr00,Trey Quinn,WR,SMU; LSU,SMU,2017,-3.8,-0.3163457149136246,0.4341085271317829,exact,100.0
2019,MurrKy00,Kyler Murray,QB,Oklahoma; Texas A&M,Oklahoma,2018,9.9,1.5124531288674128,0.9457364341085271,exact,100.0
2019,JoneDa05,Daniel Jones,QB,Duke,Duke,2018,4.2,0.7335749799406265,0.7131782945736433,exact,100.0
2019,HockTJ00,T.J. Hockenson,TE,Iowa,Iowa,2018,6.0,0.9795365006543484,0.7984496124031008,exact,100.0
2019,HaskDw00,Dwayne Haskins,QB,Ohio State,Ohio State,2018,7.6,1.1981689635109902,0.8914728682170543,exact,100.0
2019,FantNo00,Noah Fant,TE,Iowa,Iowa,2018,6.0,0.9795365006543484,0.7984496124031008,exact,100.0
2019,JacoJo01,Josh Jacobs,RB,Alabama,Alabama,2018,15.8,2.31866033565128,1.0,exact,100.0
2019,BrowMa04,Marquise Brown,WR,Oklahoma; College of the Canyons,Oklahoma,2018,9.9,1.5124531288674128,0.9457364341085271,exact,100.0
2019,HarrNK00,N'Keal Harry,WR,Arizona State,Arizona State,2018,3.4,0.6242587485123056,0.6511627906976745,exact,100.0
2019,SamuDe00,Deebo Samuel,WR,South Carolina,South Carolina,2018,6.9,1.1025172610112095,0.8527131782945736,exact,100.0
2019,LockDr00,Drew Lock,QB,Missouri,Missouri,2018,8.6,1.334814252796391,0.9224806201550388,exact,100.0
2019,SmitIr01,Irv Smith Jr.,TE,Alabama,Alabama,2018,15.8,2.31866033565128,1.0,exact,100.0
2019,BrowAJ00,A.J. Brown,WR,Mississippi,Mississippi,2018,4.0,0.7062459220835463,0.7054263565891472,exact,100.0
2019,SampDr00,Drew Sample,TE,Washington,Washington,2018,7.2,1.14351084779683,0.8682170542635659,exact,100.0
2019,SandMi01,Miles Sanders,RB,Penn State,Penn State,2018,7.6,1.1981689635109902,0.8837209302325582,exact,100.0
2019,HardMe00,Mecole Hardman,WR,Georgia,Georgia,2018,12.3,1.840401823152376,0.9844961240310076,exact,100.0
2019,ArceJJ00,JJ Arcega-Whiteside,WR,Stanford,Stanford,2018,5.2,0.8702202692260277,0.7674418604651163,exact,100.0
2019,CampPa00,Parris Campbell,WR,Ohio State,Ohio State,2018,7.6,1.1981689635109902,0.8914728682170543,exact,100.0
2019,IsabAn00,Andy Isabella,WR,UMass Amherst,UMass Amherst,2018,,,,unmatched,
2019,MetcDK00,D.K. Metcalf,WR,Mississippi,Mississippi,2018,4.0,0.7062459220835463,0.7054263565891472,exact,100.0
2019,JohnDi01,Diontae Johnson,WR,Toledo,Toledo,2018,-6.1,-0.6738714996990051,0.3100775193798449,exact,100.0
2019,HurdJa00,Jalen Hurd,WR,Baylor,Baylor,2018,3.0,0.5696006327981451,0.6434108527131783,exact,100.0
2019,OlivJo00,Josh Oliver,TE,San Jose State,San Jose State,2018,-8.1,-0.9471620782698074,0.2480620155038759,exact,100.0
2019,HendDa00,Darrell Henderson,RB,Memphis,Memphis,2018,-3.1,-0.2639356318428018,0.4341085271317829,exact,100.0
2019,MontDa01,David Montgomery,RB,Iowa State,Iowa State,2018,6.1,0.9932010295828886,0.8217054263565892,exact,100.0
2019,SingDe00,Devin Singletary,RB,Florida Atlantic,Florida Atlantic,2018,-5.0,-0.5235616814850639,0.3488372093023255,exact,100.0
2019,SterJa00,Jace Sternberger,TE,Texas A&M; Northeast Oklahoma; Kansas,Texas A&M,2018,11.2,1.6900920049384345,0.9689922480620154,exact,100.0
2019,McLaTe00,Terry McLaurin,WR,Ohio State,Ohio State,2018,7.6,1.1981689635109902,0.8914728682170543,exact,100.0
2019,WarrKa00,Kahale Warring,TE,San Diego State,San Diego State,2018,-4.5,-0.4552390368423633,0.3798449612403101,exact,100.0
2019,HarrDa06,Damien Harris,RB,Alabama,Alabama,2018,15.8,2.31866033565128,1.0,exact,100.0
2019,BoykMi00,Miles Boykin,WR,Notre Dame,Notre Dame,2018,8.0,1.252827079225151,0.9069767441860466,exact,100.0
2019,KnoxDa00,Dawson Knox,TE,Mississippi,Mississippi,2018,4.0,0.7062459220835463,0.7054263565891472,exact,100.0
2019,GrieWi00,Will Grier,QB,West Virginia; Florida State,West Virginia,2018,6.9,1.1025172610112095,0.8604651162790697,exact,100.0
2019,MattAl01,Alexander Mattison,RB,Boise State,Boise State,2018,1.6,0.3782972277985836,0.5813953488372092,exact,100.0
2019,ButlHa00,Hakeem Butler,WR,Iowa State,Iowa State,2018,6.1,0.9932010295828886,0.8217054263565892,exact,100.0
2019,FinlRy00,Ryan Finley,QB,N.C. State; Boise State,N.C. State,2018,1.6,0.3782972277985836,0.5891472868217054,exact,100.0
2019,LoveBr00,Bryce Love,RB,Stanford,Stanford,2018,5.2,0.8702202692260277,0.7674418604651163,exact,100.0
2019,HillJu00,Justice Hill,RB,Oklahoma State,Oklahoma State,2018,6.0,0.9795365006543484,0.813953488372093,exact,100.0
2019,JennGa00,Gary Jennings Jr.,WR,West Virginia,West Virginia,2018,6.9,1.1025172610112095,0.8604651162790697,exact,100.0
2019,WescTr00,Trevon Wesco,TE,West Virginia; Lackawanna JC,West Virginia,2018,6.9,1.1025172610112095,0.8604651162790697,exact,100.0
2019,SnelBe00,Benny Snell Jr.,RB,Kentucky,Kentucky,2018,7.9,1.2391625502966106,0.8992248062015504,exact,100.0
2019,RidlRi00,Riley Ridley,WR,Georgia,Georgia,2018,12.3,1.840401823152376,0.9844961240310076,exact,100.0
2019,PollTo00,Tony Pollard,RB,Memphis,Memphis,2018,-3.1,-0.2639356318428018,0.4341085271317829,exact,100.0
2019,StidJa00,Jarrett Stidham,QB,Auburn; McLennan CC; Baylor,Auburn,2018,10.3,1.5671112445815736,0.9534883720930232,exact,100.0
2019,MoreFo00,Foster Moreau,TE,LSU,LSU,2018,11.3,1.703756533866975,0.9767441860465116,exact,100.0
2019,ArmsRy00,Ryquell Armstead,RB,Temple,Temple,2018,-1.9,-0.0999612847003203,0.4728682170542635,exact,100.0
2019,GentZa00,Zach Gentry,TE,Michigan,Michigan,2018,9.4,1.4441304842247122,0.937984496124031,exact,100.0
2019,RenfHu00,Hunter Renfrow,WR,Clemson,Clemson,2018,13.5,2.004376170294857,0.992248062015504,exact,100.0
2019,OlliQa00,Qadree Ollison,RB,Pittsburgh,Pittsburgh,2018,7.2,1.14351084779683,0.875968992248062,exact,100.0
2019,ScarJo00,Jordan Scarlett,RB,Florida,Florida,2018,8.8,1.362143310653472,0.9302325581395348,exact,100.0
2019,SticEa00,Easton Stick,QB,North Dakota State,North Dakota State,2018,,,,unmatched,
2019,ThorCl00,Clayton Thorson,QB,Northwestern,Northwestern,2018,6.6,1.0615236742255891,0.8294573643410853,exact,100.0
2019,SlayDa01,Darius Slayton,WR,Auburn,Auburn,2018,10.3,1.5671112445815736,0.9534883720930232,exact,100.0
2019,JohnKe07,KeeSean Johnson,WR,Fresno State,Fresno State,2018,0.5,0.2279874095846423,0.5426356589147288,exact,100.0
2019,SmitKa00,Kaden Smith,TE,Stanford,Stanford,2018,5.2,0.8702202692260277,0.7674418604651163,exact,100.0
2019,MinsGa00,Gardner Minshew,QB,Washington State,Washington State,2018,2.2,0.4602844013698243,0.6201550387596899,exact,100.0
2019,WillTr06,Trayveon Williams,RB,Texas A&M,Texas A&M,2018,11.2,1.6900920049384345,0.9689922480620154,exact,100.0
2019,FulgTr00,Travis Fulgham,WR,Old Dominion,Old Dominion,2018,-11.7,-1.4390851196972512,0.0465116279069767,exact,100.0
2019,JohnTy00,Ty Johnson,RB,Minnesota,Minnesota,2018,4.0,0.7062459220835463,0.6976744186046512,exact,100.0
2019,WinfJu00,Juwann Winfree,WR,Colorado,Colorado,2018,-0.4,0.1050066492277813,0.5116279069767442,exact,100.0
2019,WillDe07,Dexter Williams,RB,Notre Dame,Notre Dame,2018,8.0,1.252827079225151,0.9069767441860466,exact,100.0
2019,McSoTr00,Trace McSorley,QB,Penn State,Penn State,2018,7.6,1.1981689635109902,0.8837209302325582,exact,100.0
2019,GreeMa02,Marcus Green,WR,Louisiana-Monroe,Louisiana-Monroe,2018,-9.6,-1.1521300121979092,0.1550387596899225,exact,100.0
2019,HomeTr00,Travis Homer,RB,Miami,Miami,2018,3.8,0.678916864226466,0.6744186046511628,exact,100.0
2019,HarmKe00,Kelvin Harmon,WR,N.C. State,N.C. State,2018,1.6,0.3782972277985836,0.5891472868217054,exact,100.0
2019,MillSc01,Scott Miller,WR,Bowling Green,Bowling Green,2018,-9.8,-1.1794590700549894,0.1240310077519379,exact,100.0
2019,AndeRo02,Rodney Anderson,RB,Oklahoma,Oklahoma,2018,9.9,1.5124531288674128,0.9457364341085271,exact,100.0
2019,ThomDa06,Darwin Thompson,RB,Utah State; Northeast Oklahoma,Utah State,2018,-1.5,-0.0453031689861599,0.4883720930232558,exact,100.0
2019,WebeMi00,Mike Weber,RB,Ohio State,Ohio State,2018,7.6,1.1981689635109902,0.8914728682170543,exact,100.0
2019,GillCu00,Cullen Gillaspia,RB,Texas A&M,Texas A&M,2018,11.2,1.6900920049384345,0.9689922480620154,exact,100.0
2019,WhytKe00,Kerrith Whyte Jr.,RB,Florida Atlantic,Florida Atlantic,2018,-5.0,-0.5235616814850639,0.3488372093023255,exact,100.0
2019,NautIs00,Isaac Nauta,TE,Georgia,Georgia,2018,12.3,1.840401823152376,0.9844961240310076,exact,100.0
2019,SweeTo00,Tommy Sweeney,TE,Boston College,Boston College,2018,3.5,0.6379232774408458,0.6666666666666667,exact,100.0
2019,MackAl00,AlizÃ© Mack,TE,Notre Dame,Notre Dame,2018,8.0,1.252827079225151,0.9069767441860466,exact,100.0
2019,CoxxCh01,Chandler Cox,RB,Auburn,Auburn,2018,10.3,1.5671112445815736,0.9534883720930232,exact,100.0
2019,GaskMy00,Myles Gaskin,RB,Washington,Washington,2018,7.2,1.14351084779683,0.8682170542635659,exact,100.0
2019,UrsuJo00,John Ursua,WR,Hawaii,Hawaii,2018,-9.5,-1.1384654832693688,0.1782945736434108,exact,100.0
2019,GodwTe00,Terry Godwin,WR,Georgia,Georgia,2018,12.3,1.840401823152376,0.9844961240310076,exact,100.0
2019,MitcDi00,Dillon Mitchell,WR,Oregon,Oregon,2018,2.0,0.432955343512744,0.6124031007751938,exact,100.0
2019,JohnOl00,Olabisi Johnson,WR,Colorado State,Colorado State,2018,-8.5,-1.001820193983968,0.2170542635658915,exact,100.0
2019,WilsCa00,Caleb Wilson,TE,UCLA,UCLA,2018,6.0,0.9795365006543484,0.8062015503875969,exact,100.0
2020,BurrJo01,Joe Burrow,QB,LSU; Ohio State,LSU,2019,18.2,2.3526194348296983,0.992248062015504,exact,100.0
2020,TagoTu00,Tua Tagovailoa,QB,Alabama,Alabama,2019,14.4,1.896553037307479,0.9534883720930232,exact,100.0
2020,HerbJu00,Justin Herbert,QB,Oregon,Oregon,2019,9.9,1.356474408662746,0.9147286821705426,exact,100.0
2020,RuggHe00,Henry Ruggs III,WR,Alabama,Alabama,2019,14.4,1.896553037307479,0.9534883720930232,exact,100.0
2020,JeudJe00,Jerry Jeudy,WR,Alabama,Alabama,2019,14.4,1.896553037307479,0.9534883720930232,exact,100.0
2020,LambCe00,CeeDee Lamb,WR,Oklahoma,Oklahoma,2019,9.0,1.2484586829337994,0.8992248062015504,exact,100.0
2020,ReagJa00,Jalen Reagor,WR,TCU,TCU,2019,5.1,0.7803905381083639,0.8062015503875969,exact,100.0
2020,JeffJu00,Justin Jefferson,WR,LSU,LSU,2019,18.2,2.3526194348296983,0.992248062015504,exact,100.0
2020,AiyuBr00,Brandon Aiyuk,WR,Arizona State; Sierra JC,Arizona State,2019,2.8,0.5043503501343893,0.6744186046511628,exact,100.0
2020,LoveJo03,Jordan Love,QB,Utah State,Utah State,2019,-4.9,-0.4197841922132652,0.3643410852713178,exact,100.0
2020,EdwaCl00,Clyde Edwards-Helaire,RB,LSU,LSU,2019,18.2,2.3526194348296983,0.992248062015504,exact,100.0
2020,HiggTe00,Tee Higgins,WR,Clemson,Clemson,2019,15.6,2.0405740049460745,0.9844961240310076,exact,100.0
2020,PittMi01,Michael Pittman Jr.,WR,USC,USC,2019,7.3,1.0444289787791223,0.8682170542635659,exact,100.0
2020,SwifDA00,D'Andre Swift,RB,Georgia,Georgia,2019,12.7,1.692523333152802,0.9457364341085271,exact,100.0
2020,TaylJo02,Jonathan Taylor,RB,Wisconsin,Wisconsin,2019,15.1,1.980565268429993,0.9689922480620154,exact,100.0
2020,ShenLa00,Laviska Shenault Jr.,WR,Colorado,Colorado,2019,3.6,0.6003643285601197,0.7286821705426356,exact,100.0
2020,KmetCo00,Cole Kmet,TE,Notre Dame,Notre Dame,2019,8.6,1.2004516937209342,0.8837209302325582,exact,100.0
2020,HamlKJ00,KJ Hamler,WR,Penn State,Penn State,2019,12.2,1.6325145966367205,0.937984496124031,exact,100.0
2020,ClayCh01,Chase Claypool,WR,Notre Dame,Notre Dame,2019,8.6,1.2004516937209342,0.8837209302325582,exact,100.0
2020,AkerCa00,Cam Akers,RB,Florida State,Florida State,2019,1.3,0.3243241405861449,0.5736434108527132,exact,100.0
2020,HurtJa00,Jalen Hurts,QB,Oklahoma; Alabama,Oklahoma,2019,9.0,1.2484586829337994,0.8992248062015504,exact,100.0
2020,DobbJK00,J.K. Dobbins,RB,Ohio State,Ohio State,2019,19.0,2.4486334132554286,1.0,exact,100.0
2020,JeffVa00,Van Jefferson,WR,Florida; Mississippi,Florida,2019,10.9,1.4764918816949089,0.9302325581395348,exact,100.0
2020,MimsDe00,Denzel Mims,WR,Baylor,Baylor,2019,6.7,0.9724184949598248,0.8604651162790697,exact,100.0
2020,DillAJ00,AJ Dillon,RB,Boston College,Boston College,2019,-1.1,0.0362822053089539,0.4961240310077519,exact,100.0
2020,GibsAn00,Antonio Gibson,RB,Memphis; East Central JC,Memphis,2019,2.6,0.4803468555279567,0.6666666666666667,exact,100.0
2020,VaugKe00,Ke'Shawn Vaughn,RB,Vanderbilt; Illinois,Vanderbilt,2019,-1.7,-0.0357282785103438,0.4806201550387596,exact,100.0
2020,BowdLy00,Lynn Bowden Jr.,WR,Kentucky,Kentucky,2019,1.9,0.3963346244054426,0.6124031007751938,exact,100.0
2020,EdwaBr01,Bryan Edwards,WR,South Carolina,South Carolina,2019,8.9,1.236456935630583,0.8914728682170543,exact,100.0
2020,MossZa00,Zack Moss,RB,Utah,Utah,2019,6.5,0.948415000353392,0.8527131782945736,exact,100.0
2020,AsiaDe00,Devin Asiasi,TE,UCLA,UCLA,2019,3.6,0.6003643285601197,0.7364341085271318,exact,100.0
2020,DuveDe00,Devin Duvernay,WR,Texas,Texas,2019,8.3,1.1644464518112854,0.875968992248062,exact,100.0
2020,EvanDa02,Darrynton Evans,RB,Appalachian State,Appalachian State,2019,-3.0,-0.1917509934521556,0.4186046511627906,exact,100.0
2020,DeguJo00,Josiah Deguara,TE,Cincinnati,Cincinnati,2019,2.8,0.5043503501343893,0.6821705426356589,exact,100.0
2020,KeenDa00,Dalton Keene,TE,Virginia Tech,Virginia Tech,2019,-0.4,0.1202944364314679,0.5116279069767442,exact,100.0
2020,TrauAd00,Adam Trautman,TE,Dayton,Dayton,2019,,,,unmatched,
2020,KellJo01,Joshua Kelley,RB,UCLA,UCLA,2019,3.6,0.6003643285601197,0.7364341085271318,exact,100.0
2020,BryaHa00,Harrison Bryant,TE,Florida Atlantic,Florida Atlantic,2019,-3.2,-0.2157544880585882,0.4108527131782945,exact,100.0
2020,OkwuAl00,Albert Okwuegbunam,TE,Missouri,Missouri,2019,1.8,0.3843328771022264,0.6046511627906976,exact,100.0
2020,PeriLa00,La'Mical Perine,RB,Florida,Florida,2019,10.9,1.4764918816949089,0.9302325581395348,exact,100.0
2020,EasoJa00,Jacob Eason,QB,Washington,Washington,2019,4.9,0.7563870435019314,0.7906976744186046,exact,100.0
2020,McFaAn00,Anthony McFarland Jr.,RB,Maryland,Maryland,2019,2.1,0.4203381190118753,0.6356589147286822,exact,100.0
2020,MorgJa00,James Morgan,QB,Florida International,Florida International,2019,-11.0,-1.151890777709459,0.1085271317829457,exact,100.0
2020,DaviGa01,Gabriel Davis,WR,UCF,UCF,2019,0.8,0.2643154040700635,0.5581395348837209,exact,100.0
2020,ParkCo02,Colby Parkinson,TE,Stanford,Stanford,2019,4.8,0.7443852961987152,0.7751937984496124,exact,100.0
2020,HopkBr01,Brycen Hopkins,TE,Purdue,Purdue,2019,3.2,0.5523573393472545,0.7054263565891472,exact,100.0
2020,GandAn00,Antonio Gandy-Golden,WR,Liberty,Liberty,2019,-12.3,-1.3079134926512708,0.0620155038759689,exact,100.0
2020,DallDe00,DeeJay Dallas,RB,Miami,Miami,2019,-0.2,0.1442979310379005,0.5271317829457365,exact,100.0
2020,ReedJo03,Joe Reed,WR,Virginia,Virginia,2019,3.1,0.5403555920440382,0.6976744186046512,exact,100.0
2020,JohnTy00,Tyler Johnson,WR,Minnesota,Minnesota,2019,6.3,0.9244115057469596,0.8372093023255813,exact,100.0
2020,JohnCo01,Collin Johnson,WR,Texas,Texas,2019,8.3,1.1644464518112854,0.875968992248062,exact,100.0
2020,CephQu00,Quintez Cephus,WR,Wisconsin,Wisconsin,2019,15.1,1.980565268429993,0.9689922480620154,exact,100.0
2020,FromJa00,Jake Fromm,QB,Georgia,Georgia,2019,12.7,1.692523333152802,0.9457364341085271,exact,100.0
2020,HighJo00,John Hightower,WR,Boise State,Boise State,2019,-2.6,-0.1437440042392904,0.4418604651162791,exact,100.0
2020,CoulIs00,Isaiah Coulter,WR,Rhode Island,Rhode Island,2019,,,,unmatched,
2020,HuntJa01,Jason Huntley,RB,New Mexico State,New Mexico State,2019,-14.0,-1.5119431968059476,0.0310077519379845,exact,100.0
2020,MoonDa00,Darnell Mooney,WR,Tulane,Tulane,2019,1.1,0.3003206459797123,0.5658914728682171,exact,100.0
2020,OsboKJ00,K.J. Osborn,WR,Miami; Buffalo,Miami,2019,-0.2,0.1442979310379005,0.5271317829457365,exact,100.0
2020,PeopDo00,Donovan Peoples-Jones,WR,Michigan,Michigan,2019,15.1,1.980565268429993,0.9767441860465116,exact,100.0
2020,LutoJa00,Jake Luton,QB,Oregon State; Ventura,Oregon State,2019,3.1,0.5403555920440382,0.689922480620155,exact,100.0
2020,WoerCh00,Charlie Woerner,TE,Georgia,Georgia,2019,12.7,1.692523333152802,0.9457364341085271,exact,100.0
2020,WatkQu00,Quez Watkins,WR,Southern Mississippi,Southern Mississippi,2019,,,,unmatched,
2020,ProcJa00,James Proche,WR,SMU,SMU,2019,-0.1,0.1562996783411168,0.5348837209302326,exact,100.0
2020,DaviTy02,Tyler Davis,TE,Georgia Tech,Georgia Tech,2019,-2.9,-0.1797492461489392,0.4341085271317829,exact,100.0
2020,HodgIs00,Isaiah Hodgins,WR,Oregon State,Oregon State,2019,3.1,0.5403555920440382,0.689922480620155,exact,100.0
2020,PatmDe00,Dezmon Patmon,WR,Washington State,Washington State,2019,3.8,0.6243678231665523,0.7441860465116279,exact,100.0
2020,SwaiFr00,Freddie Swain,WR,Florida,Florida,2019,10.9,1.4764918816949089,0.9302325581395348,exact,100.0
2020,JennJa00,Jauan Jennings,WR,Tennessee,Tennessee,2019,3.9,0.6363695704697685,0.751937984496124,exact,100.0
2020,HillKJ00,K.J. Hill,WR,Ohio State,Ohio State,2019,19.0,2.4486334132554286,1.0,exact,100.0
2020,BenjEn00,Eno Benjamin,RB,Arizona State,Arizona State,2019,2.8,0.5043503501343893,0.6744186046511628,exact,100.0
2020,McDoCo00,Cole McDonald,QB,,,2019,,,,unmatched,
2020,DiNuBe00,Ben DiNucci,QB,James Madison,James Madison,2019,,,,unmatched,
2020,StevTo01,Tommy Stevens,QB,Mississippi State,Mississippi State,2019,6.1,0.9004080111405268,0.8294573643410853,exact,100.0
2020,StanNa00,Nate Stanley,QB,Iowa,Iowa,2019,9.2,1.2724621775402318,0.9069767441860466,exact,100.0
2020,CalaRa00,Raymond Calais,RB,Louisiana-Lafayette,Louisiana-Lafayette,2019,,,,unmatched,
2020,PerrMa00,Malcolm Perry,RB,Navy,Navy,2019,1.9,0.3963346244054426,0.6201550387596899,exact,100.0
2020,SullSt00,Stephen Sullivan,TE,LSU,LSU,2019,18.2,2.3526194348296983,0.992248062015504,exact,100.0
2020,ClevTy00,Tyrie Cleveland,WR,Florida,Florida,2019,10.9,1.4764918816949089,0.9302325581395348,exact,100.0
2021,LawrTr00,Trevor Lawrence,QB,Clemson,Clemson,2020,13.3,1.6375869195996955,0.9841269841269842,exact,100.0
2021,WilsZa00,Zach Wilson,QB,BYU,BYU,2020,0.7,0.1029066333663527,0.4761904761904761,exact,100.0
2021,LancTr00,Trey Lance,QB,North Dakota State,North Dakota State,2020,,,,unmatched,
2021,PittKy00,Kyle Pitts,TE,Florida,Florida,2020,12.1,1.4914268923393772,0.9682539682539684,exact,100.0
2021,ChasJa00,Ja'Marr Chase,WR,LSU,LSU,2020,8.6,1.0651268128301152,0.873015873015873,exact,100.0
2021,WaddJa00,Jaylen Waddle,WR,Alabama,Alabama,2020,17.0,2.088247003652344,0.992063492063492,exact,100.0
2021,SmitDe07,DeVonta Smith,WR,Alabama,Alabama,2020,17.0,2.088247003652344,0.992063492063492,exact,100.0
2021,FielJu00,Justin Fields,QB,Ohio State,Ohio State,2020,18.2,2.2344070309126627,1.0,exact,100.0
2021,JoneMa05,Mac Jones,QB,Alabama,Alabama,2020,17.0,2.088247003652344,0.992063492063492,exact,100.0
2021,ToneKa00,Kadarius Toney,WR,Florida,Florida,2020,12.1,1.4914268923393772,0.9682539682539684,exact,100.0
2021,HarrNa00,Najee Harris,RB,Alabama,Alabama,2020,17.0,2.088247003652344,0.992063492063492,exact,100.0
2021,EtieTr00,Travis Etienne,RB,Clemson,Clemson,2020,13.3,1.6375869195996955,0.9841269841269842,exact,100.0
2021,BateRa00,Rashod Bateman,WR,Minnesota,Minnesota,2020,5.5,0.6875467424076264,0.6825396825396826,exact,100.0
2021,MoorEl00,Elijah Moore,WR,Mississippi,Mississippi,2020,7.9,0.979866796928263,0.8571428571428572,exact,100.0
2021,WillJa10,Javonte Williams,RB,North Carolina,North Carolina,2020,5.6,0.6997267446793195,0.6984126984126984,exact,100.0
2021,MoorRo02,Rondale Moore,WR,Purdue,Purdue,2020,4.1,0.5170267106039215,0.6190476190476191,exact,100.0
2021,FreiPa00,Pat Freiermuth,TE,Penn State,Penn State,2020,7.1,0.8824267787547174,0.8015873015873016,exact,100.0
2021,EskrDW00,D'Wayne Eskridge,WR,Western Michigan,Western Michigan,2020,-9.4,-1.1272735960746605,0.1269841269841269,exact,100.0
2021,AtweTu00,Tutu Atwell,WR,Louisville,Louisville,2020,3.0,0.3830466856152963,0.5396825396825398,exact,100.0
2021,MarsTe00,Terrace Marshall Jr.,WR,LSU,LSU,2020,8.6,1.0651268128301152,0.873015873015873,exact,100.0
2021,TrasKy00,Kyle Trask,QB,Florida,Florida,2020,12.1,1.4914268923393772,0.9682539682539684,exact,100.0
2021,MondKe00,Kellen Mond,QB,Texas A&M,Texas A&M,2020,11.2,1.3818068718941383,0.9444444444444444,exact,100.0
2021,MillDa02,Davis Mills,QB,Stanford,Stanford,2020,4.5,0.5657467196906943,0.6428571428571428,exact,100.0
2021,PalmJo00,Josh Palmer,WR,Tennessee,Tennessee,2020,7.6,0.9433267901131834,0.8333333333333334,exact,100.0
2021,LongHu00,Hunter Long,TE,Boston College,Boston College,2020,3.3,0.4195866924303759,0.5555555555555556,exact,100.0
2021,BrowDy00,Dyami Brown,WR,North Carolina,North Carolina,2020,5.6,0.6997267446793195,0.6984126984126984,exact,100.0
2021,TremTo00,Tommy Tremble,TE,Notre Dame,Notre Dame,2020,11.9,1.467066887795991,0.9523809523809524,exact,100.0
2021,RodgAm00,Amari Rodgers,WR,Clemson,Clemson,2020,13.3,1.6375869195996955,0.9841269841269842,exact,100.0
2021,SermTr00,Trey Sermon,RB,Ohio State; Oklahoma,Ohio State,2020,18.2,2.2344070309126627,1.0,exact,100.0
2021,CollNi00,Nico Collins,WR,Michigan,Michigan,2020,6.6,0.8215267673962514,0.7619047619047619,exact,100.0
2021,SchwAn00,Anthony Schwartz,WR,Auburn,Auburn,2020,10.4,1.284366853720593,0.9206349206349208,exact,100.0
2021,McKiTr00,Tre' McKitty,TE,Georgia; Florida State,Georgia,2020,12.8,1.5766869082412298,0.9761904761904762,exact,100.0
2021,CartMi03,Michael Carter,RB,North Carolina,North Carolina,2020,5.6,0.6997267446793195,0.6984126984126984,exact,100.0
2021,FitzDe00,Dez Fitzpatrick,WR,Louisville,Louisville,2020,3.0,0.3830466856152963,0.5396825396825398,exact,100.0
2021,StxxAm00,Amon-Ra St. Brown,WR,USC,USC,2020,5.8,0.7240867492227059,0.7142857142857143,exact,100.0
2021,NwanKe00,Kene Nwangwu,RB,Iowa State,Iowa State,2020,11.1,1.3696268696224452,0.9365079365079364,exact,100.0
2021,StevRh00,Rhamondre Stevenson,RB,Oklahoma; Cerritos College,Oklahoma,2020,12.1,1.4914268923393772,0.9603174603174603,exact,100.0
2021,BateJo00,John Bates,TE,Boise State,Boise State,2020,-1.1,-0.1163334075241248,0.4523809523809523,exact,100.0
2021,HubbCh01,Chuba Hubbard,RB,Oklahoma State,Oklahoma State,2020,9.4,1.162566831003661,0.9047619047619048,exact,100.0
2021,GranKy00,Kylen Granson,TE,SMU,SMU,2020,-4.1,-0.4817334756749207,0.373015873015873,exact,100.0
2021,DardJa00,Jaelon Darden,WR,North Texas,North Texas,2020,-15.0,-1.8093537232894796,0.0476190476190476,exact,100.0
2021,WallTy00,Tylan Wallace,WR,Oklahoma State,Oklahoma State,2020,9.4,1.162566831003661,0.9047619047619048,exact,100.0
2021,BookIa00,Ian Book,QB,Notre Dame,Notre Dame,2020,11.9,1.467066887795991,0.9523809523809524,exact,100.0
2021,HarrJa03,Jacob Harris,WR,UCF; Western Kentucky,UCF,2020,2.7,0.3465066788002167,0.5317460317460317,exact,100.0
2021,FarrLu00,Luke Farrell,TE,Ohio State,Ohio State,2020,18.2,2.2344070309126627,1.0,exact,100.0
2021,JordBr00,Brevin Jordan,TE,Miami,Miami,2020,7.0,0.8702467764830243,0.7936507936507937,exact,100.0
2021,GainKe00,Kenneth Gainwell,RB,Memphis,Memphis,2020,-4.1,-0.4817334756749207,0.3809523809523809,exact,100.0
2021,SmitIh00,Ihmir Smith-Marsette,WR,Iowa,Iowa,2020,7.5,0.9311467878414904,0.8253968253968254,exact,100.0
2021,GrayNo00,Noah Gray,TE,Duke,Duke,2020,0.0,0.0176466174645003,0.4682539682539682,exact,100.0
2021,DaviZa00,Zach Davidson,TE,Central Missouri,Central Missouri,2020,,,,unmatched,
2021,FehoSi00,Simi Fehoko,WR,Stanford,Stanford,2020,4.5,0.5657467196906943,0.6428571428571428,exact,100.0
2021,PoweCo00,Cornell Powell,WR,Clemson,Clemson,2020,13.3,1.6375869195996955,0.9841269841269842,exact,100.0
2021,MasoBe00,Ben Mason,RB,Michigan,Michigan,2020,6.6,0.8215267673962514,0.7619047619047619,exact,100.0
2021,DarbFr00,Frank Darby,WR,Arizona State,Arizona State,2020,5.1,0.6388267333208535,0.6666666666666667,exact,100.0
2021,MitcEl00,Elijah Mitchell,RB,Louisiana-Lafayette,Louisiana-Lafayette,2020,,,,unmatched,
2021,BrigGa00,Gary Brightwell,RB,Arizona,Arizona,2020,3.3,0.4195866924303759,0.5634920634920635,exact,100.0
2021,RounLa00,Larry Rountree III,RB,Missouri,Missouri,2020,5.7,0.7119067469510127,0.7063492063492063,exact,100.0
2021,EvanCh02,Chris Evans,RB,Michigan,Michigan,2020,6.6,0.8215267673962514,0.7619047619047619,exact,100.0
2021,StevMa00,Marquez Stevenson,WR,Houston,Houston,2020,1.1,0.1516266424531255,0.4841269841269841,exact,100.0
2021,SmitSh03,Shi Smith,WR,South Carolina,South Carolina,2020,6.0,0.7484467537660923,0.7222222222222222,exact,100.0
2021,McMaRa00,Racey McMath,WR,LSU,LSU,2020,8.6,1.0651268128301152,0.873015873015873,exact,100.0
2021,CampJa03,Jalen Camp,WR,Georgia Tech,Georgia Tech,2020,1.8,0.2368866583549779,0.4920634920634921,exact,100.0
2021,FeltDe00,Demetric Felton,RB,UCLA,UCLA,2020,4.5,0.5657467196906943,0.6507936507936508,exact,100.0
2021,HerbKh00,Khalil Herbert,RB,Virginia Tech,Virginia Tech,2020,6.1,0.7606267560377855,0.7301587301587302,exact,100.0
2021,EhliSa00,Sam Ehlinger,QB,Texas,Texas,2020,9.0,1.1138468219168882,0.8888888888888888,exact,100.0
2021,WillSe00,Seth Williams,WR,Auburn,Auburn,2020,10.4,1.284366853720593,0.9206349206349208,exact,100.0
2021,NewsDa00,Dazz Newsome,WR,North Carolina,North Carolina,2020,5.6,0.6997267446793195,0.6984126984126984,exact,100.0
2021,StraMi03,Mike Strachan,WR,Charleston,Charleston,2020,,,,unmatched,
2021,FunkJa00,Jake Funk,RB,Maryland,Maryland,2020,6.6,0.8215267673962514,0.7698412698412699,exact,100.0
2021,NixoTr01,Tre Nixon,WR,UCF; Mississippi,UCF,2020,2.7,0.3465066788002167,0.5317460317460317,exact,100.0
2021,DoakGe00,Gerrid Doaks,RB,Cincinnati,Cincinnati,2020,4.0,0.5048467083322283,0.6111111111111112,exact,100.0
2021,SkowBe00,Ben Skowronek,WR,Notre Dame; Northwestern,Notre Dame,2020,11.9,1.467066887795991,0.9523809523809524,exact,100.0
2021,BakeKa00,Kawaan Baker,WR,South Alabama,South Alabama,2020,-8.4,-1.0054735733577285,0.1507936507936508,exact,100.0
2021,HillKy00,Kylin Hill,RB,Mississippi State,Mississippi State,2020,7.6,0.9433267901131834,0.8492063492063492,exact,100.0
2021,JeffJe00,Jermar Jefferson,RB,Oregon State,Oregon State,2020,3.3,0.4195866924303759,0.5714285714285714,exact,100.0
2021,MilnDa00,Dax Milne,WR,BYU,BYU,2020,0.7,0.1029066333663527,0.4761904761904761,exact,100.0
2022,LondDr00,Drake London,WR,USC,USC,2021,1.9,0.4474683212692035,0.6201550387596899,exact,100.0
2022,WilsGa00,Garrett Wilson,WR,Ohio State,Ohio State,2021,11.2,1.688838675593359,0.9767441860465116,exact,100.0
2022,OlavCh00,Chris Olave,WR,Ohio State,Ohio State,2021,11.2,1.688838675593359,0.9767441860465116,exact,100.0
2022,WillJa11,Jameson Williams,WR,Alabama; Ohio State,Alabama,2021,15.3,2.236109476962073,0.992248062015504,exact,100.0
2022,DotsJa00,Jahan Dotson,WR,Penn State,Penn State,2021,8.7,1.3551369674417044,0.937984496124031,exact,100.0
2022,BurkTr00,Treylon Burks,WR,Arkansas,Arkansas,2021,8.8,1.368485035767771,0.9457364341085271,exact,100.0
2022,PickKe00,Kenny Pickett,QB,Pittsburgh,Pittsburgh,2021,3.7,0.687733551138395,0.7054263565891472,exact,100.0
2022,WatsCh00,Christian Watson,WR,North Dakota State,North Dakota State,2021,,,,unmatched,
2022,HallBr03,Breece Hall,RB,Iowa State,Iowa State,2021,8.0,1.2617004891592412,0.8992248062015504,exact,100.0
2022,WalkKe00,Kenneth Walker,RB,Michigan State; Wake Forest,Michigan State,2021,7.6,1.2083082158549765,0.8914728682170543,exact,100.0
2022,RobiWa01,Wan'Dale Robinson,WR,Kentucky,Kentucky,2021,3.3,0.6343412778341302,0.6744186046511628,exact,100.0
2022,MetcJo00,John Metchie,WR,Alabama,Alabama,2021,15.3,2.236109476962073,0.992248062015504,exact,100.0
2022,ThorTy00,Tyquan Thornton,WR,Baylor,Baylor,2021,7.3,1.1682640108767777,0.875968992248062,exact,100.0
2022,PickGe00,George Pickens,WR,Georgia,Georgia,2021,15.7,2.289501750266337,1.0,exact,100.0
2022,PierAl00,Alec Pierce,WR,Cincinnati,Cincinnati,2021,5.1,0.8746065077033216,0.7829457364341086,exact,100.0
2022,MoorSk01,Skyy Moore,WR,Western Michigan,Western Michigan,2021,-5.5,-0.5402887348596944,0.3255813953488372,exact,100.0
2022,McBrTr01,Trey McBride,TE,Colorado State,Colorado State,2021,-7.1,-0.7538578280767534,0.2868217054263565,exact,100.0
2022,CookJa01,James Cook,RB,Georgia,Georgia,2021,15.7,2.289501750266337,1.0,exact,100.0
2022,JoneVe00,Velus Jones,WR,Tennessee; USC,Tennessee,2021,6.2,1.0214352592900495,0.8372093023255813,exact,100.0
2022,WoodJe01,Jelani Woods,TE,Virginia,Virginia,2021,3.2,0.620993209508064,0.6589147286821706,exact,100.0
2022,RiddDe00,Desmond Ridder,QB,Cincinnati,Cincinnati,2021,5.1,0.8746065077033216,0.7829457364341086,exact,100.0
2022,DulcGr00,Greg Dulcich,TE,UCLA,UCLA,2021,2.1,0.4741644579213359,0.6356589147286822,exact,100.0
2022,WillMa12,Malik Willis,QB,Liberty; Auburn,Liberty,2021,-4.2,-0.366763846620834,0.3643410852713178,exact,100.0
2022,TolbJa00,Jalen Tolbert,WR,South Alabama,South Alabama,2021,-11.5,-1.3411728344236655,0.0930232558139535,exact,100.0
2022,WhitRa01,Rachaad White,RB,Arizona State; Mt. San Antonio; Kearney State,Arizona State,2021,2.0,0.4608163895952697,0.627906976744186,exact,100.0
2022,DaviTy03,Tyrion Davis-Price,RB,LSU,LSU,2021,7.0,1.1282198058985793,0.8604651162790697,exact,100.0
2022,CorrMa00,Matt Corral,QB,Mississippi,Mississippi,2021,8.0,1.2617004891592412,0.9147286821705426,exact,100.0
2022,RobiBr01,Brian Robinson,RB,Alabama,Alabama,2021,15.3,2.236109476962073,0.992248062015504,exact,100.0
2022,BellDa02,David Bell,WR,Purdue,Purdue,2021,8.0,1.2617004891592412,0.9069767441860466,exact,100.0
2022,RuckJe00,Jeremy Ruckert,TE,Ohio State,Ohio State,2021,11.2,1.688838675593359,0.9767441860465116,exact,100.0
2022,GrayDa02,Danny Gray,WR,SMU,SMU,2021,-1.4,0.0069820665090193,0.4728682170542635,exact,100.0
2022,OttoCa00,Cade Otton,TE,Washington,Washington,2021,-0.3,0.1538108180957473,0.5193798449612403,exact,100.0
2022,PierDa01,Dameon Pierce,RB,Florida,Florida,2021,4.3,0.7678219610947921,0.751937984496124,exact,100.0
2022,BellDa00,Daniel Bellinger,TE,San Diego State,San Diego State,2021,-5.4,-0.5269406665336284,0.3410852713178295,exact,100.0
2022,WhitZa01,Zamir White,RB,Georgia,Georgia,2021,15.7,2.289501750266337,1.0,exact,100.0
2022,SpilIs00,Isaiah Spiller,RB,Texas A&M,Texas A&M,2021,6.0,0.9947391226379174,0.8294573643410853,exact,100.0
2022,EzukEr00,Erik Ezukanma,WR,Texas Tech,Texas Tech,2021,3.9,0.7144296877905274,0.7209302325581395,exact,100.0
2022,StroPi00,Pierre Strong,RB,South Dakota State,South Dakota State,2021,,,,unmatched,
2022,KolaCh00,Charlie Kolar,TE,Iowa State,Iowa State,2021,8.0,1.2617004891592412,0.8992248062015504,exact,100.0
2022,FergJa00,Jake Ferguson,TE,Wisconsin,Wisconsin,2021,8.6,1.3417888991156384,0.9302325581395348,exact,100.0
2022,HaskHa00,Hassan Haskins,RB,Michigan,Michigan,2021,12.4,1.8490154955061533,0.9844961240310076,exact,100.0
2022,DoubRo00,Romeo Doubs,WR,Nevada,Nevada,2021,-3.6,-0.2866754366644369,0.4031007751937985,exact,100.0
2022,ZappBa00,Bailey Zappe,QB,Western Kentucky; Houston Christian University,Western Kentucky,2021,-3.1,-0.2199350950341059,0.4186046511627906,exact,100.0
2022,AustCa00,Calvin Austin,WR,Memphis,Memphis,2021,-3.8,-0.3133715733165692,0.3875968992248062,exact,100.0
2022,LikeIs00,Isaiah Likely,TE,Coastal Carolina,Coastal Carolina,2021,-10.2,-1.1676479461848053,0.1240310077519379,exact,100.0
2022,OkonCh00,Chigoziem Okonkwo,TE,Maryland,Maryland,2021,3.8,0.7010816194644611,0.7131782945736433,exact,100.0
2022,HoweSa00,Sam Howell,QB,North Carolina,North Carolina,2021,3.0,0.5942970728559317,0.6434108527131783,exact,100.0
2022,ShakKh00,Khalil Shakir,WR,Boise State,Boise State,2021,0.6,0.2739434330303431,0.5581395348837209,exact,100.0
2022,TurnCo00,Cole Turner,TE,Nevada,Nevada,2021,-3.6,-0.2866754366644369,0.4031007751937985,exact,100.0
2022,AllgTy00,Tyler Allgeier,RB,BYU,BYU,2021,1.2,0.3540318429867402,0.5891472868217054,exact,100.0
2022,ConnSn00,Snoop Conner,RB,Mississippi,Mississippi,2021,8.0,1.2617004891592412,0.9147286821705426,exact,100.0
2022,FordJe00,Jerome Ford,RB,Cincinnati; Alabama,Cincinnati,2021,5.1,0.8746065077033216,0.7829457364341086,exact,100.0
2022,,Montrell Washington,WR,Wake Forest,Wake Forest,2021,3.9,0.7144296877905274,0.7286821705426356,exact,100.0
2022,PhilKy01,Kyle Philips,WR,UCLA,UCLA,2021,2.1,0.4741644579213359,0.6356589147286822,exact,100.0
2022,WillKy02,Kyren Williams,RB,Notre Dame,Notre Dame,2021,6.9,1.1148717375725132,0.8449612403100775,exact,100.0
2022,ChanTy01,Ty Chandler,RB,North Carolina,North Carolina,2021,3.0,0.5942970728559317,0.6434108527131783,exact,100.0
2022,QuitTe00,Teagan Quitoriano,TE,Oregon State,Oregon State,2021,1.3,0.3673799113128064,0.5968992248062015,exact,100.0
2022,MitcJa00,James Mitchell,TE,Virginia Tech,Virginia Tech,2021,0.3,0.2338992280521445,0.5271317829457365,exact,100.0
2022,HarrKe01,Kevin Harris,RB,South Carolina,South Carolina,2021,3.2,0.620993209508064,0.6666666666666667,exact,100.0
2022,NailJa00,Jalen Nailor,WR,Michigan State,Michigan State,2021,7.6,1.2083082158549765,0.8914728682170543,exact,100.0
2022,,Andrew Ogletree,TE,Wake Forest,Wake Forest,2021,3.9,0.7144296877905274,0.7286821705426356,exact,100.0
2022,BadiTy00,Tyler Badie,RB,Missouri,Missouri,2021,0.9,0.3139876380085416,0.5736434108527132,exact,100.0
2022,CalcGr00,Grant Calcaterra,TE,SMU; Oklahoma,SMU,2021,-1.4,0.0069820665090193,0.4728682170542635,exact,100.0
2022,IngrKe01,Keaontay Ingram,RB,USC,USC,2021,1.9,0.4474683212692035,0.6201550387596899,exact,100.0
2022,WoodMi00,Michael Woods,WR,Oklahoma; Arkansas,Oklahoma,2021,7.4,1.1816120792028442,0.8837209302325582,exact,100.0
2022,EbneTr00,Trestan Ebner,RB,Baylor,Baylor,2021,7.3,1.1682640108767777,0.875968992248062,exact,100.0
2022,HeywCo00,Connor Heyward,TE,Michigan State,Michigan State,2021,7.6,1.2083082158549765,0.8914728682170543,exact,100.0
2022,FitzJo00,John FitzPatrick,TE,Georgia,Georgia,2021,15.7,2.289501750266337,1.0,exact,100.0
2022,,Ko Kieft,TE,Wake Forest,Wake Forest,2021,3.9,0.7144296877905274,0.7286821705426356,exact,100.0
2022,,Nick Muse,TE,Wake Forest,Wake Forest,2021,3.9,0.7144296877905274,0.7286821705426356,exact,100.0
2022,MeltBo00,Bo Melton,WR,Rutgers,Rutgers,2021,1.5,0.3940760479649388,0.6124031007751938,exact,100.0
2022,,Dareke Young,WR,Wake Forest,Wake Forest,2021,3.9,0.7144296877905274,0.7286821705426356,exact,100.0
2022,,Chris Oladokun,QB,Wake Forest,Wake Forest,2021,3.9,0.7144296877905274,0.7286821705426356,exact,100.0
2022,ThomSk00,Skylar Thompson,QB,Kansas State,Kansas State,2021,5.0,0.8612584393772555,0.7674418604651163,exact,100.0
2022,,Brittain Brown,RB,Wake Forest,Wake Forest,2021,3.9,0.7144296877905274,0.7286821705426356,exact,100.0
2022,PachIs00,Isaih Pacheco,RB,Rutgers,Rutgers,2021,1.5,0.3940760479649388,0.6124031007751938,exact,100.0
2022,,Samori Toure,WR,Wake Forest,Wake Forest,2021,3.9,0.7144296877905274,0.7286821705426356,exact,100.0
2022,,Zander Horvath,RB,Wake Forest,Wake Forest,2021,3.9,0.7144296877905274,0.7286821705426356,exact,100.0
2022,PurdBr00,Brock Purdy,QB,Iowa State,Iowa State,2021,8.0,1.2617004891592412,0.8992248062015504,exact,100.0
2023,YounBr01,Bryce Young,QB,Alabama,Alabama,2022,14.8,1.982372180762544,0.9923076923076924,exact,100.0
2023,StroCJ00,C.J. Stroud,QB,Ohio State,Ohio State,2022,14.7,1.9692730253688544,0.9846153846153848,exact,100.0
2023,RichAn03,Anthony Richardson,QB,Florida,Florida,2022,8.9,1.2095220125348665,0.9,exact,100.0
2023,RobiBi01,Bijan Robinson,RB,Texas,Texas,2022,11.8,1.5893975189518603,0.946153846153846,exact,100.0
2023,GibbJa01,Jahmyr Gibbs,RB,Alabama; Georgia Tech,Alabama,2022,14.8,1.982372180762544,0.9923076923076924,exact,100.0
2023,SmitJa06,Jaxon Smith-Njigba,WR,Ohio State,Ohio State,2022,14.7,1.9692730253688544,0.9846153846153848,exact,100.0
2023,JohnQu02,Quentin Johnston,WR,TCU,TCU,2022,12.3,1.6548932959203078,0.9615384615384616,exact,100.0
2023,FlowZa00,Zay Flowers,WR,Boston College,Boston College,2022,-0.7,-0.0479969052593201,0.4538461538461539,exact,100.0
2023,AddiJo00,Jordan Addison,WR,USC; Pittsburgh,USC,2022,6.6,0.9082414384800092,0.7692307692307692,exact,100.0
2023,KincDa00,Dalton Kincaid,TE,Utah; Univ of California-San Diego,Utah,2022,8.3,1.13092708017273,0.8769230769230769,exact,100.0
2023,LeviWi00,Will Levis,QB,Kentucky; Penn State,Kentucky,2022,6.3,0.8689439722989408,0.7615384615384615,exact,100.0
2023,LaPoSa01,Sam LaPorta,TE,Iowa,Iowa,2022,5.9,0.8165473507241832,0.7384615384615385,exact,100.0
2023,MayeMi00,Michael Mayer,TE,Notre Dame,Notre Dame,2022,6.3,0.8689439722989408,0.7538461538461538,exact,100.0
2023,MingJo00,Jonathan Mingo,WR,Mississippi,Mississippi,2022,7.2,0.9868363708421458,0.8153846153846154,exact,100.0
2023,MusgLu00,Luke Musgrave,TE,Oregon State,Oregon State,2022,5.5,0.7641507291494253,0.7153846153846154,exact,100.0
2023,ReedJa03,Jayden Reed,WR,Michigan State; Western Michigan,Michigan State,2022,7.1,0.9737372154484564,0.8076923076923077,exact,100.0
2023,CharZa00,Zach Charbonnet,RB,UCLA; Michigan,UCLA,2022,2.6,0.3842752227324315,0.5923076923076923,exact,100.0
2023,RiceRa01,Rashee Rice,WR,SMU,SMU,2022,2.3,0.3449777565513631,0.5769230769230769,exact,100.0
2023,SchoLu00,Luke Schoonmaker,TE,Michigan,Michigan,2022,10.8,1.458405965014966,0.9384615384615383,exact,100.0
2023,StraBr00,Brenton Strange,TE,Penn State,Penn State,2022,10.7,1.4453068096212764,0.9307692307692308,exact,100.0
2023,MimsMa00,Marvin Mims Jr.,WR,Oklahoma,Oklahoma,2022,8.9,1.2095220125348665,0.9076923076923076,exact,100.0
2023,HookHe00,Hendon Hooker,QB,Tennessee; Virginia Tech,Tennessee,2022,14.3,1.9168764037940964,0.9769230769230768,exact,100.0
2023,DellNa00,Nathaniel Dell,WR,Houston; Independence Comm. College; Alabama A&M,Houston,2022,0.7,0.135391270252332,0.5307692307692308,exact,100.0
2023,MillKe01,Kendre Miller,RB,TCU,TCU,2022,12.3,1.6548932959203078,0.9615384615384616,exact,100.0
2023,HyatJa00,Jalin Hyatt,WR,Tennessee,Tennessee,2022,14.3,1.9168764037940964,0.9769230769230768,exact,100.0
2023,TillCe01,Cedric Tillman,WR,Tennessee,Tennessee,2022,14.3,1.9168764037940964,0.9769230769230768,exact,100.0
2023,KrafTu00,Tucker Kraft,TE,South Dakota State,South Dakota State,2022,,,,unmatched,
2023,DownJo00,Josh Downs,WR,North Carolina,North Carolina,2022,3.6,0.515266776669326,0.6307692307692307,exact,100.0
2023,SpeaTy00,Tyjae Spears,RB,Tulane,Tulane,2022,3.3,0.4759693104882576,0.6153846153846154,exact,100.0
2023,AchaDe00,Devon Achane,RB,Texas A&M,Texas A&M,2022,6.6,0.9082414384800092,0.7846153846153846,exact,100.0
2023,BigsTa00,Tank Bigsby,RB,Auburn,Auburn,2022,8.5,1.1571253909601087,0.8923076923076922,exact,100.0
2023,WashDa03,Darnell Washington,TE,Georgia,Georgia,2022,15.6,2.087165423912059,1.0,exact,100.0
2023,WilsMi02,Michael Wilson,WR,Stanford,Stanford,2022,3.7,0.5283659320630154,0.6461538461538461,exact,100.0
2023,TuckTr00,Tre Tucker,WR,Cincinnati,Cincinnati,2022,0.5,0.1091929594649532,0.523076923076923,exact,100.0
2023,LatuCa01,Cameron Latu,TE,Alabama,Alabama,2022,14.8,1.982372180762544,0.9923076923076924,exact,100.0
