college_season,draft_year_if_final_college_season,source_date,teamrankings_team,team_key,tr_sos_rank,tr_sos_rating,source_url,tr_sos_rank_pct,tr_sos_z
2025,2026,2026-01-20,Indiana,indiana,1,20.6,https://www.teamrankings.com/college-football/ranking/schedule-strength-by-other?date=2026-01-20,1.0,2.16056182204803
2025,2026,2026-01-20,Oregon,oregon,2,18.3,https://www.teamrankings.com/college-football/ranking/schedule-strength-by-other?date=2026-01-20,0.9925925925925926,1.9190236741078501
2025,2026,2026-01-20,Ohio St,ohiostate,3,17.3,https://www.teamrankings.com/college-football/ranking/schedule-strength-by-other?date=2026-01-20,0.9851851851851852,1.8140070880469021
2025,2026,2026-01-20,Alabama,alabama,4,16.7,https://www.teamrankings.com/college-football/ranking/schedule-strength-by-other?date=2026-01-20,0.9777777777777777,1.7509971364103334
2025,2026,2026-01-20,Miami,miami,5,16.7,https://www.teamrankings.com/college-football/ranking/schedule-strength-by-other?date=2026-01-20,0.9703703703703703,1.7509971364103334
2025,2026,2026-01-20,Georgia,georgia,6,14.0,https://www.teamrankings.com/college-football/ranking/schedule-strength-by-other?date=2026-01-20,0.962962962962963,1.4674523540457742
2025,2026,2026-01-20,Texas,texas,7,13.8,https://www.teamrankings.com/college-football/ranking/schedule-strength-by-other?date=2026-01-20,0.9555555555555556,1.4464490368335847
2025,2026,2026-01-20,Iowa,iowa,8,13.7,https://www.teamrankings.com/college-football/ranking/schedule-strength-by-other?date=2026-01-20,0.9481481481481482,1.4359473782274899
2025,2026,2026-01-20,Texas A&M,texasaandm,9,13.6,https://www.teamrankings.com/college-football/ranking/schedule-strength-by-other?date=2026-01-20,0.9407407407407408,1.425445719621395
2025,2026,2026-01-20,Florida,florida,10,13.5,https://www.teamrankings.com/college-football/ranking/schedule-strength-by-other?date=2026-01-20,0.9333333333333333,1.4149440610153003
2025,2026,2026-01-20,Oklahoma,oklahoma,11,13.3,https://www.teamrankings.com/college-football/ranking/schedule-strength-by-other?date=2026-01-20,0.9259259259259259,1.3939407438031108
2025,2026,2026-01-20,Penn St,pennstate,12,13.2,https://www.teamrankings.com/college-football/ranking/schedule-strength-by-other?date=2026-01-20,0.9185185185185185,1.3834390851970157
2025,2026,2026-01-20,Texas Tech,texastech,13,13.1,https://www.teamrankings.com/college-football/ranking/schedule-strength-by-other?date=2026-01-20,0.9111111111111111,1.372937426590921
2025,2026,2026-01-20,Notre Dame,notredame,14,12.9,https://www.teamrankings.com/college-football/ranking/schedule-strength-by-other?date=2026-01-20,0.9037037037037037,1.3519341093787316
2025,2026,2026-01-20,USC,southerncalifornia,15,12.3,https://www.teamrankings.com/college-football/ranking/schedule-strength-by-other?date=2026-01-20,0.8962962962962963,1.2889241577421628
2025,2026,2026-01-20,Mississippi,olemiss,16,12.2,https://www.teamrankings.com/college-football/ranking/schedule-strength-by-other?date=2026-01-20,0.8888888888888888,1.278422499136068
2025,2026,2026-01-20,Vanderbilt,vanderbilt,17,11.7,https://www.teamrankings.com/college-football/ranking/schedule-strength-by-other?date=2026-01-20,0.8814814814814815,1.225914206105594
2025,2026,2026-01-20,Michigan,michigan,18,11.4,https://www.teamrankings.com/college-football/ranking/schedule-strength-by-other?date=2026-01-20,0.8740740740740741,1.1944092302873097
2025,2026,2026-01-20,LSU,lsu,19,11.4,https://www.teamrankings.com/college-football/ranking/schedule-strength-by-other?date=2026-01-20,0.8666666666666667,1.1944092302873097
2025,2026,2026-01-20,BYU,brighamyoung,20,11.1,https://www.teamrankings.com/college-football/ranking/schedule-strength-by-other?date=2026-01-20,0.8592592592592593,1.1629042544690253
2025,2026,2026-01-20,Auburn,auburn,21,11.0,https://www.teamrankings.com/college-football/ranking/schedule-strength-by-other?date=2026-01-20,0.8518518518518519,1.1524025958629307
2025,2026,2026-01-20,South Carolina,southcarolina,22,10.8,https://www.teamrankings.com/college-football/ranking/schedule-strength-by-other?date=2026-01-20,0.8444444444444444,1.1313992786507412
2025,2026,2026-01-20,Arkansas,arkansas,23,10.7,https://www.teamrankings.com/college-football/ranking/schedule-strength-by-other?date=2026-01-20,0.837037037037037,1.120897620044646
2025,2026,2026-01-20,Wisconsin,wisconsin,24,10.6,https://www.teamrankings.com/college-football/ranking/schedule-strength-by-other?date=2026-01-20,0.8296296296296296,1.1103959614385515
2025,2026,2026-01-20,Illinois,illinois,25,10.3,https://www.teamrankings.com/college-football/ranking/schedule-strength-by-other?date=2026-01-20,0.8222222222222222,1.0788909856202673
2025,2026,2026-01-20,Missouri,missouri,26,10.1,https://www.teamrankings.com/college-football/ranking/schedule-strength-by-other?date=2026-01-20,0.8148148148148149,1.0578876684080776
2025,2026,2026-01-20,Tennessee,tennessee,27,9.8,https://www.teamrankings.com/college-football/ranking/schedule-strength-by-other?date=2026-01-20,0.8074074074074074,1.0263826925897932
2025,2026,2026-01-20,Utah,utah,28,9.7,https://www.teamrankings.com/college-football/ranking/schedule-strength-by-other?date=2026-01-20,0.8,1.0158810339836983
2025,2026,2026-01-20,Kentucky,kentucky,29,9.5,https://www.teamrankings.com/college-football/ranking/schedule-strength-by-other?date=2026-01-20,0.7925925925925926,0.9948777167715088
2025,2026,2026-01-20,Washington,washington,30,9.5,https://www.teamrankings.com/college-football/ranking/schedule-strength-by-other?date=2026-01-20,0.7851851851851852,0.9948777167715088
2025,2026,2026-01-20,UCLA,ucla,31,8.8,https://www.teamrankings.com/college-football/ranking/schedule-strength-by-other?date=2026-01-20,0.7777777777777778,0.9213661065288454
2025,2026,2026-01-20,Florida St,floridastate,32,8.5,https://www.teamrankings.com/college-football/ranking/schedule-strength-by-other?date=2026-01-20,0.7703703703703704,0.889861130710561
2025,2026,2026-01-20,Mississippi St,mississippistate,33,8.1,https://www.teamrankings.com/college-football/ranking/schedule-strength-by-other?date=2026-01-20,0.762962962962963,0.8478544962861818
2025,2026,2026-01-20,Nebraska,nebraska,34,7.8,https://www.teamrankings.com/college-football/ranking/schedule-strength-by-other?date=2026-01-20,0.7555555555555555,0.8163495204678975
2025,2026,2026-01-20,Clemson,clemson,35,7.1,https://www.teamrankings.com/college-football/ranking/schedule-strength-by-other?date=2026-01-20,0.7481481481481482,0.742837910225234
2025,2026,2026-01-20,TCU,texaschristian,36,7.0,https://www.teamrankings.com/college-football/ranking/schedule-strength-by-other?date=2026-01-20,0.7407407407407407,0.7323362516191393
2025,2026,2026-01-20,Arizona St,arizonastate,37,7.0,https://www.teamrankings.com/college-football/ranking/schedule-strength-by-other?date=2026-01-20,0.7333333333333334,0.7323362516191393
2025,2026,2026-01-20,NC State,ncstate,38,7.0,https://www.teamrankings.com/college-football/ranking/schedule-strength-by-other?date=2026-01-20,0.7259259259259259,0.7323362516191393
2025,2026,2026-01-20,Rutgers,rutgers,39,6.8,https://www.teamrankings.com/college-football/ranking/schedule-strength-by-other?date=2026-01-20,0.7185185185185186,0.7113329344069498
2025,2026,2026-01-20,Kansas St,kansasstate,40,6.8,https://www.teamrankings.com/college-football/ranking/schedule-strength-by-other?date=2026-01-20,0.7111111111111111,0.7113329344069498
2025,2026,2026-01-20,Baylor,baylor,41,6.6,https://www.teamrankings.com/college-football/ranking/schedule-strength-by-other?date=2026-01-20,0.7037037037037037,0.6903296171947602
2025,2026,2026-01-20,Pittsburgh,pittsburgh,42,6.4,https://www.teamrankings.com/college-football/ranking/schedule-strength-by-other?date=2026-01-20,0.6962962962962963,0.6693262999825706
2025,2026,2026-01-20,Michigan St,michiganstate,43,6.3,https://www.teamrankings.com/college-football/ranking/schedule-strength-by-other?date=2026-01-20,0.6888888888888889,0.6588246413764758
2025,2026,2026-01-20,Louisville,louisville,44,6.3,https://www.teamrankings.com/college-football/ranking/schedule-strength-by-other?date=2026-01-20,0.6814814814814815,0.6588246413764758
2025,2026,2026-01-20,SMU,southernmethodist,45,6.2,https://www.teamrankings.com/college-football/ranking/schedule-strength-by-other?date=2026-01-20,0.674074074074074,0.648322982770381
2025,2026,2026-01-20,Arizona,arizona,46,6.1,https://www.teamrankings.com/college-football/ranking/schedule-strength-by-other?date=2026-01-20,0.6666666666666667,0.6378213241642862
2025,2026,2026-01-20,Kansas,kansas,47,6.1,https://www.teamrankings.com/college-football/ranking/schedule-strength-by-other?date=2026-01-20,0.6592592592592592,0.6378213241642862
2025,2026,2026-01-20,Iowa St,iowastate,48,6.0,https://www.teamrankings.com/college-football/ranking/schedule-strength-by-other?date=2026-01-20,0.6518518518518519,0.6273196655581914
2025,2026,2026-01-20,Virginia Tech,virginiatech,49,5.7,https://www.teamrankings.com/college-football/ranking/schedule-strength-by-other?date=2026-01-20,0.6444444444444444,0.5958146897399071
2025,2026,2026-01-20,Purdue,purdue,50,5.6,https://www.teamrankings.com/college-football/ranking/schedule-strength-by-other?date=2026-01-20,0.6370370370370371,0.5853130311338123
2025,2026,2026-01-20,Northwestern,northwestern,51,5.5,https://www.teamrankings.com/college-football/ranking/schedule-strength-by-other?date=2026-01-20,0.6296296296296297,0.5748113725277175
2025,2026,2026-01-20,Georgia Tech,georgiatech,52,5.5,https://www.teamrankings.com/college-football/ranking/schedule-strength-by-other?date=2026-01-20,0.6222222222222222,0.5748113725277175
2025,2026,2026-01-20,West Virginia,westvirginia,53,5.1,https://www.teamrankings.com/college-football/ranking/schedule-strength-by-other?date=2026-01-20,0.6148148148148148,0.5328047381033384
2025,2026,2026-01-20,Cincinnati,cincinnati,54,5.0,https://www.teamrankings.com/college-football/ranking/schedule-strength-by-other?date=2026-01-20,0.6074074074074074,0.5223030794972436
2025,2026,2026-01-20,Colorado,colorado,55,4.6,https://www.teamrankings.com/college-football/ranking/schedule-strength-by-other?date=2026-01-20,0.6,0.48029644507286445
2025,2026,2026-01-20,Duke,duke,56,4.4,https://www.teamrankings.com/college-football/ranking/schedule-strength-by-other?date=2026-01-20,0.5925925925925926,0.45929312786067494
2025,2026,2026-01-20,Minnesota,minnesota,57,3.9,https://www.teamrankings.com/college-football/ranking/schedule-strength-by-other?date=2026-01-20,0.5851851851851853,0.4067848348302009
2025,2026,2026-01-20,Stanford,stanford,58,3.8,https://www.teamrankings.com/college-football/ranking/schedule-strength-by-other?date=2026-01-20,0.5777777777777777,0.39628317622410614
2025,2026,2026-01-20,Virginia,virginia,59,3.8,https://www.teamrankings.com/college-football/ranking/schedule-strength-by-other?date=2026-01-20,0.5703703703703704,0.39628317622410614
2025,2026,2026-01-20,Houston,houston,60,3.0,https://www.teamrankings.com/college-football/ranking/schedule-strength-by-other?date=2026-01-20,0.5629629629629629,0.3122699073753478
2025,2026,2026-01-20,S Florida,southflorida,61,3.0,https://www.teamrankings.com/college-football/ranking/schedule-strength-by-other?date=2026-01-20,0.5555555555555556,0.3122699073753478
2025,2026,2026-01-20,Maryland,maryland,62,3.0,https://www.teamrankings.com/college-football/ranking/schedule-strength-by-other?date=2026-01-20,0.5481481481481482,0.3122699073753478
2025,2026,2026-01-20,Boston College,bostoncollege,63,2.4,https://www.teamrankings.com/college-football/ranking/schedule-strength-by-other?date=2026-01-20,0.5407407407407407,0.24925995573877913
2025,2026,2026-01-20,Syracuse,syracuse,64,2.4,https://www.teamrankings.com/college-football/ranking/schedule-strength-by-other?date=2026-01-20,0.5333333333333333,0.24925995573877913
2025,2026,2026-01-20,UCF,centralflorida,65,1.8,https://www.teamrankings.com/college-football/ranking/schedule-strength-by-other?date=2026-01-20,0.5259259259259259,0.18625000410221046
2025,2026,2026-01-20,Wake Forest,wakeforest,66,1.7,https://www.teamrankings.com/college-football/ranking/schedule-strength-by-other?date=2026-01-20,0.5185185185185186,0.17574834549611565
2025,2026,2026-01-20,Tulane,tulane,67,1.0,https://www.teamrankings.com/college-football/ranking/schedule-strength-by-other?date=2026-01-20,0.5111111111111111,0.10223673525345216
2025,2026,2026-01-20,Washington St,washingtonstate,68,0.7,https://www.teamrankings.com/college-football/ranking/schedule-strength-by-other?date=2026-01-20,0.5037037037037038,0.0707317594351678
2025,2026,2026-01-20,California,california,69,-0.1,https://www.teamrankings.com/college-football/ranking/schedule-strength-by-other?date=2026-01-20,0.49629629629629635,-0.013281509413590482
2025,2026,2026-01-20,Oklahoma St,oklahomastate,70,-0.4,https://www.teamrankings.com/college-football/ranking/schedule-strength-by-other?date=2026-01-20,0.48888888888888893,-0.04478648523187484
2025,2026,2026-01-20,North Carolina,northcarolina,71,-0.7,https://www.teamrankings.com/college-football/ranking/schedule-strength-by-other?date=2026-01-20,0.4814814814814815,-0.07629146105015919
2025,2026,2026-01-20,J Madison,jamesmadison,72,-0.7,https://www.teamrankings.com/college-football/ranking/schedule-strength-by-other?date=2026-01-20,0.4740740740740741,-0.07629146105015919
2025,2026,2026-01-20,Boise St,boisestate,73,-0.7,https://www.teamrankings.com/college-football/ranking/schedule-strength-by-other?date=2026-01-20,0.4666666666666667,-0.07629146105015919
2025,2026,2026-01-20,E Carolina,eastcarolina,74,-1.1,https://www.teamrankings.com/college-football/ranking/schedule-strength-by-other?date=2026-01-20,0.45925925925925926,-0.11829809547453835
2025,2026,2026-01-20,Navy,navy,75,-2.2,https://www.teamrankings.com/college-football/ranking/schedule-strength-by-other?date=2026-01-20,0.45185185185185184,-0.233816340141581
2025,2026,2026-01-20,UTSA,texassanantonio,76,-2.5,https://www.teamrankings.com/college-football/ranking/schedule-strength-by-other?date=2026-01-20,0.4444444444444444,-0.26532131595986536
2025,2026,2026-01-20,N Texas,northtexas,77,-2.8,https://www.teamrankings.com/college-football/ranking/schedule-strength-by-other?date=2026-01-20,0.437037037037037,-0.2968262917781497
2025,2026,2026-01-20,Old Dominion,olddominion,78,-2.9,https://www.teamrankings.com/college-football/ranking/schedule-strength-by-other?date=2026-01-20,0.4296296296296296,-0.3073279503842445
2025,2026,2026-01-20,Army,army,79,-3.5,https://www.teamrankings.com/college-football/ranking/schedule-strength-by-other?date=2026-01-20,0.4222222222222223,-0.3703379020208132
2025,2026,2026-01-20,Memphis,memphis,80,-3.5,https://www.teamrankings.com/college-football/ranking/schedule-strength-by-other?date=2026-01-20,0.41481481481481486,-0.3703379020208132
2025,2026,2026-01-20,Utah St,utahstate,81,-4.3,https://www.teamrankings.com/college-football/ranking/schedule-strength-by-other?date=2026-01-20,0.40740740740740744,-0.45435117086957144
2025,2026,2026-01-20,New Mexico,newmexico,82,-4.9,https://www.teamrankings.com/college-football/ranking/schedule-strength-by-other?date=2026-01-20,0.4,-0.5173611225061402
2025,2026,2026-01-20,Toledo,toledo,83,-5.1,https://www.teamrankings.com/college-football/ranking/schedule-strength-by-other?date=2026-01-20,0.3925925925925926,-0.5383644397183297
2025,2026,2026-01-20,Temple,temple,84,-5.3,https://www.teamrankings.com/college-football/ranking/schedule-strength-by-other?date=2026-01-20,0.3851851851851852,-0.5593677569305193
2025,2026,2026-01-20,Colorado St,coloradostate,85,-5.3,https://www.teamrankings.com/college-football/ranking/schedule-strength-by-other?date=2026-01-20,0.37777777777777777,-0.5593677569305193
2025,2026,2026-01-20,San Diego St,sandiegostate,86,-5.4,https://www.teamrankings.com/college-football/ranking/schedule-strength-by-other?date=2026-01-20,0.37037037037037035,-0.5698694155366141
2025,2026,2026-01-20,UNLV,unlv,87,-6.3,https://www.teamrankings.com/college-football/ranking/schedule-strength-by-other?date=2026-01-20,0.36296296296296293,-0.6643843429914671
2025,2026,2026-01-20,Oregon St,oregonstate,88,-6.3,https://www.teamrankings.com/college-football/ranking/schedule-strength-by-other?date=2026-01-20,0.3555555555555555,-0.6643843429914671
2025,2026,2026-01-20,Air Force,airforce,89,-6.4,https://www.teamrankings.com/college-football/ranking/schedule-strength-by-other?date=2026-01-20,0.3481481481481481,-0.674886001597562
2025,2026,2026-01-20,Fresno St,fresnostate,90,-7.1,https://www.teamrankings.com/college-football/ranking/schedule-strength-by-other?date=2026-01-20,0.3407407407407408,-0.7483976118402254
2025,2026,2026-01-20,W Michigan,westernmichigan,91,-7.2,https://www.teamrankings.com/college-football/ranking/schedule-strength-by-other?date=2026-01-20,0.33333333333333337,-0.7588992704463202
2025,2026,2026-01-20,Hawai'i,hawaii,92,-7.2,https://www.teamrankings.com/college-football/ranking/schedule-strength-by-other?date=2026-01-20,0.32592592592592595,-0.7588992704463202
2025,2026,2026-01-20,San Jose St,sanjosestate,93,-7.6,https://www.teamrankings.com/college-football/ranking/schedule-strength-by-other?date=2026-01-20,0.31851851851851853,-0.8009059048706993
2025,2026,2026-01-20,Miami OH,miamiohio,94,-7.7,https://www.teamrankings.com/college-football/ranking/schedule-strength-by-other?date=2026-01-20,0.3111111111111111,-0.8114075634767942
2025,2026,2026-01-20,Texas St,texasstate,95,-7.8,https://www.teamrankings.com/college-football/ranking/schedule-strength-by-other?date=2026-01-20,0.3037037037037037,-0.821909222082889
2025,2026,2026-01-20,Nevada,nevada,96,-8.1,https://www.teamrankings.com/college-football/ranking/schedule-strength-by-other?date=2026-01-20,0.2962962962962963,-0.8534141979011733
2025,2026,2026-01-20,Ohio,ohio,97,-8.2,https://www.teamrankings.com/college-football/ranking/schedule-strength-by-other?date=2026-01-20,0.28888888888888886,-0.8639158565072681
2025,2026,2026-01-20,Troy,troy,98,-8.3,https://www.teamrankings.com/college-football/ranking/schedule-strength-by-other?date=2026-01-20,0.28148148148148144,-0.8744175151133631
2025,2026,2026-01-20,Florida Atlantic,floridaatlantic,99,-8.3,https://www.teamrankings.com/college-football/ranking/schedule-strength-by-other?date=2026-01-20,0.274074074074074,-0.8744175151133631
2025,2026,2026-01-20,Wyoming,wyoming,100,-8.6,https://www.teamrankings.com/college-football/ranking/schedule-strength-by-other?date=2026-01-20,0.2666666666666667,-0.9059224909316472
2025,2026,2026-01-20,UAB,alabamabirmingham,101,-8.7,https://www.teamrankings.com/college-football/ranking/schedule-strength-by-other?date=2026-01-20,0.2592592592592593,-0.916424149537742
2025,2026,2026-01-20,Marshall,marshall,102,-9.2,https://www.teamrankings.com/college-football/ranking/schedule-strength-by-other?date=2026-01-20,0.2518518518518519,-0.968932442568216
2025,2026,2026-01-20,Coastal Car,coastalcarolina,103,-9.4,https://www.teamrankings.com/college-football/ranking/schedule-strength-by-other?date=2026-01-20,0.24444444444444446,-0.9899357597804056
2025,2026,2026-01-20,Tulsa,tulsa,104,-9.4,https://www.teamrankings.com/college-football/ranking/schedule-strength-by-other?date=2026-01-20,0.23703703703703705,-0.9899357597804056
2025,2026,2026-01-20,Georgia So,georgiasouthern,105,-9.6,https://www.teamrankings.com/college-football/ranking/schedule-strength-by-other?date=2026-01-20,0.22962962962962963,-1.0109390769925952
2025,2026,2026-01-20,UConn,connecticut,106,-9.6,https://www.teamrankings.com/college-football/ranking/schedule-strength-by-other?date=2026-01-20,0.2222222222222222,-1.0109390769925952
2025,2026,2026-01-20,Rice,rice,107,-9.7,https://www.teamrankings.com/college-football/ranking/schedule-strength-by-other?date=2026-01-20,0.2148148148148148,-1.0214407355986899
2025,2026,2026-01-20,Charlotte,charlotte,108,-10.0,https://www.teamrankings.com/college-football/ranking/schedule-strength-by-other?date=2026-01-20,0.20740740740740737,-1.0529457114169742
2025,2026,2026-01-20,Georgia St,georgiastate,109,-10.1,https://www.teamrankings.com/college-football/ranking/schedule-strength-by-other?date=2026-01-20,0.19999999999999996,-1.063447370023069
2025,2026,2026-01-20,Arkansas St,arkansasstate,110,-10.2,https://www.teamrankings.com/college-football/ranking/schedule-strength-by-other?date=2026-01-20,0.19259259259259254,-1.0739490286291637
2025,2026,2026-01-20,S Alabama,southalabama,111,-10.2,https://www.teamrankings.com/college-football/ranking/schedule-strength-by-other?date=2026-01-20,0.18518518518518523,-1.0739490286291637
2025,2026,2026-01-20,Kennesaw St,kennesawst,112,-10.3,https://www.teamrankings.com/college-football/ranking/schedule-strength-by-other?date=2026-01-20,0.1777777777777778,-1.0844506872352588
2025,2026,2026-01-20,C Michigan,centralmichigan,113,-10.6,https://www.teamrankings.com/college-football/ranking/schedule-strength-by-other?date=2026-01-20,0.1703703703703704,-1.115955663053543
2025,2026,2026-01-20,Southern Miss,southernmiss,114,-10.6,https://www.teamrankings.com/college-football/ranking/schedule-strength-by-other?date=2026-01-20,0.16296296296296298,-1.115955663053543
2025,2026,2026-01-20,W Kentucky,westernkentucky,115,-10.9,https://www.teamrankings.com/college-football/ranking/schedule-strength-by-other?date=2026-01-20,0.15555555555555556,-1.1474606388718274
2025,2026,2026-01-20,Liberty,liberty,116,-10.9,https://www.teamrankings.com/college-football/ranking/schedule-strength-by-other?date=2026-01-20,0.14814814814814814,-1.1474606388718274
2025,2026,2026-01-20,Louisiana Tech,louisianatech,117,-11.0,https://www.teamrankings.com/college-football/ranking/schedule-strength-by-other?date=2026-01-20,0.14074074074074072,-1.1579622974779222
2025,2026,2026-01-20,Louisiana,louisiana,118,-11.0,https://www.teamrankings.com/college-football/ranking/schedule-strength-by-other?date=2026-01-20,0.1333333333333333,-1.1579622974779222
2025,2026,2026-01-20,Missouri St,missourist,119,-11.0,https://www.teamrankings.com/college-football/ranking/schedule-strength-by-other?date=2026-01-20,0.12592592592592589,-1.1579622974779222
2025,2026,2026-01-20,Florida Intl,floridainternational,120,-11.5,https://www.teamrankings.com/college-football/ranking/schedule-strength-by-other?date=2026-01-20,0.11851851851851847,-1.2104705905083961
2025,2026,2026-01-20,UL Monroe,louisianamonroe,121,-11.9,https://www.teamrankings.com/college-football/ranking/schedule-strength-by-other?date=2026-01-20,0.11111111111111116,-1.2524772249327754
2025,2026,2026-01-20,E Michigan,easternmichigan,122,-12.0,https://www.teamrankings.com/college-football/ranking/schedule-strength-by-other?date=2026-01-20,0.10370370370370374,-1.26297888353887
2025,2026,2026-01-20,Delaware,delaware,123,-12.0,https://www.teamrankings.com/college-football/ranking/schedule-strength-by-other?date=2026-01-20,0.09629629629629632,-1.26297888353887
2025,2026,2026-01-20,App State,appalachianstate,124,-12.1,https://www.teamrankings.com/college-football/ranking/schedule-strength-by-other?date=2026-01-20,0.0888888888888889,-1.2734805421449649
2025,2026,2026-01-20,N Illinois,northernillinois,125,-12.4,https://www.teamrankings.com/college-football/ranking/schedule-strength-by-other?date=2026-01-20,0.08148148148148149,-1.3049855179632492
2025,2026,2026-01-20,Jacksonville St,jacksonvillest,126,-12.4,https://www.teamrankings.com/college-football/ranking/schedule-strength-by-other?date=2026-01-20,0.07407407407407407,-1.3049855179632492
2025,2026,2026-01-20,Sam Houston,samhouston,127,-12.5,https://www.teamrankings.com/college-football/ranking/schedule-strength-by-other?date=2026-01-20,0.06666666666666665,-1.3154871765693439
2025,2026,2026-01-20,Ball St,ballstate,128,-12.9,https://www.teamrankings.com/college-football/ranking/schedule-strength-by-other?date=2026-01-20,0.059259259259259234,-1.3574938109937231
2025,2026,2026-01-20,Bowling Green,bowlinggreen,129,-13.1,https://www.teamrankings.com/college-football/ranking/schedule-strength-by-other?date=2026-01-20,0.051851851851851816,-1.3784971282059126
2025,2026,2026-01-20,Middle Tenn,middletennessee,130,-13.4,https://www.teamrankings.com/college-football/ranking/schedule-strength-by-other?date=2026-01-20,0.0444444444444444,-1.410002104024197
2025,2026,2026-01-20,Buffalo,buffalo,131,-14.0,https://www.teamrankings.com/college-football/ranking/schedule-strength-by-other?date=2026-01-20,0.03703703703703709,-1.4730120556607658
2025,2026,2026-01-20,New Mexico St,newmexicostate,132,-14.1,https://www.teamrankings.com/college-football/ranking/schedule-strength-by-other?date=2026-01-20,0.029629629629629672,-1.4835137142668604
2025,2026,2026-01-20,UTEP,texaselpaso,133,-14.6,https://www.teamrankings.com/college-football/ranking/schedule-strength-by-other?date=2026-01-20,0.022222222222222254,-1.5360220072973345
2025,2026,2026-01-20,Kent St,kentstate,134,-14.9,https://www.teamrankings.com/college-football/ranking/schedule-strength-by-other?date=2026-01-20,0.014814814814814836,-1.5675269831156189
2025,2026,2026-01-20,Akron,akron,135,-16.3,https://www.teamrankings.com/college-football/ranking/schedule-strength-by-other?date=2026-01-20,0.007407407407407418,-1.714550203600946
2025,2026,2026-01-20,UMass,massachusetts,136,-17.0,https://www.teamrankings.com/college-football/ranking/schedule-strength-by-other?date=2026-01-20,0.0,-1.7880618138436093
