draft_year,position,result_type,player_count,mean_model_score,max_model_score,mean_prospect_percentile,realized_hit_rate,realized_star_rate
2007,RB,historical_oof,24,4.902678352734782,11.577407061048696,51.508042895442365,0.08333333333333333,0.041666666666666664
2007,WR,historical_oof,34,3.520432938425365,9.273544349489764,39.98319327731093,0.14705882352941177,0.08823529411764706
2008,QB,historical_oof,13,2.6984763046811078,6.1542435424572375,50.0437062937063,0.15384615384615385,0.0
2008,RB,historical_oof,27,4.674760452215697,11.885201209664686,48.594975672723656,0.2962962962962963,0.18518518518518517
2008,TE,historical_oof,16,3.2454310579927244,5.98507630608478,52.182112068965516,0.1875,0.0
2008,WR,historical_oof,35,4.013223667699222,10.387676198979586,46.40544217687075,0.11428571428571428,0.05714285714285714
2009,QB,historical_oof,11,3.4420875798058437,8.242028228846484,46.48760330578512,0.2727272727272727,0.09090909090909091
2009,RB,historical_oof,23,5.185411782814564,12.470954334090784,55.72910595640517,0.043478260869565216,0.043478260869565216
2009,TE,historical_oof,19,2.7113701864102904,7.021028739177493,43.51179673321234,0.05263157894736842,0.05263157894736842
2009,WR,historical_oof,34,3.7544546910639247,10.308579158163266,40.38095238095238,0.14705882352941177,0.08823529411764706
2010,QB,historical_oof,13,2.1874854350816038,10.663765445872286,33.522727272727266,0.0,0.0
2010,RB,historical_oof,15,5.608404594608728,12.924873886000592,53.22609472743521,0.13333333333333333,0.06666666666666667
2010,TE,historical_oof,19,2.205303725286307,7.809349312681382,33.41651542649728,0.2631578947368421,0.15789473684210525
2010,WR,historical_oof,31,3.9501239236609837,11.969761135204063,44.57142857142858,0.16129032258064516,0.0967741935483871
2011,QB,historical_oof,12,4.8422982637752146,11.96900515103892,50.56818181818182,0.25,0.16666666666666666
2011,RB,historical_oof,29,3.983824166017132,12.057847282037493,44.97550152537672,0.034482758620689655,0.034482758620689655
2011,TE,historical_oof,13,3.3327160346262423,7.383673193820077,49.37002652519894,0.3076923076923077,0.15384615384615385
2011,WR,historical_oof,28,4.71676872293452,12.549884770408172,51.76190476190476,0.14285714285714285,0.07142857142857142
2012,QB,historical_oof,11,5.106228363396664,12.395349035372655,53.09917355371901,0.45454545454545453,0.2727272727272727
2012,RB,historical_oof,21,4.797984171994533,13.142225890431082,49.010596195582785,0.19047619047619047,0.047619047619047616
2012,TE,historical_oof,12,3.4481512137659798,7.789751777161333,52.514367816091955,0.08333333333333333,0.0
2012,WR,historical_oof,33,5.218295109771182,13.741077380952389,56.63492063492063,0.09090909090909091,0.06060606060606061
2013,QB,historical_oof,11,3.1170302247043824,12.318783345218316,46.90082644628099,0.0,0.0
2013,RB,historical_oof,25,3.6823964588952776,8.407982523180324,42.02680965147453,0.12,0.08
2013,TE,historical_oof,16,3.4106820103433275,8.894850613503559,46.41702586206896,0.25,0.0625
2013,WR,historical_oof,27,4.84791801957357,12.686231938775522,52.289241622574956,0.07407407407407407,0.037037037037037035
2014,QB,historical_oof,13,4.037604655682519,12.868072597597552,37.41258741258741,0.15384615384615385,0.07692307692307693
2014,RB,historical_oof,21,4.162095830047361,7.235467068802311,47.427550108515256,0.09523809523809523,0.047619047619047616
2014,TE,historical_oof,10,4.830986901671741,9.032372939396913,64.91379310344828,0.1,0.0
2014,WR,historical_oof,33,5.454910438235556,14.988583711734687,56.61183261183261,0.2727272727272727,0.18181818181818182
2015,QB,historical_oof,7,5.507636096163016,13.746031261045,57.87337662337662,0.0,0.0
2015,RB,historical_oof,22,4.251974146509317,10.80573281870046,46.33195223007556,0.22727272727272727,0.13636363636363635
2015,TE,historical_oof,20,2.5412061721517576,7.27303796849976,39.224137931034484,0.0,0.0
2015,WR,historical_oof,33,5.000464183201058,12.059846947278908,53.20634920634921,0.09090909090909091,0.0
2016,QB,historical_oof,15,4.145217592837066,14.596803097150165,50.0,0.2,0.13333333333333333
2016,RB,historical_oof,23,3.75991109444279,13.96053542795124,39.538407739829815,0.08695652173913043,0.043478260869565216
2016,TE,historical_oof,11,2.7524808189506205,7.458536571850772,42.476489028213166,0.09090909090909091,0.09090909090909091
2016,WR,historical_oof,31,4.209588819585751,12.879383422619052,43.225806451612904,0.0967741935483871,0.06451612903225806
2017,QB,historical_oof,10,5.408752138841319,15.626610593823422,56.875,0.2,0.2
2017,RB,historical_oof,30,4.708909858948272,14.266220636692289,49.535299374441465,0.3333333333333333,0.2
2017,TE,historical_oof,14,4.296950933456697,8.622158019440882,58.62068965517242,0.21428571428571427,0.14285714285714285
2017,WR,historical_oof,32,4.977866751679465,10.78439401785715,55.833333333333336,0.125,0.125
2018,QB,historical_oof,13,5.623578487912581,15.071535985368811,47.989510489510494,0.15384615384615385,0.15384615384615385
2018,RB,historical_oof,20,5.787745137586444,14.63031656827745,58.28418230563003,0.1,0.05
2018,TE,historical_oof,15,3.7124253091488546,8.086908241946551,56.178160919540225,0.3333333333333333,0.06666666666666667
2018,WR,historical_oof,34,3.899563339525205,11.296662023809525,40.87394957983194,0.14705882352941177,0.029411764705882353
2019,QB,historical_oof,11,4.947035896276429,17.345372583380062,47.62396694214876,0.09090909090909091,0.09090909090909091
2019,RB,historical_oof,25,4.538858435658586,10.710507668064864,48.911528150134046,0.08,0.04
2019,TE,historical_oof,16,3.6210545880827385,7.806176510374543,52.80172413793103,0.1875,0.0625
2019,WR,historical_oof,28,4.363712500144944,11.17189295493197,47.925170068027214,0.25,0.17857142857142858
2020,QB,historical_oof,12,5.855999150898533,16.02324038314265,45.928030303030305,0.25,0.25
2020,RB,historical_oof,18,6.594836062425581,10.697720897976431,68.05183199285075,0.1111111111111111,0.05555555555555555
2020,TE,historical_oof,12,3.799154558066816,6.587450645616636,60.0933908045977,0.08333333333333333,0.0
2020,WR,historical_oof,35,5.1776633374254475,13.380072947929168,53.31700680272109,0.22857142857142856,0.05714285714285714
2021,QB,historical_oof,10,9.272836031506916,18.09059644082,69.48863636363636,0.2,0.1
2021,RB,historical_oof,20,4.032812509765174,12.52784589687358,42.14477211796247,0.15,0.1
2021,TE,historical_oof,11,3.5919273141889736,8.764799308163829,55.52507836990595,0.18181818181818182,0.09090909090909091
2021,WR,historical_oof,35,4.835231498154998,11.51404838010204,51.30340136054422,0.14285714285714285,0.14285714285714285
2022,QB,historical_oof,9,3.9429690122233882,10.5969981645527,54.92424242424242,0.1111111111111111,0.1111111111111111
2022,RB,historical_oof,23,4.678194659057369,10.712754150607427,52.88495162606364,0.17391304347826086,0.08695652173913043
2022,TE,historical_oof,19,2.8179693482845534,6.259837267223904,46.18874773139746,0.10526315789473684,0.05263157894736842
2022,WR,historical_oof,28,5.89328421527932,12.371295022634047,59.02721088435374,0.14285714285714285,0.07142857142857142
2023,QB,historical_oof,5,13.059583159534043,16.565322806629435,89.43181818181819,0.2,0.0
2023,RB,historical_oof,7,9.407697994380186,14.165526669413053,86.2887782458828,0.42857142857142855,0.42857142857142855
2023,TE,historical_oof,9,5.886115057862012,8.979800113502854,80.02873563218391,0.3333333333333333,0.1111111111111111
2023,WR,historical_oof,14,7.239000420540238,12.117726965286108,73.91836734693878,0.2857142857142857,0.21428571428571427
2024,QB,frozen_prospect,11,8.821335121037164,16.40469630796272,65.39256198347107,,
2024,RB,frozen_prospect,19,4.459379230993197,9.41460714571137,49.69662762805136,,
2024,TE,frozen_prospect,12,3.375414467966843,8.375988362178202,50.68247126436781,,
2024,WR,frozen_prospect,35,4.896882057095024,12.193560551970773,49.93197278911565,,
2025,QB,frozen_prospect,14,4.462382484803745,15.227762262709264,52.15097402597403,,
2025,RB,frozen_prospect,25,5.389257524408659,14.198655685607903,55.33512064343164,,
2025,TE,frozen_prospect,16,3.495076153534093,8.801870597513473,47.17133620689655,,
2025,WR,frozen_prospect,31,4.783761217733061,12.825028477390957,50.82642089093702,,
2026,QB,frozen_prospect,10,4.927684895705979,16.078387867038995,53.18181818181817,,
2026,RB,frozen_prospect,13,4.945406203765245,16.055744652459907,47.9274077129305,,
2026,TE,frozen_prospect,22,3.0528519544262256,8.22883863853933,47.35501567398119,,
2026,WR,frozen_prospect,36,4.223217797519051,10.396023701730696,47.92063492063492,,
