season,pfr_name,draft_pick,primary_ppg,prospect_model_score,hit3,star3
2014,Sammy Watkins,4,13.025,12.57098082057823,1,0
2014,Mike Evans,7,17.1625,14.988583711734687,1,1
2014,Odell Beckham,12,19.259375,8.730909761904758,1,1
2014,Brandin Cooks,20,15.621875,10.670735085034012,1,1
2014,Kelvin Benjamin,28,13.215625,9.935840046768725,1,0
2014,Marqise Lee,39,8.328125,10.120866530612243,0,0
2014,Jordan Matthews,42,13.528125,9.156508120748306,0,0
2014,Paul Richardson,45,3.7,8.184971318027213,0,0
2014,Davante Adams,53,11.03125,7.76875332482993,1,1
2014,Cody Latimer,56,1.05,6.194565034013606,0,0
2014,Allen Robinson,61,15.728125,8.346469931972786,1,1
2014,Jarvis Landry,63,15.895625,7.754113612528343,1,1
2014,Josh Huff,86,3.65625,4.691286812641722,0,0
2014,Donte Moncrief,90,8.621875,7.061986581632647,0,0
2014,John Brown,91,11.078125,3.6684938140976087,1,0
2014,Dri Archer,97,0.415625,4.36324514030612,0,0
2014,Jalen Saunders,104,0.053125,3.3955787500000003,0,0
2014,Bruce Ellington,106,1.9375,3.901779539399092,0,0
2014,Shaquelle Evans,115,0.0,3.822250525793652,0,0
2014,Martavis Bryant,118,9.384375,3.871090971513605,0,0
2014,Kevin Norwood,123,0.6000000000000001,3.99154021400227,0,0
2014,Ryan Grant,142,2.45,4.548622060657595,0,0
2014,Devin Street,146,0.81875,3.124547937925169,0,0
2014,Jared Abbrederis,176,0.684375,1.312834122023809,0,0
2014,Robert Herron,185,0.5562499999999999,2.4330214675453514,0,0
2014,T.J. Jones,189,1.35,2.204912049319728,0,0
2014,Matt Hazel,190,0.0,1.1001576580215415,0,0
2014,Walt Powell,196,0.8812500000000001,0.9167253684807244,0,0
2014,Quincy Enunwa,209,6.949999999999999,2.620111590136057,0,0
2014,Michael Campanaro,218,1.23125,3.518335461309524,0,0
2014,Jeff Janis,236,1.4374999999999998,2.490280795068025,0,0
2014,James Wright,239,1.253125,1.3223537797619045,0,0
2014,Tevin Reese,240,0.0,1.229592523384354,0,0
2015,Amari Cooper,4,13.90625,12.059846947278908,1,0
2015,Kevin White,7,1.2875,11.62473872448979,0,0
2015,DeVante Parker,14,8.887500000000001,9.874223711734698,0,0
2015,Nelson Agholor,20,8.606250000000001,11.186434119897964,1,0
2015,Breshad Perriman,26,3.7125,9.10170539540816,0,0
2015,Phillip Dorsett,29,4.59375,9.623633265306118,0,0
2015,Devin Smith,37,0.921875,6.912992151360542,0,0
2015,Dorial Green-Beckham,40,6.253124999999999,5.185650973639461,0,0
2015,Tyler Lockett,69,9.115625,8.935483473639449,0,0
2015,Jaelen Strong,70,2.35,8.113812104591839,0,0
2015,Chris Conley,76,4.371875,3.278665573979593,0,0
2015,Sammie Coates,87,2.840625,6.923469985119031,0,0
2015,Ty Montgomery,94,7.253124999999999,5.894325454931976,0,0
2015,Jamison Crowder,105,11.36875,5.100890744047619,0,0
2015,Justin Hardy,107,3.91875,3.827024187925172,0,0
2015,Vince Mayle,123,0.19375,5.264079230442179,0,0
2015,DeAndre Smelter,132,0.103125,4.312304562074825,0,0
2015,Rashad Greene,139,1.703125,2.6154135544217687,0,0
2015,Stefon Diggs,146,12.234375,3.548257376700678,1,0
2015,Tony Lippett,156,0.0,3.542107056405896,0,0
2015,JJ Nelson,159,7.26875,2.4623077239229043,0,0
2015,Kenny Bell,162,0.0,2.8000264902210885,0,0
2015,Keith Mumphery,175,1.36875,1.369255284863945,0,0
2015,Kaelin Clay,184,0.9125,1.3007355725623575,0,0
2015,Geremy Davis,186,0.128125,2.7138960012755096,0,0
2015,Evan Spencer,187,0.0,1.259566862244898,0,0
2015,Darren Waller,204,1.071875,2.1865041113945574,0,0
2015,Neal Sterling,220,1.1625,2.632059202806124,0,0
2015,Andre Debose,221,0.0,1.2676169416099785,0,0
2015,Da'Ron Brown,233,0.0,2.9894938562925173,0,0
2015,Dezmin Lewis,234,0.0,2.2923522066326543,0,0
2015,Mario Alford,238,0.078125,3.053745113378686,0,0
2015,Tre McBride,245,1.0,1.7627000850340138,0,0
2016,Corey Coleman,15,4.9625,12.879383422619052,0,0
2016,Will Fuller,21,7.543750000000001,5.929676027494329,0,0
2016,Josh Doctson,22,7.15625,11.7901031207483,0,0
2016,Laquon Treadwell,23,3.475,11.736085778061218,0,0
2016,Sterling Shepard,40,11.465625,7.668121267006798,0,0
2016,Michael Thomas,47,17.9375,5.550539057539676,1,1
2016,Tyler Boyd,55,10.7875,11.21601822278911,1,0
2016,Braxton Miller,85,2.25625,3.632013231292517,0,0
2016,Leonte Carroo,86,1.021875,7.655033588435369,0,0
2016,Chris Moore,107,3.31875,2.709913516156464,0,0
2016,Malcolm Mitchell,112,3.0031250000000003,2.6540040851757367,0,0
2016,Ricardo Louis,114,3.1625,3.4901668601190483,0,0
2016,Pharoh Cooper,117,1.5187500000000005,4.075995846088434,0,0
2016,Demarcus Robinson,126,3.65625,3.3357629676870766,0,0
2016,Tajae Sharpe,140,5.515625,5.96751670493197,0,0
2016,Jordan Payton,154,0.040625,1.6851788647959187,0,0
2016,Trevor Davis,163,0.7718750000000001,1.4467491652494324,0,0
2016,Tyreek Hill,165,18.1,3.0227326296768697,1,1
2016,Rashard Higgins,172,5.8375,4.739437903911563,0,0
2016,Moritz Boehringer,180,0.0,1.919486604630488,0,0
2016,Jakeem Grant,186,3.7125,1.751558422425789,0,0
2016,Kolby Listenbee,192,0.0,1.2095842524092966,0,0
2016,Cody Core,199,2.3125,1.149415381235828,0,0
2016,Mike Thomas,206,0.65625,3.035821675170068,0,0
2016,Aaron Burbridge,213,0.49375,1.972769149659864,0,0
2016,Devin Lucien,225,0.0,1.2493416907596366,0,0
2016,Demarcus Ayers,229,0.5031249999999999,2.017680578231292,0,0
2016,Daniel Braverman,230,0.0,2.079760286989797,0,0
2016,Devin Fuller,238,0.0,0.7400099319727894,0,0
2016,Charone Peake,241,1.3156250000000005,0.9146151275510208,0,0
2016,Kenny Lawler,243,0.0,1.2727780463435376,0,0
2017,Corey Davis,5,9.334375,10.78439401785715,0,0
2017,Mike Williams,7,10.671875,8.352311130952375,0,0
2017,John Ross,9,5.621874999999999,8.570378584183677,0,0
2017,Zay Jones,37,7.368749999999999,10.073560463435369,0,0
2017,Curtis Samuel,40,9.703125,7.9506930782313,0,0
2017,JuJu Smith-Schuster,62,15.45625,7.993713014455786,1,1
2017,Cooper Kupp,69,13.98125,5.268939770224817,1,1
2017,Taywan Taylor,72,4.28125,6.800360401785712,0,0
2017,ArDarius Stewart,79,0.528125,5.110344229604717,0,0
2017,Carlos Henderson,82,0.0,5.786057884778915,0,0
2017,Chris Godwin,84,14.415625000000002,6.451550984214197,1,1
2017,Kenny Golladay,96,14.221875,9.123411836734704,1,1
2017,Chad Williams,98,1.575,5.370401079748624,0,0
2017,Amara Darboh,106,0.471875,5.903658210613788,0,0
2017,Dede Westbrook,110,10.56875,5.954935493197283,0,0
2017,Josh Reynolds,117,5.059375,4.939213367346938,0,0
2017,Mack Hollins,118,2.096875,2.80144292942177,0,0
2017,Josh Malone,128,0.646875,3.814257961309524,0,0
2017,Ryan Switzer,133,2.6875,3.355733511904761,0,0
2017,Jehu Chesson,139,0.159375,2.373968146258505,0,0
2017,Chad Hansen,141,0.575,3.850149383503399,0,0
2017,Shelton Gibson,166,0.278125,3.8950665362811807,0,0
2017,Rodney Adams,170,0.0,2.4697374312641704,0,0
2017,Isaiah McKenzie,172,3.68125,3.62041778132086,0,0
2017,DeAngelo Yancey,175,0.0,2.4921426424319733,0,0
2017,Trent Taylor,177,4.796875,3.5507038350340108,0,0
2017,Robert Davis,209,0.115625,3.601710973639454,0,0
2017,Stacy Coley,219,0.0,1.053920238095238,0,0
2017,David Moore,226,5.01875,1.3854119033446717,0,0
2017,Isaiah Ford,237,1.5156249999999998,4.169799400510201,0,0
2017,Noah Brown,239,0.553125,1.188756505102041,0,0
2017,Malachi Dupre,247,0.0,1.2345933269557827,0,0
2018,D.J. Moore,24,13.8125,7.86292549107143,1,0
2018,Calvin Ridley,26,15.259375000000002,9.11345960034014,1,1
2018,Courtland Sutton,40,11.21,8.057957878401364,1,0
2018,Dante Pettis,44,4.31375,6.780864436649664,0,0
2018,Christian Kirk,47,9.83125,8.629092198129255,0,0
2018,Anthony Miller,51,7.74125,9.4679062202381,0,0
2018,James Washington,60,7.271875,8.091710029761908,0,0
2018,DJ Chark,61,11.85625,7.321935863095237,1,0
2018,Michael Gallup,81,12.0625,11.296662023809525,1,0
2018,Tre'Quan Smith,91,6.36875,5.818200725494746,0,0
2018,Keke Coutee,103,4.740625,3.651822389455784,0,0
2018,Antonio Callaway,105,4.6625000000000005,3.1926905994897963,0,0
2018,DaeSean Hamilton,113,4.0625,4.721140718537416,0,0
2018,Jaleel Scott,132,0.13125,2.2656327295918377,0,0
2018,J'Mon Moore,133,0.109375,2.8422493218537404,0,0
2018,Justin Watson,144,1.853125,3.249395464852612,0,0
2018,Daurice Fountain,159,0.134375,2.314826145124717,0,0
2018,Jordan Lasley,162,0.0,2.885830654761904,0,0
2018,Marquez Valdes-Scantling,174,7.759374999999999,1.512985703656463,0,0
2018,Damion Ratley,175,2.04375,1.458593492772109,0,0
2018,Deon Cain,185,0.66875,1.3083966092687074,0,0
2018,Ray-Ray McCloud,187,1.35,1.7639784438775503,0,0
2018,Dylan Cantrell,191,0.0,1.4734629974489797,0,0
2018,Russell Gage,194,8.808125,0.9633034034863944,0,0
2018,Tremon Smith,196,0.0,1.288571036899607,0,0
2018,Equanimeous St.Brown,207,2.490625,1.395176273384353,0,0
2018,Cedrick Wilson,208,1.913125,2.1670595025510213,0,0
2018,Braxton Berrios,210,3.5875,1.863485221088436,0,0
2018,Javon Wims,224,1.8625,1.1574850014172342,0,0
2018,Marcell Ateman,228,1.5937500000000002,1.1573196853741488,0,0
2018,Richie James,240,3.2,3.352103839285715,0,0
2018,Auden Tate,253,4.078125,1.2764616156462578,0,0
2018,Austin Proehl,255,0.0,1.212635884353742,0,0
2018,Trey Quinn,256,2.321875,1.6698323426870765,0,0
2019,Marquise Brown,25,12.43345588235294,5.983813645124712,1,0
2019,N'Keal Harry,32,3.5406250000000004,11.17189295493197,0,0
2019,Deebo Samuel,36,15.878786764705882,7.452970582482994,1,1
2019,A.J. Brown,51,14.51875,8.720441220238094,1,1
2019,Mecole Hardman,56,8.209742647058825,5.851763171768705,0,0
2019,JJ Arcega-Whiteside,57,1.4812500000000002,6.992794115646257,0,0
2019,Parris Campbell,59,2.137683823529412,8.169496517857148,0,0
2019,Andy Isabella,62,2.81875,9.668190459183668,0,0
2019,D.K. Metcalf,64,15.66341911764706,6.107598779761904,1,1
2019,Diontae Johnson,66,15.064338235294116,6.682700622874148,1,1
2019,Jalen Hurd,67,0.0,5.466124861111107,0,0
2019,Terry McLaurin,76,13.273161764705884,4.243142202380954,1,0
2019,Miles Boykin,93,3.7624999999999993,3.8354121917517,0,0
2019,Hakeem Butler,103,0.0,2.86175059665533,0,0
2019,Gary Jennings Jr.,120,0.0,3.5681748469387764,0,0
2019,Riley Ridley,126,0.65,2.143891496598639,0,0
2019,Hunter Renfrow,149,11.792463235294116,1.90144175170068,1,1
2019,Darius Slayton,171,9.71875,2.916434387755102,0,0
2019,KeeSean Johnson,174,2.4468749999999995,3.2126418027210875,0,0
2019,Travis Fulgham,184,3.621875,1.3270332589285725,0,0
2019,Juwann Winfree,187,0.3470588235294117,1.1707922682823133,0,0
2019,Marcus Green,203,0.0,1.712846940901361,0,0
2019,Kelvin Harmon,206,2.0918750000000004,2.0381101381802726,0,0
2019,Scott Miller,208,4.471875000000001,2.0397498129251703,0,0
2019,John Ursua,236,0.065625,2.72956230442177,0,0
2019,Terry Godwin,237,0.203125,0.8360163966836743,0,0
2019,Dillon Mitchell,239,0.0,2.045256279761906,0,0
2019,Olabisi Johnson,247,3.559375,1.3339063964904148,0,0
2020,Henry Ruggs III,12,5.113419117647059,9.144405501200488,0,0
2020,Jerry Jeudy,15,10.930882352941175,10.098088753251302,1,0
2020,CeeDee Lamb,17,15.717647058823529,10.947024875075032,1,1
2020,Jalen Reagor,21,5.022058823529411,10.39508092311925,0,0
2020,Justin Jefferson,22,20.56058823529412,13.380072947929168,1,1
2020,Brandon Aiyuk,25,12.465625,8.122553230792326,1,0
2020,Tee Higgins,33,12.941176470588236,8.706981458833535,1,0
2020,Michael Pittman Jr.,34,13.385294117647058,6.963048478391352,1,0
2020,Laviska Shenault Jr.,42,8.644669117647059,8.71268912202381,0,0
2020,KJ Hamler,46,3.574448529411765,8.419684651610645,0,0
2020,Chase Claypool,49,11.615625,6.973817760729291,1,0
2020,Van Jefferson,57,7.267647058823528,6.899807548519409,0,0
2020,Denzel Mims,59,2.7674632352941178,8.02300322128852,0,0
2020,Lynn Bowden Jr.,80,1.674375,7.436707784197012,0,0
2020,Bryan Edwards,81,4.343198529411764,7.165596407563026,0,0
2020,Devin Duvernay,92,5.685294117647058,5.856789740146061,0,0
2020,Gabriel Davis,128,9.32518382352941,1.8823264885954376,0,0
2020,Antonio Gandy-Golden,142,0.109375,4.935753749749905,0,0
2020,Joe Reed,151,0.278125,2.842141640906362,0,0
2020,Tyler Johnson,161,3.3957720588235296,3.2947349974989995,0,0
2020,Collin Johnson,165,2.4823529411764707,2.181644429771908,0,0
2020,Quintez Cephus,166,3.543566176470588,1.8057576250500191,0,0
2020,John Hightower,168,0.9,2.7220482556355874,0,0
2020,Isaiah Coulter,171,0.0,1.3500723189275712,0,0
2020,Darnell Mooney,173,11.214889705882351,2.890564831682674,1,0
2020,K.J. Osborn,176,9.238235294117649,3.469563252050821,0,0
2020,Donovan Peoples-Jones,187,8.141176470588235,1.639657931172469,0,0
2020,Quez Watkins,200,5.897058823529411,2.36197429363412,0,0
2020,James Proche,201,1.423529411764706,2.905350969387756,0,0
2020,Isaiah Hodgins,207,2.947058823529412,2.7487134351240496,0,0
2020,Dezmon Patmon,212,0.4264705882352941,1.5075214794667864,0,0
2020,Freddie Swain,214,3.822242647058823,1.8647533515906367,0,0
2020,Jauan Jennings,217,4.847058823529412,1.6005585585067352,0,0
2020,K.J. Hill,220,0.6233455882352942,0.7926377150860348,0,0
2020,Tyrie Cleveland,252,0.5255514705882354,1.1770890813825523,0,0
2021,Ja'Marr Chase,5,16.685882352941178,11.51404838010204,1,1
2021,Jaylen Waddle,6,14.911764705882351,10.071935559973994,1,1
2021,DeVonta Smith,10,14.241176470588236,9.711026629401765,1,1
2021,Kadarius Toney,20,4.166470588235294,9.325570912364949,0,0
2021,Rashod Bateman,27,5.294117647058823,11.083509661864753,0,0
2021,Elijah Moore,34,7.949999999999999,10.046180120048016,0,0
2021,Rondale Moore,49,6.355882352941176,9.149542019807924,0,0
2021,D'Wayne Eskridge,56,1.238235294117647,5.725844200805327,0,0
2021,Tutu Atwell,57,5.164705882352941,9.0600847127601,0,0
2021,Terrace Marshall Jr.,59,3.4088235294117646,8.005276582132845,0,0
2021,Josh Palmer,77,8.117647058823529,5.535915859260366,0,0
2021,Dyami Brown,82,1.9929411764705884,6.283305467603711,0,0
2021,Amari Rodgers,85,1.5500000000000005,3.455834669617845,0,0
2021,Nico Collins,89,10.51470588235294,3.5235561876417245,1,1
2021,Anthony Schwartz,91,1.5352941176470587,4.082436908263308,0,0
2021,Dez Fitzpatrick,109,0.4676470588235294,3.375460169567824,0,0
2021,Amon-Ra St. Brown,112,17.602941176470587,5.352563763755506,1,1
2021,Jaelon Darden,129,0.4764705882352942,5.345719302721091,0,0
2021,Tylan Wallace,131,0.4529411764705882,5.510229963485394,0,0
2021,Jacob Harris,141,0.0470588235294117,3.1551270388155257,0,0
2021,Ihmir Smith-Marsette,157,1.7970588235294118,4.136828027460985,0,0
2021,Simi Fehoko,179,0.3911764705882353,2.260144208808524,0,0
2021,Cornell Powell,181,0.0,2.8430583683473416,0,0
2021,Frank Darby,187,0.1441176470588235,1.7228482445895024,0,0
2021,Marquez Stevenson,203,0.0,1.867222709708884,0,0
2021,Shi Smith,204,2.285294117647059,1.6138943008453377,0,0
2021,Racey McMath,205,0.2117647058823529,1.2383855782312925,0,0
2021,Jalen Camp,209,0.0499999999999999,1.831780695278111,0,0
2021,Seth Williams,219,0.1294117647058823,2.8989205249599843,0,0
2021,Dazz Newsome,221,0.1264705882352941,1.8180239587084832,0,0
2021,Mike Strachan,229,0.4235294117647058,2.068887956800145,0,0
2021,Tre Nixon,242,0.0,1.2230172208883556,0,0
2021,Ben Skowronek,249,3.194117647058824,0.7495814713802191,0,0
2021,Kawaan Baker,255,0.0,1.3945118978841535,0,0
2021,Dax Milne,258,0.9147058823529411,2.252829161539614,0,0
2022,Drake London,8,13.511764705882356,10.359437708833536,1,1
2022,Garrett Wilson,10,13.75294117647059,11.118766133453386,1,1
2022,Chris Olave,11,12.632352941176473,10.694960824829929,1,0
2022,Jameson Williams,12,8.602941176470589,10.934230732793106,1,0
2022,Jahan Dotson,16,7.511764705882353,9.802243619447786,0,0
2022,Treylon Burks,18,3.764705882352941,12.371295022634047,0,0
2022,Christian Watson,34,7.923529411764706,4.355079638480386,0,0
2022,Wan'Dale Robinson,43,9.291176470588235,8.731584620098038,0,0
2022,John Metchie,44,2.5764705882352943,8.834536714685875,0,0
2022,Tyquan Thornton,50,2.75,8.11834575767807,0,0
2022,George Pickens,52,11.038235294117648,6.290461941276506,0,0
2022,Alec Pierce,53,8.05,6.238455403411365,0,0
2022,Skyy Moore,54,3.0323529411764705,9.261234021358536,0,0
2022,Velus Jones,71,1.4441176470588235,4.383117211759707,0,0
2022,Jalen Tolbert,88,6.258823529411766,8.850298998057552,0,0
2022,David Bell,99,2.7676470588235293,8.856432478741493,0,0
2022,Danny Gray,105,0.0852941176470588,3.577904368747498,0,0
2022,Erik Ezukanma,125,0.1029411764705882,2.6120497556522606,0,0
2022,Romeo Doubs,132,9.01470588235294,3.5227662605042047,0,0
2022,Calvin Austin,138,5.102941176470588,2.080173148759505,0,0
2022,Khalil Shakir,148,8.694117647058823,3.469119815801321,0,0
2022,Montrell Washington,162,0.0,0.9545384376667332,0,0
2022,Kyle Philips,163,1.4382352941176473,2.216588221163465,0,0
2022,Jalen Nailor,191,4.055882352941176,1.468425029011606,0,0
2022,Michael Woods,202,0.6617647058823529,1.3678042123099243,0,0
2022,Bo Melton,229,2.011764705882353,1.364000400035014,0,0
2022,Dareke Young,233,0.0,1.638257570262952,0,0
2022,Samori Toure,258,0.0,1.5398499803671464,0,0
2023,Jaxon Smith-Njigba,20,18.02647058823529,9.058353419617845,1,1
2023,Quentin Johnston,21,10.173529411764708,8.896019459783911,0,0
2023,Zay Flowers,22,13.31764705882353,9.839565963635454,1,1
2023,Jordan Addison,23,12.758823529411766,12.117726965286108,1,0
2023,Jonathan Mingo,39,3.441176470588236,7.827985053271312,0,0
2023,Jayden Reed,50,12.182352941176472,6.877318463135248,0,0
2023,Rashee Rice,55,10.66470588235294,7.913562529511806,0,0
2023,Marvin Mims Jr.,63,6.602941176470589,7.792127237269915,0,0
2023,Nathaniel Dell,69,8.970588235294116,7.391597511129447,0,0
2023,Jalin Hyatt,73,2.191176470588235,4.0752542624549815,0,0
2023,Cedric Tillman,74,4.129411764705882,5.309841765664598,0,0
2023,Josh Downs,79,10.01764705882353,9.000027548019204,0,0
2023,Michael Wilson,94,10.15,3.2334131855242094,1,1
2023,Tre Tucker,100,8.558823529411764,2.013212523259304,0,0
