season,pfr_name,draft_pick,primary_ppg,position,prospect_model_score,hit3,star3,best_rank3,target_valid
2014,Blake Bortles,3,18.350625,QB,12.868072597597552,1,1,4.0,1
2014,Johnny Manziel,22,3.340625,QB,10.177201293951155,0,0,33.0,1
2014,Teddy Bridgewater,32,11.878125,QB,10.019151896761969,0,0,22.0,1
2014,Derek Carr,36,16.8675,QB,8.920533224410294,1,0,11.0,1
2014,Jimmy Garoppolo,62,1.505,QB,4.2172590396971525,0,0,40.0,1
2014,Logan Thomas,120,0.22625,QB,0.9292672378354516,0,0,,1
2014,Tom Savage,135,0.56625,QB,0.3425022379660242,0,0,46.0,1
2014,Aaron Murray,163,0.0,QB,0.8207020153693183,0,0,,1
2014,A.J. McCarron,164,1.7268750000000002,QB,0.7670699042334886,0,0,39.0,1
2014,Zach Mettenberger,178,3.5337500000000004,QB,1.4085510819766145,0,0,38.0,1
2014,David Fales,183,0.0275,QB,1.0103190404327131,0,0,63.0,1
2014,Keith Wenning,194,0.0,QB,0.4104283838945529,0,0,,1
2014,Garrett Gilbert,214,0.0,QB,0.5978025697464607,0,0,,1
2015,Jameis Winston,1,16.59625,QB,10.66995288944599,0,0,13.0,1
2015,Marcus Mariota,2,14.7175,QB,13.746031261045,0,0,13.0,1
2015,Garrett Grayson,75,0.0,QB,5.385957922471202,0,0,,1
2015,Sean Mannion,89,0.20125,QB,4.535826020945793,0,0,57.0,1
2015,Bryce Petty,103,1.7975,QB,1.887741374379841,0,0,42.0,1
2015,Brett Hundley,147,3.88875,QB,1.375493874168083,0,0,31.0,1
2015,Trevor Siemian,250,9.9325,QB,0.9524493306852,0,0,26.0,1
2016,Jared Goff,1,17.674375,QB,13.557322396220403,1,0,7.0,1
2016,Carson Wentz,2,15.49125,QB,14.596803097150165,1,1,5.0,1
2016,Paxton Lynch,26,1.3493750000000002,QB,9.615693525833873,0,0,43.0,1
2016,Christian Hackenberg,51,0.0,QB,2.595504333931214,0,0,,1
2016,Jacoby Brissett,91,7.319375000000001,QB,3.9931115931849415,0,0,20.0,1
2016,Cody Kessler,93,3.614375,QB,3.5716958960561334,0,0,32.0,1
2016,Connor Cook,100,0.1875,QB,2.379237338669965,0,0,58.0,1
2016,Dak Prescott,135,17.899375,QB,2.259478481295824,1,1,6.0,1
2016,Cardale Jones,139,0.054375,QB,1.6682043799885495,0,0,60.0,1
2016,Kevin Hogan,162,1.57625,QB,2.0213319781600703,0,0,43.0,1
2016,Nate Sudfeld,187,0.3824999999999999,QB,0.7836198605775646,0,0,56.0,1
2016,Jake Rudock,191,0.0,QB,1.151782299494187,0,0,70.0,1
2016,Brandon Allen,201,0.0,QB,0.8324634126099156,0,0,,1
2016,Jeff Driskel,207,2.66,QB,1.04036248220947,0,0,35.0,1
2016,Brandon Doughty,223,0.0,QB,2.1116528171737228,0,0,,1
2017,Mitch Trubisky,2,14.5575,QB,15.626610593823422,0,0,15.0,1
2017,Patrick Mahomes,10,22.003750000000004,QB,11.955229972888546,1,1,1.0,1
2017,Deshaun Watson,12,20.39625,QB,10.80961347507986,1,1,4.0,1
2017,DeShone Kizer,52,5.6575,QB,2.7862870645173845,0,0,25.0,1
2017,Davis Webb,87,0.0,QB,3.820314493466032,0,0,,1
2017,C.J. Beathard,104,5.118125,QB,3.215885075927968,0,0,33.0,1
2017,Joshua Dobbs,135,0.025625,QB,2.087169617325266,0,0,63.0,1
2017,Nathan Peterman,171,0.6993750000000001,QB,0.7303254119236765,0,0,50.0,1
2017,Brad Kaaya,215,0.0,QB,1.1757481509173808,0,0,,1
2017,Chad Kelly,253,0.0,QB,1.880337532543651,0,0,67.0,1
2018,Baker Mayfield,1,15.2725,QB,12.75726015734295,0,0,16.0,1
2018,Sam Darnold,3,11.164375,QB,11.576546846100449,0,0,27.0,1
2018,Josh Allen,7,21.394375000000004,QB,15.071535985368811,1,1,1.0,1
2018,Josh Rosen,10,4.090624999999999,QB,14.221865678057496,0,0,34.0,1
2018,Lamar Jackson,32,23.389375,QB,9.910239779390412,1,1,1.0,1
2018,Mason Rudolph,76,3.97375,QB,2.1338808116533654,0,0,30.0,1
2018,Kyle Lauletta,108,0.0,QB,1.8855640121292776,0,0,72.0,1
2018,Mike White,171,0.0,QB,0.5766479421174061,0,0,,1
2018,Luke Falk,199,0.27,QB,1.3271216224454203,0,0,53.0,1
2018,Tanner Lee,203,0.0,QB,0.7760292467281474,0,0,,1
2018,Danny Etling,219,0.0,QB,0.8793980884513477,0,0,,1
2018,Alex McGough,220,0.0,QB,0.8279884774452287,0,0,,1
2018,Logan Woodside,249,0.04,QB,1.1624416956332333,0,0,74.0,1
2019,Kyler Murray,1,20.750625,QB,17.345372583380062,1,1,3.0,1
2019,Daniel Jones,6,12.343749999999998,QB,13.54849356069914,0,0,24.0,1
2019,Dwayne Haskins,15,4.526875,QB,9.839226741108918,0,0,35.0,1
2019,Drew Lock,42,7.79125,QB,3.042679075947283,0,0,23.0,1
2019,Will Grier,100,0.04125,QB,1.890333265481974,0,0,59.0,1
2019,Ryan Finley,104,1.369375,QB,1.0387921991714566,0,0,46.0,1
2019,Jarrett Stidham,133,0.404375,QB,3.85166359302172,0,0,54.0,1
2019,Easton Stick,166,0.0,QB,1.447113587964734,0,0,79.0,1
2019,Clayton Thorson,167,0.0,QB,0.6745192727243025,0,0,,1
2019,Gardner Minshew,178,12.184375000000005,QB,0.7287017071780739,0,0,19.0,1
2019,Trace McSorley,197,0.2937499999999999,QB,1.0104992723630546,0,0,59.0,1
2020,Joe Burrow,1,19.55705882352941,QB,15.893569007682084,1,1,4.0,1
2020,Tua Tagovailoa,5,12.112941176470589,QB,16.02324038314265,0,0,15.0,1
2020,Justin Herbert,6,21.60007352941177,QB,15.453865813222848,1,1,2.0,1
2020,Jordan Love,26,0.9658823529411764,QB,9.396919365647731,0,0,51.0,1
2020,Jalen Hurts,53,20.3,QB,6.2029971974949625,1,1,3.0,1
2020,Jacob Eason,122,0.0105882352941176,QB,0.8511888013529232,0,0,78.0,1
2020,James Morgan,125,0.0,QB,0.5684180606740734,0,0,,1
2020,Jake Fromm,167,0.3205882352941177,QB,1.2391188649240643,0,0,59.0,1
2020,Jake Luton,189,0.8831249999999999,QB,0.5301240279480094,0,0,45.0,1
2020,Ben DiNucci,231,0.2175,QB,0.5706075587137323,0,0,64.0,1
2020,Tommy Stevens,240,0.075,QB,2.917169536684836,0,0,67.0,1
2020,Nate Stanley,244,0.0,QB,0.6247711932944874,0,0,,1
2021,Trevor Lawrence,1,16.416470588235295,QB,18.09059644082,1,0,7.0,1
2021,Zach Wilson,2,7.994117647058823,QB,15.089573318515932,0,0,29.0,1
2021,Trey Lance,3,2.2758823529411765,QB,15.884434907495958,0,0,39.0,1
2021,Justin Fields,11,15.475294117647058,QB,17.82503974269056,1,1,6.0,1
2021,Mac Jones,15,11.618235294117648,QB,13.10390327758246,0,0,18.0,1
2021,Kyle Trask,64,0.0270588235294117,QB,4.478410646513077,0,0,75.0,1
2021,Kellen Mond,66,0.0058823529411764,QB,3.645331458839825,0,0,72.0,1
2021,Davis Mills,67,9.95529411764706,QB,2.943938165003739,0,0,21.0,1
2021,Ian Book,133,0.0588235294117647,QB,0.8135793785712848,0,0,66.0,1
2021,Sam Ehlinger,218,1.0741176470588234,QB,0.8535529790363143,0,0,49.0,1
2022,Kenny Pickett,20,7.648823529411764,QB,10.5969981645527,0,0,28.0,1
2022,Desmond Ridder,74,6.3488235294117645,QB,4.469538658346083,0,0,22.0,1
2022,Malik Willis,86,2.0923529411764705,QB,5.109003667928539,0,0,44.0,1
2022,Matt Corral,94,0.0,QB,4.414914455253246,0,0,,1
2022,Bailey Zappe,137,3.2005882352941177,QB,0.899077447369099,0,0,39.0,1
2022,Sam Howell,144,8.111764705882354,QB,2.1011797147809426,0,0,13.0,1
2022,Chris Oladokun,241,0.0,QB,4.432262742847757,0,0,,1
2022,Skylar Thompson,247,0.7452941176470588,QB,1.1037732025598106,0,0,57.0,1
2022,Brock Purdy,262,16.542941176470592,QB,2.359973056372316,1,1,6.0,1
2023,Bryce Young,1,12.148823529411766,QB,15.887818340371188,0,0,19.0,1
2023,C.J. Stroud,2,14.599999999999998,QB,15.948952835543665,1,0,9.0,1
2023,Anthony Richardson,4,6.94235294117647,QB,16.565322806629435,0,0,25.0,1
2023,Will Levis,33,6.528235294117646,QB,11.430089599371223,0,0,30.0,1
2023,Hendon Hooker,68,0.0788235294117647,QB,5.465732215754702,0,0,67.0,1
2014,Bishop Sankey,54,4.85625,RB,7.235467068802311,0,0,46.0,1
2014,Jeremy Hill,55,12.099999999999998,RB,6.968361991807653,1,0,11.0,1
2014,Carlos Hyde,57,8.54375,RB,6.613087285234911,0,0,18.0,1
2014,Charles Sims,69,7.746874999999999,RB,6.379061868193723,0,0,17.0,1
2014,Tre Mason,75,5.8375,RB,6.175353954719154,0,0,30.0,1
2014,Terrance West,94,8.865625,RB,6.638917443306077,0,0,23.0,1
2014,Jerick McKinnon,96,7.584375,RB,6.273646415379746,0,0,27.0,1
2014,Devonta Freeman,103,18.765625,RB,4.752581177832767,1,1,1.0,1
2014,Andre Williams,113,5.640625,RB,4.2650576692475415,0,0,27.0,1
2014,Ka'Deem Carey,117,1.978125,RB,4.452941241950205,0,0,85.0,1
2014,De'Anthony Thomas,124,3.3843750000000004,RB,4.8843384046583465,0,0,,1
2014,James White,130,8.884375,RB,3.382273159972484,0,0,26.0,1
2014,Lorenzo Taliaferro,138,2.7875,RB,3.805196218122692,0,0,67.0,1
2014,Alfred Blue,181,6.7125,RB,2.200779064773923,0,0,43.0,1
2014,Lache Seastrunk,186,0.0,RB,2.6677176563419924,0,0,,1
2014,Marion Grice,201,0.625,RB,2.943168843350729,0,0,109.0,1
2014,Tyler Gaffney,204,0.0,RB,2.219948390280866,0,0,,1
2014,Jay Prosch,211,0.2093749999999999,RB,1.1094782632154745,0,0,145.0,1
2014,Storm Johnson,222,0.6625,RB,1.330579848922712,0,0,104.0,1
2014,Kiero Small,227,0.0,RB,1.5535708128962948,0,0,158.0,1
2014,Trey Millard,245,0.0,RB,1.5524856519849843,0,0,,1
2015,Todd Gurley,10,18.490625,RB,10.80573281870046,1,1,1.0,1
2015,Melvin Gordon,15,16.834375,RB,9.818533607931585,1,1,5.0,1
2015,T.J. Yeldon,36,9.175,RB,7.082214491657174,0,0,28.0,1
2015,Ameer Abdullah,54,7.543749999999999,RB,5.612734705979642,0,0,40.0,1
2015,Tevin Coleman,73,11.2125,RB,6.945401438623891,0,0,19.0,1
2015,Duke Johnson,77,11.8875,RB,8.095136256015907,1,0,11.0,1
2015,David Johnson,86,19.55,RB,5.698153286196471,1,1,1.0,1
2015,Matt Jones,95,5.928125,RB,5.237359004534962,0,0,44.0,1
2015,Jeremy Langford,106,6.9,RB,5.032688638478872,0,0,29.0,1
2015,Jalston Fowler,108,0.909375,RB,2.041932958369018,0,0,107.0,1
2015,Javorius Allen,125,9.74375,RB,4.418106729435228,0,0,23.0,1
2015,Mike Davis,126,2.146875,RB,2.779032020341132,0,0,77.0,1
2015,David Cobb,138,0.66875,RB,3.3431784380716163,0,0,111.0,1
2015,Jay Ajayi,149,10.95,RB,2.543760622953318,1,0,11.0,1
2015,Karlos Williams,155,3.884375,RB,3.779711697536084,0,0,38.0,1
2015,Michael Burton,168,0.61875,RB,1.8640302547799263,0,0,119.0,1
2015,Cameron Artis-Payne,174,1.9875,RB,2.4453377883680467,0,0,91.0,1
2015,Josh Robinson,205,0.35,RB,1.9383500168027976,0,0,129.0,1
2015,Aaron Ripkowski,206,1.8375,RB,1.7866221038562702,0,0,75.0,1
2015,Marcus Murphy,230,0.4,RB,1.515066733052559,0,0,136.0,1
2015,Joey Iosefa,231,0.159375,RB,-0.1368102778456548,0,0,142.0,1
2015,Kenny Hilliard,235,0.0,RB,0.8971578893656709,0,0,,1
2016,Ezekiel Elliott,4,20.453125,RB,13.96053542795124,1,1,2.0,1
2016,Derrick Henry,45,10.51125,RB,9.01865621329307,0,0,16.0,1
2016,Kenyan Drake,73,10.890625,RB,8.291310438464144,0,0,14.0,1
2016,C.J. Prosise,90,2.4375000000000004,RB,7.503813366405114,0,0,67.0,1
2016,Tyler Ervin,119,0.609375,RB,4.758664207039603,0,0,114.0,1
2016,Kenneth Dixon,134,4.9,RB,4.1630660846225975,0,0,47.0,1
2016,Devontae Booker,136,7.315625,RB,4.285318451181567,0,0,32.0,1
2016,DeAndre Washington,143,5.31875,RB,3.556612976464443,0,0,56.0,1
2016,Paul Perkins,149,3.075,RB,4.755244280336553,0,0,57.0,1
2016,Jordan Howard,150,13.431250000000002,RB,4.604979650390341,1,0,10.0,1
2016,Wendell Smallwood,153,5.378125,RB,4.087770754546858,0,0,42.0,1
2016,Jonathan Williams,156,0.4218749999999999,RB,3.183305228926776,0,0,117.0,1
2016,Alex Collins,171,8.737499999999999,RB,3.1362454362054986,0,0,21.0,1
2016,Andy Janovich,176,1.3875,RB,1.0553010382522414,0,0,91.0,1
2016,Keenan Reynolds,182,0.0,RB,1.2491060827802207,0,0,,1
2016,Dan Vitale,197,0.3625,RB,1.1840514103377584,0,0,132.0,1
2016,Derek Watt,198,0.6437499999999999,RB,0.1671087681924778,0,0,116.0,1
2016,Kelvin Taylor,211,0.0,RB,1.8611390684747249,0,0,,1
2016,Darius Jackson,216,0.05,RB,1.989827299383925,0,0,143.0,1
2016,Dwayne Washington,236,2.0031250000000003,RB,0.9215312794440624,0,0,74.0,1
2016,Daniel Lasco,237,0.196875,RB,0.5770942301385333,0,0,134.0,1
2016,Keith Marshall,242,0.0,RB,1.1619242680082638,0,0,,1
2016,Zac Brooks,247,0.0,RB,1.0053492113441471,0,0,,1
2017,Leonard Fournette,4,15.3,RB,14.266220636692289,1,0,7.0,1
2017,Christian McCaffrey,8,26.771875,RB,13.14378403196567,1,1,1.0,1
2017,Dalvin Cook,41,13.887500000000005,RB,9.760927876365871,1,1,6.0,1
2017,Joe Mixon,48,14.65,RB,9.238830165492208,1,0,10.0,1
2017,Alvin Kamara,67,21.08125,RB,7.709199774041477,1,1,3.0,1
2017,Kareem Hunt,86,16.41875,RB,7.24440634416539,1,1,4.0,1
2017,D'Onta Foreman,89,2.115625,RB,6.354158681754511,0,0,75.0,1
2017,James Conner,105,13.296875,RB,7.11878490278328,1,1,6.0,1
2017,Samaje Perine,114,3.6,RB,4.808552488004628,0,0,43.0,1
2017,Tarik Cohen,119,12.4325,RB,5.39517631578819,1,0,11.0,1
2017,Joe Williams,121,0.0,RB,4.539142201363833,0,0,,1
2017,Donnel Pumphrey,132,0.0,RB,4.066852099644034,0,0,,1
2017,Jamaal Williams,134,9.034375,RB,4.504910214864543,0,0,32.0,1
2017,Wayne Gallman,140,4.784375000000001,RB,4.182403502108411,0,0,46.0,1
2017,Marlon Mack,143,11.23125,RB,4.774104532965915,0,0,21.0,1
2017,Brian Hill,156,2.5874999999999995,RB,4.06981299598515,0,0,64.0,1
2017,Jeremy McNichols,162,0.0125,RB,5.203316461015882,0,0,152.0,1
2017,T.J. Logan,179,0.475,RB,3.790256881263104,0,0,112.0,1
2017,Aaron Jones,182,15.193749999999998,RB,3.721577592516112,1,1,2.0,1
2017,Elijah McGuire,188,5.128125000000001,RB,2.3345760922641667,0,0,60.0,1
2017,Alex Armah,192,0.7718749999999999,RB,2.888722421958607,0,0,104.0,1
2017,De'Angelo Henderson,203,0.403125,RB,2.573012668865798,0,0,117.0,1
2017,Sam Rogers,206,0.0,RB,1.1566084051461196,0,0,,1
2017,Brandon Wilson,207,0.1875,RB,0.6919685674989262,0,0,,1
2017,Devante Mays,238,0.034375,RB,-0.0782701011810915,0,0,152.0,1
2017,Marquez Williams,240,0.0,RB,0.5993012977212298,0,0,157.0,1
2017,Khalfani Muhammad,241,0.0,RB,1.659806380717345,0,0,,1
2017,Elijah Hood,242,0.0,RB,1.3975338390573837,0,0,,1
2017,Chris Carson,249,13.562499999999998,RB,1.8800014706980552,1,0,12.0,1
2017,Matthew Dayes,252,0.25625,RB,2.2716170269211,0,0,131.0,1
2018,Saquon Barkley,2,19.684375,RB,14.63031656827745,1,1,1.0,1
2018,Rashaad Penny,27,4.553125,RB,12.37880419319302,0,0,58.0,1
2018,Sony Michel,31,9.115625,RB,8.851863775956964,0,0,31.0,1
2018,Nick Chubb,35,14.465625,RB,8.487616475537678,1,0,8.0,1
2018,Ronald Jones II,38,11.01875,RB,8.631700154056729,0,0,20.0,1
2018,Kerryon Johnson,43,7.0125,RB,8.338544829821059,0,0,34.0,1
2018,Derrius Guice,59,1.7937500000000002,RB,9.283894250655564,0,0,69.0,1
2018,Royce Freeman,71,7.609374999999999,RB,8.221470567215592,0,0,36.0,1
2018,Nyheim Hines,104,11.065625,RB,4.5002072210567805,0,0,15.0,1
2018,Mark Walton,112,1.7031250000000002,RB,5.191880170281099,0,0,80.0,1
2018,Ito Smith,126,4.843750000000001,RB,4.866302810287665,0,0,51.0,1
2018,Kalen Ballage,131,4.553125,RB,4.581213460243274,0,0,52.0,1
2018,Chase Edmonds,134,7.8375,RB,4.797050958634525,0,0,25.0,1
2018,Jordan Wilkins,169,3.79375,RB,1.98079365395938,0,0,70.0,1
2018,John Kelly,176,0.40625,RB,2.700587253269493,0,0,109.0,1
2018,Boston Scott,201,6.078125,RB,1.743779570403032,0,0,49.0,1
2018,Trenton Cannon,204,1.76875,RB,2.511168986852743,0,0,80.0,1
2018,Bo Scarbrough,236,1.446875,RB,2.829935587557939,0,0,79.0,1
2018,Nick Bawden,237,0.178125,RB,-0.3213259246178959,0,0,126.0,1
2018,Justin Jackson,251,3.95,RB,1.5490981890867912,0,0,69.0,1
2019,Josh Jacobs,24,13.875183823529415,RB,10.710507668064864,1,0,8.0,1
2019,Miles Sanders,53,12.159375,RB,8.519976309786552,0,0,15.0,1
2019,Darrell Henderson,70,8.877757352941178,RB,9.266629006343363,0,0,27.0,1
2019,David Montgomery,73,14.010294117647057,RB,8.072012111965794,1,1,4.0,1
2019,Devin Singletary,74,10.439522058823531,RB,7.258778765425686,0,0,18.0,1
2019,Damien Harris,87,9.032536764705885,RB,7.080898654982089,0,0,14.0,1
2019,Alexander Mattison,102,6.418566176470589,RB,6.8759236512390505,0,0,39.0,1
2019,Bryce Love,112,0.0,RB,3.837375541607217,0,0,,1
2019,Justice Hill,113,1.953125,RB,5.4944077544001,0,0,76.0,1
2019,Benny Snell Jr.,122,4.15,RB,5.736236362140995,0,0,62.0,1
2019,Tony Pollard,128,8.55735294117647,RB,5.754544624563679,0,0,28.0,1
2019,Ryquell Armstead,140,1.9705882352941173,RB,3.740047942579305,0,0,72.0,1
2019,Qadree Ollison,152,1.5387867647058824,RB,2.5664031762396604,0,0,91.0,1
2019,Jordan Scarlett,154,0.028125,RB,3.456508669853216,0,0,145.0,1
2019,Trayveon Williams,182,0.8693014705882354,RB,3.1066510423918645,0,0,103.0,1
2019,Ty Johnson,186,3.3957720588235296,RB,2.663078275499878,0,0,,1
2019,Dexter Williams,194,0.059375,RB,2.521867993982126,0,0,143.0,1
2019,Travis Homer,204,2.842647058823529,RB,3.5886266558420443,0,0,69.0,1
2019,Rodney Anderson,211,0.0,RB,1.4943766641610758,0,0,,1
2019,Darwin Thompson,214,2.0406250000000004,RB,2.208260314562623,0,0,88.0,1
2019,Mike Weber,218,0.0,RB,2.792214905935625,0,0,,1
2019,Cullen Gillaspia,220,0.05,RB,2.0919668320564777,0,0,153.0,1
2019,Kerrith Whyte Jr.,222,0.440625,RB,1.7233821956594473,0,0,108.0,1
2019,Chandler Cox,233,0.090625,RB,1.0737436331372856,0,0,146.0,1
2019,Myles Gaskin,234,10.237132352941176,RB,1.8370421390446343,0,0,25.0,1
2020,Clyde Edwards-Helaire,32,8.958823529411765,RB,9.864596250472566,0,0,22.0,1
2020,D'Andre Swift,35,12.075367647058822,RB,10.294380130144738,0,0,15.0,1
2020,Jonathan Taylor,41,18.873529411764707,RB,10.697720897976431,1,1,1.0,1
2020,Cam Akers,52,7.337132352941177,RB,9.335432989713858,0,0,35.0,1
2020,J.K. Dobbins,55,7.653860294117647,RB,8.620097082036878,0,0,24.0,1
2020,AJ Dillon,62,10.388235294117647,RB,8.777264275309498,0,0,23.0,1
2020,Antonio Gibson,66,13.056985294117649,RB,8.008758346177409,1,0,10.0,1
2020,Ke'Shawn Vaughn,76,1.8045955882352944,RB,8.22565422118079,0,0,90.0,1
2020,Zack Moss,86,6.269117647058824,RB,7.531484120494651,0,0,46.0,1
2020,Darrynton Evans,93,0.8178308823529412,RB,7.342868413822418,0,0,119.0,1
2020,Joshua Kelley,112,4.443382352941176,RB,5.827570087818824,0,0,60.0,1
2020,La'Mical Perine,120,1.731801470588235,RB,4.330719305052361,0,0,78.0,1
2020,Anthony McFarland Jr.,124,0.8887867647058824,RB,5.528960950838416,0,0,101.0,1
2020,DeeJay Dallas,144,3.545772058823529,RB,3.7535784319774153,0,0,71.0,1
2020,Jason Huntley,172,0.240625,RB,3.890098355193084,0,0,139.0,1
2020,Eno Benjamin,222,3.458823529411765,RB,1.6247953503391843,0,0,50.0,1
2020,Raymond Calais,245,0.0,RB,1.4868982623746607,0,0,164.0,1
2020,Malcolm Perry,246,0.771875,RB,3.5661716527372653,0,0,99.0,1
2021,Najee Harris,24,15.47529411764706,RB,10.653913096701489,1,1,3.0,1
2021,Travis Etienne,25,14.338235294117649,RB,12.52784589687358,1,1,3.0,1
2021,Javonte Williams,35,11.297058823529412,RB,10.045983908463723,0,0,17.0,1
2021,Trey Sermon,88,1.4294117647058824,RB,8.116502099831914,0,0,92.0,1
2021,Michael Carter,107,8.247058823529413,RB,5.10990419901808,0,0,29.0,1
2021,Kene Nwangwu,119,1.0147058823529411,RB,3.856517156672224,0,0,105.0,1
2021,Rhamondre Stevenson,120,11.611764705882354,RB,4.233139583147931,1,0,7.0,1
2021,Chuba Hubbard,126,9.41470588235294,RB,3.978423066027719,0,0,27.0,1
2021,Kenneth Gainwell,150,6.4935294117647056,RB,4.089099592426392,0,0,41.0,1
2021,Ben Mason,184,0.0,RB,-1.4120536001981376,0,0,,1
2021,Elijah Mitchell,194,6.25,RB,2.889281425043116,0,0,26.0,1
2021,Gary Brightwell,196,1.1941176470588233,RB,1.21924527468586,0,0,93.0,1
2021,Larry Rountree III,198,0.6147058823529412,RB,2.815986851142422,0,0,116.0,1
2021,Chris Evans,202,1.8411764705882352,RB,2.544132889891503,0,0,82.0,1
2021,Demetric Felton,211,1.5558823529411767,RB,1.5778617277425628,0,0,79.0,1
2021,Khalil Herbert,217,6.773529411764706,RB,2.827274816153821,0,0,41.0,1
2021,Jake Funk,233,0.1088235294117647,RB,1.929609394057049,0,0,130.0,1
2021,Gerrid Doaks,244,0.0,RB,1.4673811917996096,0,0,,1
2021,Kylin Hill,256,0.1352941176470588,RB,0.5986233304660655,0,0,146.0,1
2021,Jermar Jefferson,257,0.7558823529411764,RB,1.587578295356558,0,0,102.0,1
2022,Breece Hall,36,15.629411764705884,RB,10.712754150607427,1,1,2.0,1
2022,Kenneth Walker,41,11.820588235294116,RB,9.892203522568158,0,0,18.0,1
2022,James Cook,63,14.688235294117648,RB,8.587204809061195,1,0,8.0,1
2022,Rachaad White,91,13.75,RB,9.106175631241918,1,1,4.0,1
2022,Tyrion Davis-Price,93,0.3529411764705882,RB,7.373763613638733,0,0,124.0,1
2022,Brian Robinson,98,10.526470588235291,RB,7.149526323989057,0,0,21.0,1
2022,Dameon Pierce,107,7.326470588235294,RB,4.826683793326708,0,0,27.0,1
2022,Zamir White,122,3.035294117647059,RB,5.413131550186368,0,0,56.0,1
2022,Isaiah Spiller,123,0.8058823529411765,RB,4.9632962214518095,0,0,95.0,1
2022,Pierre Strong,127,2.294117647058824,RB,5.204718190296043,0,0,72.0,1
2022,Hassan Haskins,131,1.7294117647058824,RB,3.619352149154369,0,0,81.0,1
2022,Tyler Allgeier,151,8.73529411764706,RB,4.598804539583558,0,0,29.0,1
2022,Snoop Conner,154,0.3,RB,3.969707850481349,0,0,121.0,1
2022,Jerome Ford,156,10.152941176470588,RB,3.943013980383895,0,0,16.0,1
2022,Kyren Williams,164,15.50294117647059,RB,4.061998693443465,1,0,7.0,1
2022,Ty Chandler,169,3.805882352941176,RB,3.755254961792928,0,0,48.0,1
2022,Kevin Harris,183,0.9558823529411764,RB,2.4459365764038745,0,0,91.0,1
2022,Tyler Badie,196,0.5529411764705883,RB,3.1799887177322,0,0,112.0,1
2022,Keaontay Ingram,201,0.9441176470588232,RB,2.8237102903660367,0,0,105.0,1
2022,Trestan Ebner,203,0.1823529411764705,RB,2.100191017404313,0,0,135.0,1
2022,Brittain Brown,250,0.0,RB,-0.8848348975545766,0,0,,1
2022,Isaih Pacheco,251,10.261764705882351,RB,2.232427721250592,0,0,15.0,1
2022,Zander Horvath,260,0.0,RB,-1.4765322484899377,0,0,,1
2023,Bijan Robinson,8,20.95588235294117,RB,14.165526669413053,1,1,2.0,1
2023,Jahmyr Gibbs,12,21.46470588235294,RB,12.7112865553686,1,1,1.0,1
2023,Zach Charbonnet,52,10.83235294117647,RB,8.886170077439033,0,0,24.0,1
2023,Kendre Miller,71,2.252941176470588,RB,6.782207011235595,0,0,70.0,1
2023,Tyjae Spears,81,7.86470588235294,RB,7.448076824459596,0,0,34.0,1
2023,Devon Achane,84,18.314705882352943,RB,8.201516274430496,1,1,5.0,1
2023,Tank Bigsby,88,5.376470588235294,RB,7.659102548314932,0,0,36.0,1
2014,Sammy Watkins,4,13.025,WR,12.57098082057823,1,0,19.0,1
2014,Mike Evans,7,17.1625,WR,14.988583711734687,1,1,3.0,1
2014,Odell Beckham,12,19.259375,WR,8.730909761904758,1,1,4.0,1
2014,Brandin Cooks,20,15.621875,WR,10.670735085034012,1,1,10.0,1
2014,Kelvin Benjamin,28,13.215625,WR,9.935840046768725,1,0,17.0,1
2014,Marqise Lee,39,8.328125,WR,10.120866530612243,0,0,39.0,1
2014,Jordan Matthews,42,13.528125,WR,9.156508120748306,0,0,,1
2014,Paul Richardson,45,3.7,WR,8.184971318027213,0,0,98.0,1
2014,Davante Adams,53,11.03125,WR,7.76875332482993,1,1,9.0,1
2014,Cody Latimer,56,1.05,WR,6.194565034013606,0,0,155.0,1
2014,Allen Robinson,61,15.728125,WR,8.346469931972786,1,1,6.0,1
2014,Jarvis Landry,63,15.895625,WR,7.754113612528343,1,1,8.0,1
2014,Josh Huff,86,3.65625,WR,4.691286812641722,0,0,89.0,1
2014,Donte Moncrief,90,8.621875,WR,7.061986581632647,0,0,35.0,1
2014,John Brown,91,11.078125,WR,3.6684938140976087,1,0,24.0,1
2014,Dri Archer,97,0.415625,WR,4.36324514030612,0,0,,1
2014,Jalen Saunders,104,0.053125,WR,3.3955787500000003,0,0,185.0,1
2014,Bruce Ellington,106,1.9375,WR,3.901779539399092,0,0,120.0,1
2014,Shaquelle Evans,115,0.0,WR,3.822250525793652,0,0,,1
2014,Martavis Bryant,118,9.384375,WR,3.871090971513605,0,0,38.0,1
2014,Kevin Norwood,123,0.6000000000000001,WR,3.99154021400227,0,0,141.0,1
2014,Ryan Grant,142,2.45,WR,4.548622060657595,0,0,98.0,1
2014,Devin Street,146,0.81875,WR,3.124547937925169,0,0,147.0,1
2014,Jared Abbrederis,176,0.684375,WR,1.312834122023809,0,0,153.0,1
2014,Robert Herron,185,0.5562499999999999,WR,2.4330214675453514,0,0,144.0,1
2014,T.J. Jones,189,1.35,WR,2.204912049319728,0,0,138.0,1
2014,Matt Hazel,190,0.0,WR,1.1001576580215415,0,0,199.0,1
2014,Walt Powell,196,0.8812500000000001,WR,0.9167253684807244,0,0,135.0,1
2014,Quincy Enunwa,209,6.949999999999999,WR,2.620111590136057,0,0,44.0,1
2014,Michael Campanaro,218,1.23125,WR,3.518335461309524,0,0,133.0,1
2014,Jeff Janis,236,1.4374999999999998,WR,2.490280795068025,0,0,127.0,1
2014,James Wright,239,1.253125,WR,1.3223537797619045,0,0,142.0,1
2014,Tevin Reese,240,0.0,WR,1.229592523384354,0,0,,1
2015,Amari Cooper,4,13.90625,WR,12.059846947278908,1,0,15.0,1
2015,Kevin White,7,1.2875,WR,11.62473872448979,0,0,121.0,1
2015,DeVante Parker,14,8.887500000000001,WR,9.874223711734698,0,0,49.0,1
2015,Nelson Agholor,20,8.606250000000001,WR,11.186434119897964,1,0,23.0,1
2015,Breshad Perriman,26,3.7125,WR,9.10170539540816,0,0,76.0,1
2015,Phillip Dorsett,29,4.59375,WR,9.623633265306118,0,0,78.0,1
2015,Devin Smith,37,0.921875,WR,6.912992151360542,0,0,142.0,1
2015,Dorial Green-Beckham,40,6.253124999999999,WR,5.185650973639461,0,0,58.0,1
2015,Tyler Lockett,69,9.115625,WR,8.935483473639449,0,0,40.0,1
2015,Jaelen Strong,70,2.35,WR,8.113812104591839,0,0,111.0,1
2015,Chris Conley,76,4.371875,WR,3.278665573979593,0,0,80.0,1
2015,Sammie Coates,87,2.840625,WR,6.923469985119031,0,0,92.0,1
2015,Ty Montgomery,94,7.253124999999999,WR,5.894325454931976,0,0,55.0,1
2015,Jamison Crowder,105,11.36875,WR,5.100890744047619,0,0,26.0,1
2015,Justin Hardy,107,3.91875,WR,3.827024187925172,0,0,97.0,1
2015,Vince Mayle,123,0.19375,WR,5.264079230442179,0,0,,1
2015,DeAndre Smelter,132,0.103125,WR,4.312304562074825,0,0,184.0,1
2015,Rashad Greene,139,1.703125,WR,2.6154135544217687,0,0,113.0,1
2015,Stefon Diggs,146,12.234375,WR,3.548257376700678,1,0,19.0,1
2015,Tony Lippett,156,0.0,WR,3.542107056405896,0,0,,1
2015,JJ Nelson,159,7.26875,WR,2.4623077239229043,0,0,57.0,1
2015,Kenny Bell,162,0.0,WR,2.8000264902210885,0,0,,1
2015,Keith Mumphery,175,1.36875,WR,1.369255284863945,0,0,141.0,1
2015,Kaelin Clay,184,0.9125,WR,1.3007355725623575,0,0,135.0,1
2015,Geremy Davis,186,0.128125,WR,2.7138960012755096,0,0,183.0,1
2015,Evan Spencer,187,0.0,WR,1.259566862244898,0,0,199.0,1
2015,Darren Waller,204,1.071875,WR,2.1865041113945574,0,0,,1
2015,Neal Sterling,220,1.1625,WR,2.632059202806124,0,0,,1
2015,Andre Debose,221,0.0,WR,1.2676169416099785,0,0,,1
2015,Da'Ron Brown,233,0.0,WR,2.9894938562925173,0,0,,1
2015,Dezmin Lewis,234,0.0,WR,2.2923522066326543,0,0,198.0,1
2015,Mario Alford,238,0.078125,WR,3.053745113378686,0,0,188.0,1
2015,Tre McBride,245,1.0,WR,1.7627000850340138,0,0,136.0,1
2016,Corey Coleman,15,4.9625,WR,12.879383422619052,0,0,82.0,1
2016,Will Fuller,21,7.543750000000001,WR,5.929676027494329,0,0,61.0,1
2016,Josh Doctson,22,7.15625,WR,11.7901031207483,0,0,57.0,1
2016,Laquon Treadwell,23,3.475,WR,11.736085778061218,0,0,94.0,1
2016,Sterling Shepard,40,11.465625,WR,7.668121267006798,0,0,30.0,1
2016,Michael Thomas,47,17.9375,WR,5.550539057539676,1,1,6.0,1
2016,Tyler Boyd,55,10.7875,WR,11.21601822278911,1,0,17.0,1
2016,Braxton Miller,85,2.25625,WR,3.632013231292517,0,0,118.0,1
2016,Leonte Carroo,86,1.021875,WR,7.655033588435369,0,0,157.0,1
2016,Chris Moore,107,3.31875,WR,2.709913516156464,0,0,98.0,1
2016,Malcolm Mitchell,112,3.0031250000000003,WR,2.6540040851757367,0,0,81.0,1
2016,Ricardo Louis,114,3.1625,WR,3.4901668601190483,0,0,94.0,1
2016,Pharoh Cooper,117,1.5187500000000005,WR,4.075995846088434,0,0,134.0,1
2016,Demarcus Robinson,126,3.65625,WR,3.3357629676870766,0,0,90.0,1
2016,Tajae Sharpe,140,5.515625,WR,5.96751670493197,0,0,72.0,1
2016,Jordan Payton,154,0.040625,WR,1.6851788647959187,0,0,196.0,1
2016,Trevor Davis,163,0.7718750000000001,WR,1.4467491652494324,0,0,161.0,1
2016,Tyreek Hill,165,18.1,WR,3.0227326296768697,1,1,1.0,1
2016,Rashard Higgins,172,5.8375,WR,4.739437903911563,0,0,61.0,1
2016,Moritz Boehringer,180,0.0,WR,1.919486604630488,0,0,,1
2016,Jakeem Grant,186,3.7125,WR,1.751558422425789,0,0,93.0,1
2016,Kolby Listenbee,192,0.0,WR,1.2095842524092966,0,0,,1
2016,Cody Core,199,2.3125,WR,1.149415381235828,0,0,125.0,1
2016,Mike Thomas,206,0.65625,WR,3.035821675170068,0,0,155.0,1
2016,Aaron Burbridge,213,0.49375,WR,1.972769149659864,0,0,153.0,1
2016,Devin Lucien,225,0.0,WR,1.2493416907596366,0,0,,1
2016,Demarcus Ayers,229,0.5031249999999999,WR,2.017680578231292,0,0,152.0,1
2016,Daniel Braverman,230,0.0,WR,2.079760286989797,0,0,198.0,1
2016,Devin Fuller,238,0.0,WR,0.7400099319727894,0,0,,1
2016,Charone Peake,241,1.3156250000000005,WR,0.9146151275510208,0,0,123.0,1
2016,Kenny Lawler,243,0.0,WR,1.2727780463435376,0,0,,1
2017,Corey Davis,5,9.334375,WR,10.78439401785715,0,0,28.0,1
2017,Mike Williams,7,10.671875,WR,8.352311130952375,0,0,33.0,1
2017,John Ross,9,5.621874999999999,WR,8.570378584183677,0,0,75.0,1
2017,Zay Jones,37,7.368749999999999,WR,10.073560463435369,0,0,35.0,1
2017,Curtis Samuel,40,9.703125,WR,7.9506930782313,0,0,36.0,1
2017,JuJu Smith-Schuster,62,15.45625,WR,7.993713014455786,1,1,8.0,1
2017,Cooper Kupp,69,13.98125,WR,5.268939770224817,1,1,4.0,1
2017,Taywan Taylor,72,4.28125,WR,6.800360401785712,0,0,81.0,1
2017,ArDarius Stewart,79,0.528125,WR,5.110344229604717,0,0,147.0,1
2017,Carlos Henderson,82,0.0,WR,5.786057884778915,0,0,,1
2017,Chris Godwin,84,14.415625000000002,WR,6.451550984214197,1,1,2.0,1
2017,Kenny Golladay,96,14.221875,WR,9.123411836734704,1,1,9.0,1
2017,Chad Williams,98,1.575,WR,5.370401079748624,0,0,126.0,1
2017,Amara Darboh,106,0.471875,WR,5.903658210613788,0,0,153.0,1
2017,Dede Westbrook,110,10.56875,WR,5.954935493197283,0,0,32.0,1
2017,Josh Reynolds,117,5.059375,WR,4.939213367346938,0,0,74.0,1
2017,Mack Hollins,118,2.096875,WR,2.80144292942177,0,0,114.0,1
2017,Josh Malone,128,0.646875,WR,3.814257961309524,0,0,140.0,1
2017,Ryan Switzer,133,2.6875,WR,3.355733511904761,0,0,97.0,1
2017,Jehu Chesson,139,0.159375,WR,2.373968146258505,0,0,182.0,1
2017,Chad Hansen,141,0.575,WR,3.850149383503399,0,0,141.0,1
2017,Shelton Gibson,166,0.278125,WR,3.8950665362811807,0,0,179.0,1
2017,Rodney Adams,170,0.0,WR,2.4697374312641704,0,0,,1
2017,Isaiah McKenzie,172,3.68125,WR,3.62041778132086,0,0,96.0,1
2017,DeAngelo Yancey,175,0.0,WR,2.4921426424319733,0,0,,1
2017,Trent Taylor,177,4.796875,WR,3.5507038350340108,0,0,68.0,1
2017,Robert Davis,209,0.115625,WR,3.601710973639454,0,0,199.0,1
2017,Stacy Coley,219,0.0,WR,1.053920238095238,0,0,200.0,1
2017,David Moore,226,5.01875,WR,1.3854119033446717,0,0,72.0,1
2017,Isaiah Ford,237,1.5156249999999998,WR,4.169799400510201,0,0,110.0,1
2017,Noah Brown,239,0.553125,WR,1.188756505102041,0,0,168.0,1
2017,Malachi Dupre,247,0.0,WR,1.2345933269557827,0,0,,1
2018,D.J. Moore,24,13.8125,WR,7.86292549107143,1,0,16.0,1
2018,Calvin Ridley,26,15.259375000000002,WR,9.11345960034014,1,1,5.0,1
2018,Courtland Sutton,40,11.21,WR,8.057957878401364,1,0,19.0,1
2018,Dante Pettis,44,4.31375,WR,6.780864436649664,0,0,71.0,1
2018,Christian Kirk,47,9.83125,WR,8.629092198129255,0,0,38.0,1
2018,Anthony Miller,51,7.74125,WR,9.4679062202381,0,0,56.0,1
2018,James Washington,60,7.271875,WR,8.091710029761908,0,0,54.0,1
2018,DJ Chark,61,11.85625,WR,7.321935863095237,1,0,17.0,1
2018,Michael Gallup,81,12.0625,WR,11.296662023809525,1,0,24.0,1
2018,Tre'Quan Smith,91,6.36875,WR,5.818200725494746,0,0,72.0,1
2018,Keke Coutee,103,4.740625,WR,3.651822389455784,0,0,87.0,1
2018,Antonio Callaway,105,4.6625000000000005,WR,3.1926905994897963,0,0,56.0,1
2018,DaeSean Hamilton,113,4.0625,WR,4.721140718537416,0,0,95.0,1
2018,Jaleel Scott,132,0.13125,WR,2.2656327295918377,0,0,204.0,1
2018,J'Mon Moore,133,0.109375,WR,2.8422493218537404,0,0,188.0,1
2018,Justin Watson,144,1.853125,WR,3.249395464852612,0,0,118.0,1
2018,Daurice Fountain,159,0.134375,WR,2.314826145124717,0,0,196.0,1
2018,Jordan Lasley,162,0.0,WR,2.885830654761904,0,0,,1
2018,Marquez Valdes-Scantling,174,7.759374999999999,WR,1.512985703656463,0,0,55.0,1
2018,Damion Ratley,175,2.04375,WR,1.458593492772109,0,0,126.0,1
2018,Deon Cain,185,0.66875,WR,1.3083966092687074,0,0,144.0,1
2018,Ray-Ray McCloud,187,1.35,WR,1.7639784438775503,0,0,134.0,1
2018,Dylan Cantrell,191,0.0,WR,1.4734629974489797,0,0,,1
2018,Russell Gage,194,8.808125,WR,0.9633034034863944,0,0,37.0,1
2018,Tremon Smith,196,0.0,WR,1.288571036899607,0,0,,1
2018,Equanimeous St.Brown,207,2.490625,WR,1.395176273384353,0,0,114.0,1
2018,Cedrick Wilson,208,1.913125,WR,2.1670595025510213,0,0,117.0,1
2018,Braxton Berrios,210,3.5875,WR,1.863485221088436,0,0,81.0,1
2018,Javon Wims,224,1.8625,WR,1.1574850014172342,0,0,119.0,1
2018,Marcell Ateman,228,1.5937500000000002,WR,1.1573196853741488,0,0,135.0,1
2018,Richie James,240,3.2,WR,3.352103839285715,0,0,100.0,1
2018,Auden Tate,253,4.078125,WR,1.2764616156462578,0,0,68.0,1
2018,Austin Proehl,255,0.0,WR,1.212635884353742,0,0,,1
2018,Trey Quinn,256,2.321875,WR,1.6698323426870765,0,0,106.0,1
2019,Marquise Brown,25,12.43345588235294,WR,5.983813645124712,1,0,21.0,1
2019,N'Keal Harry,32,3.5406250000000004,WR,11.17189295493197,0,0,,1
2019,Deebo Samuel,36,15.878786764705882,WR,7.452970582482994,1,1,3.0,1
2019,A.J. Brown,51,14.51875,WR,8.720441220238094,1,1,12.0,1
2019,Mecole Hardman,56,8.209742647058825,WR,5.851763171768705,0,0,48.0,1
2019,JJ Arcega-Whiteside,57,1.4812500000000002,WR,6.992794115646257,0,0,134.0,1
2019,Parris Campbell,59,2.137683823529412,WR,8.169496517857148,0,0,124.0,1
2019,Andy Isabella,62,2.81875,WR,9.668190459183668,0,0,112.0,1
2019,D.K. Metcalf,64,15.66341911764706,WR,6.107598779761904,1,1,7.0,1
2019,Diontae Johnson,66,15.064338235294116,WR,6.682700622874148,1,1,8.0,1
2019,Jalen Hurd,67,0.0,WR,5.466124861111107,0,0,,1
2019,Terry McLaurin,76,13.273161764705884,WR,4.243142202380954,1,0,20.0,1
2019,Miles Boykin,93,3.7624999999999993,WR,3.8354121917517,0,0,99.0,1
2019,Hakeem Butler,103,0.0,WR,2.86175059665533,0,0,215.0,1
2019,Gary Jennings Jr.,120,0.0,WR,3.5681748469387764,0,0,,1
2019,Riley Ridley,126,0.65,WR,2.143891496598639,0,0,159.0,1
2019,Hunter Renfrow,149,11.792463235294116,WR,1.90144175170068,1,1,10.0,1
2019,Darius Slayton,171,9.71875,WR,2.916434387755102,0,0,37.0,1
2019,KeeSean Johnson,174,2.4468749999999995,WR,3.2126418027210875,0,0,116.0,1
2019,Travis Fulgham,184,3.621875,WR,1.3270332589285725,0,0,66.0,1
2019,Juwann Winfree,187,0.3470588235294117,WR,1.1707922682823133,0,0,173.0,1
2019,Marcus Green,203,0.0,WR,1.712846940901361,0,0,,1
2019,Kelvin Harmon,206,2.0918750000000004,WR,2.0381101381802726,0,0,92.0,1
2019,Scott Miller,208,4.471875000000001,WR,2.0397498129251703,0,0,73.0,1
2019,John Ursua,236,0.065625,WR,2.72956230442177,0,0,207.0,1
2019,Terry Godwin,237,0.203125,WR,0.8360163966836743,0,0,193.0,1
2019,Dillon Mitchell,239,0.0,WR,2.045256279761906,0,0,,1
2019,Olabisi Johnson,247,3.559375,WR,1.3339063964904148,0,0,86.0,1
2020,Henry Ruggs III,12,5.113419117647059,WR,9.144405501200488,0,0,86.0,1
2020,Jerry Jeudy,15,10.930882352941175,WR,10.098088753251302,1,0,22.0,1
2020,CeeDee Lamb,17,15.717647058823529,WR,10.947024875075032,1,1,5.0,1
2020,Jalen Reagor,21,5.022058823529411,WR,10.39508092311925,0,0,90.0,1
2020,Justin Jefferson,22,20.56058823529412,WR,13.380072947929168,1,1,1.0,1
2020,Brandon Aiyuk,25,12.465625,WR,8.122553230792326,1,0,15.0,1
2020,Tee Higgins,33,12.941176470588236,WR,8.706981458833535,1,0,19.0,1
2020,Michael Pittman Jr.,34,13.385294117647058,WR,6.963048478391352,1,0,17.0,1
2020,Laviska Shenault Jr.,42,8.644669117647059,WR,8.71268912202381,0,0,46.0,1
2020,KJ Hamler,46,3.574448529411765,WR,8.419684651610645,0,0,86.0,1
2020,Chase Claypool,49,11.615625,WR,6.973817760729291,1,0,23.0,1
2020,Van Jefferson,57,7.267647058823528,WR,6.899807548519409,0,0,36.0,1
2020,Denzel Mims,59,2.7674632352941178,WR,8.02300322128852,0,0,105.0,1
2020,Lynn Bowden Jr.,80,1.674375,WR,7.436707784197012,0,0,113.0,1
2020,Bryan Edwards,81,4.343198529411764,WR,7.165596407563026,0,0,66.0,1
2020,Devin Duvernay,92,5.685294117647058,WR,5.856789740146061,0,0,59.0,1
2020,Gabriel Davis,128,9.32518382352941,WR,1.8823264885954376,0,0,35.0,1
2020,Antonio Gandy-Golden,142,0.109375,WR,4.935753749749905,0,0,199.0,1
2020,Joe Reed,151,0.278125,WR,2.842141640906362,0,0,183.0,1
2020,Tyler Johnson,161,3.3957720588235296,WR,3.2947349974989995,0,0,101.0,1
2020,Collin Johnson,165,2.4823529411764707,WR,2.181644429771908,0,0,107.0,1
2020,Quintez Cephus,166,3.543566176470588,WR,1.8057576250500191,0,0,101.0,1
2020,John Hightower,168,0.9,WR,2.7220482556355874,0,0,145.0,1
2020,Isaiah Coulter,171,0.0,WR,1.3500723189275712,0,0,226.0,1
2020,Darnell Mooney,173,11.214889705882351,WR,2.890564831682674,1,0,23.0,1
2020,K.J. Osborn,176,9.238235294117649,WR,3.469563252050821,0,0,40.0,1
2020,Donovan Peoples-Jones,187,8.141176470588235,WR,1.639657931172469,0,0,39.0,1
2020,Quez Watkins,200,5.897058823529411,WR,2.36197429363412,0,0,61.0,1
2020,James Proche,201,1.423529411764706,WR,2.905350969387756,0,0,132.0,1
2020,Isaiah Hodgins,207,2.947058823529412,WR,2.7487134351240496,0,0,74.0,1
2020,Dezmon Patmon,212,0.4264705882352941,WR,1.5075214794667864,0,0,178.0,1
2020,Freddie Swain,214,3.822242647058823,WR,1.8647533515906367,0,0,83.0,1
2020,Jauan Jennings,217,4.847058823529412,WR,1.6005585585067352,0,0,90.0,1
2020,K.J. Hill,220,0.6233455882352942,WR,0.7926377150860348,0,0,167.0,1
2020,Tyrie Cleveland,252,0.5255514705882354,WR,1.1770890813825523,0,0,171.0,1
2021,Ja'Marr Chase,5,16.685882352941178,WR,11.51404838010204,1,1,5.0,1
2021,Jaylen Waddle,6,14.911764705882351,WR,10.071935559973994,1,1,8.0,1
2021,DeVonta Smith,10,14.241176470588236,WR,9.711026629401765,1,1,9.0,1
2021,Kadarius Toney,20,4.166470588235294,WR,9.325570912364949,0,0,89.0,1
2021,Rashod Bateman,27,5.294117647058823,WR,11.083509661864753,0,0,70.0,1
2021,Elijah Moore,34,7.949999999999999,WR,10.046180120048016,0,0,50.0,1
2021,Rondale Moore,49,6.355882352941176,WR,9.149542019807924,0,0,63.0,1
2021,D'Wayne Eskridge,56,1.238235294117647,WR,5.725844200805327,0,0,145.0,1
2021,Tutu Atwell,57,5.164705882352941,WR,9.0600847127601,0,0,62.0,1
2021,Terrace Marshall Jr.,59,3.4088235294117646,WR,8.005276582132845,0,0,88.0,1
2021,Josh Palmer,77,8.117647058823529,WR,5.535915859260366,0,0,36.0,1
2021,Dyami Brown,82,1.9929411764705884,WR,6.283305467603711,0,0,133.0,1
2021,Amari Rodgers,85,1.5500000000000005,WR,3.455834669617845,0,0,122.0,1
2021,Nico Collins,89,10.51470588235294,WR,3.5235561876417245,1,1,12.0,1
2021,Anthony Schwartz,91,1.5352941176470587,WR,4.082436908263308,0,0,137.0,1
2021,Dez Fitzpatrick,109,0.4676470588235294,WR,3.375460169567824,0,0,163.0,1
2021,Amon-Ra St. Brown,112,17.602941176470587,WR,5.352563763755506,1,1,3.0,1
2021,Jaelon Darden,129,0.4764705882352942,WR,5.345719302721091,0,0,174.0,1
2021,Tylan Wallace,131,0.4529411764705882,WR,5.510229963485394,0,0,178.0,1
2021,Jacob Harris,141,0.0470588235294117,WR,3.1551270388155257,0,0,211.0,1
2021,Ihmir Smith-Marsette,157,1.7970588235294118,WR,4.136828027460985,0,0,138.0,1
2021,Simi Fehoko,179,0.3911764705882353,WR,2.260144208808524,0,0,181.0,1
2021,Cornell Powell,181,0.0,WR,2.8430583683473416,0,0,,1
2021,Frank Darby,187,0.1441176470588235,WR,1.7228482445895024,0,0,206.0,1
2021,Marquez Stevenson,203,0.0,WR,1.867222709708884,0,0,226.0,1
2021,Shi Smith,204,2.285294117647059,WR,1.6138943008453377,0,0,103.0,1
2021,Racey McMath,205,0.2117647058823529,WR,1.2383855782312925,0,0,180.0,1
2021,Jalen Camp,209,0.0499999999999999,WR,1.831780695278111,0,0,208.0,1
2021,Seth Williams,219,0.1294117647058823,WR,2.8989205249599843,0,0,202.0,1
2021,Dazz Newsome,221,0.1264705882352941,WR,1.8180239587084832,0,0,204.0,1
2021,Mike Strachan,229,0.4235294117647058,WR,2.068887956800145,0,0,173.0,1
2021,Tre Nixon,242,0.0,WR,1.2230172208883556,0,0,,1
2021,Ben Skowronek,249,3.194117647058824,WR,0.7495814713802191,0,0,86.0,1
2021,Kawaan Baker,255,0.0,WR,1.3945118978841535,0,0,226.0,1
2021,Dax Milne,258,0.9147058823529411,WR,2.252829161539614,0,0,155.0,1
2022,Drake London,8,13.511764705882356,WR,10.359437708833536,1,1,5.0,1
2022,Garrett Wilson,10,13.75294117647059,WR,11.118766133453386,1,1,10.0,1
2022,Chris Olave,11,12.632352941176473,WR,10.694960824829929,1,0,16.0,1
2022,Jameson Williams,12,8.602941176470589,WR,10.934230732793106,1,0,22.0,1
2022,Jahan Dotson,16,7.511764705882353,WR,9.802243619447786,0,0,51.0,1
2022,Treylon Burks,18,3.764705882352941,WR,12.371295022634047,0,0,81.0,1
2022,Christian Watson,34,7.923529411764706,WR,4.355079638480386,0,0,41.0,1
2022,Wan'Dale Robinson,43,9.291176470588235,WR,8.731584620098038,0,0,36.0,1
2022,John Metchie,44,2.5764705882352943,WR,8.834536714685875,0,0,110.0,1
2022,Tyquan Thornton,50,2.75,WR,8.11834575767807,0,0,98.0,1
2022,George Pickens,52,11.038235294117648,WR,6.290461941276506,0,0,29.0,1
2022,Alec Pierce,53,8.05,WR,6.238455403411365,0,0,43.0,1
2022,Skyy Moore,54,3.0323529411764705,WR,9.261234021358536,0,0,107.0,1
2022,Velus Jones,71,1.4441176470588235,WR,4.383117211759707,0,0,126.0,1
2022,Jalen Tolbert,88,6.258823529411766,WR,8.850298998057552,0,0,45.0,1
2022,David Bell,99,2.7676470588235293,WR,8.856432478741493,0,0,113.0,1
2022,Danny Gray,105,0.0852941176470588,WR,3.577904368747498,0,0,203.0,1
2022,Erik Ezukanma,125,0.1029411764705882,WR,2.6120497556522606,0,0,197.0,1
2022,Romeo Doubs,132,9.01470588235294,WR,3.5227662605042047,0,0,36.0,1
2022,Calvin Austin,138,5.102941176470588,WR,2.080173148759505,0,0,68.0,1
2022,Khalil Shakir,148,8.694117647058823,WR,3.469119815801321,0,0,37.0,1
2022,Montrell Washington,162,0.0,WR,0.9545384376667332,0,0,,1
2022,Kyle Philips,163,1.4382352941176473,WR,2.216588221163465,0,0,136.0,1
2022,Jalen Nailor,191,4.055882352941176,WR,1.468425029011606,0,0,77.0,1
2022,Michael Woods,202,0.6617647058823529,WR,1.3678042123099243,0,0,164.0,1
2022,Bo Melton,229,2.011764705882353,WR,1.364000400035014,0,0,116.0,1
2022,Dareke Young,233,0.0,WR,1.638257570262952,0,0,,1
2022,Samori Toure,258,0.0,WR,1.5398499803671464,0,0,,1
2023,Jaxon Smith-Njigba,20,18.02647058823529,WR,9.058353419617845,1,1,2.0,1
2023,Quentin Johnston,21,10.173529411764708,WR,8.896019459783911,0,0,35.0,1
2023,Zay Flowers,22,13.31764705882353,WR,9.839565963635454,1,1,7.0,1
2023,Jordan Addison,23,12.758823529411766,WR,12.117726965286108,1,0,21.0,1
2023,Jonathan Mingo,39,3.441176470588236,WR,7.827985053271312,0,0,81.0,1
2023,Jayden Reed,50,12.182352941176472,WR,6.877318463135248,0,0,25.0,1
2023,Rashee Rice,55,10.66470588235294,WR,7.913562529511806,0,0,27.0,1
2023,Marvin Mims Jr.,63,6.602941176470589,WR,7.792127237269915,0,0,57.0,1
2023,Nathaniel Dell,69,8.970588235294116,WR,7.391597511129447,0,0,39.0,1
2023,Jalin Hyatt,73,2.191176470588235,WR,4.0752542624549815,0,0,100.0,1
2023,Cedric Tillman,74,4.129411764705882,WR,5.309841765664598,0,0,91.0,1
2023,Josh Downs,79,10.01764705882353,WR,9.000027548019204,0,0,35.0,1
2023,Michael Wilson,94,10.15,WR,3.2334131855242094,1,1,10.0,1
2023,Tre Tucker,100,8.558823529411764,WR,2.013212523259304,0,0,38.0,1
2014,Eric Ebron,10,8.590625,TE,9.032372939396913,0,0,14.0,1
2014,Austin Seferian-Jenkins,38,4.121875,TE,8.131098168607188,0,0,33.0,1
2014,Jace Amaro,49,2.91875,TE,7.788800100772243,0,0,25.0,1
2014,Troy Niklas,52,0.815625,TE,6.674216152379371,0,0,76.0,1
2014,C.J. Fiedorowicz,65,5.362500000000001,TE,5.434924430291932,0,0,18.0,1
2014,Richard Rodgers,98,7.1625,TE,4.273617252757161,1,0,12.0,1
2014,Crockett Gillmore,99,3.946875,TE,3.714689831646529,0,0,27.0,1
2014,Arthur Lynch,155,0.0,TE,1.7345594829178754,0,0,,1
2014,Ted Bolser,217,0.0,TE,0.709806247710623,0,0,,1
2014,Rob Blanchflower,230,0.0,TE,0.8157844102375803,0,0,,1
2015,Devin Funchess,41,9.415625,TE,7.27303796849976,0,0,,1
2015,Maxx Williams,55,2.90625,TE,5.900412267355662,0,0,40.0,1
2015,Clive Walford,68,5.18125,TE,5.874160475942709,0,0,32.0,1
2015,Tyler Kroft,85,4.821875,TE,4.228468405879834,0,0,15.0,1
2015,Jeff Heuerman,92,1.821875,TE,3.704489091444272,0,0,56.0,1
2015,Blake Bell,117,1.440625,TE,3.732348319220462,0,0,58.0,1
2015,MyCole Pruitt,143,0.69375,TE,2.9526217361953533,0,0,77.0,1
2015,C.J. Uzomah,157,2.4875,TE,1.245787641683714,0,0,41.0,1
2015,Jesse James,160,5.90625,TE,2.0077962395937408,0,0,22.0,1
2015,Nick Boyle,171,2.675,TE,2.7144987234095272,0,0,45.0,1
2015,James O'Shaughnessy,173,1.5500000000000005,TE,2.535566250976207,0,0,57.0,1
2015,Nick O'Leary,194,2.70625,TE,1.812784045032347,0,0,33.0,1
2015,Malcolm Johnson,195,0.409375,TE,1.557633295429769,0,0,,1
2015,Randall Telfer,198,0.28125,TE,1.213277472636491,0,0,97.0,1
2015,A.J. Derby,202,2.66875,TE,0.9619044990029813,0,0,41.0,1
2015,Kennard Backman,213,0.0,TE,1.0571002106573988,0,0,,1
2015,Ben Koyack,229,1.6218749999999995,TE,0.4158744901427941,0,0,48.0,1
2015,Geoff Swaim,246,0.54375,TE,0.3627536762988991,0,0,82.0,1
2015,Rory 'Busta' Anderson,254,0.0,TE,0.5286712431616003,0,0,,1
2015,Gerald Christian,256,0.075,TE,0.7449373904716315,0,0,107.0,1
2016,Hunter Henry,35,8.021875,TE,7.458536571850772,0,0,14.0,1
2016,Austin Hooper,81,8.83125,TE,4.664165789775698,1,1,6.0,1
2016,Nick Vannett,94,3.2593750000000004,TE,3.486611400603365,0,0,30.0,1
2016,Tyler Higbee,110,3.928125,TE,3.159218358684968,0,0,32.0,1
2016,Seth Devalve,138,3.475,TE,1.9947252216186588,0,0,31.0,1
2016,Temarrick Hemingway,177,0.0,TE,3.4460966506509365,0,0,115.0,1
2016,Jerell Adams,184,1.6062499999999995,TE,2.1421327568760606,0,0,57.0,1
2016,David Morgan,188,1.065625,TE,1.8489116667360403,0,0,69.0,1
2016,Rico Gathers,217,0.234375,TE,0.7075864068074786,0,0,102.0,1
2016,Thomas Duarte,231,0.0,TE,0.8032912887212003,0,0,,1
2016,Beau Sandland,252,0.0,TE,0.5660128961316464,0,0,,1
2017,O.J. Howard,19,6.9281250000000005,TE,8.622158019440882,0,0,14.0,1
2017,Evan Engram,23,9.371875,TE,8.57978870396469,1,1,5.0,1
2017,David Njoku,29,7.456249999999999,TE,8.461724969326308,1,0,9.0,1
2017,Gerald Everett,44,5.512499999999999,TE,6.298385386706551,0,0,22.0,1
2017,Adam Shaheen,45,1.909375,TE,6.36029602198397,0,0,50.0,1
2017,Jonnu Smith,100,5.265625,TE,4.688558303189866,0,0,20.0,1
2017,Michael Roberts,127,1.425,TE,2.705890626402367,0,0,57.0,1
2017,Jake Butt,145,0.515625,TE,2.610009559007462,0,0,80.0,1
2017,George Kittle,146,15.0375,TE,2.366691184995562,1,1,2.0,1
2017,Jordan Leggett,150,0.98125,TE,2.459168525343705,0,0,65.0,1
2017,Jeremy Sprinkle,154,2.225,TE,1.856537592793528,0,0,43.0,1
2017,Eric Saubert,174,0.434375,TE,2.190754136924001,0,0,96.0,1
2017,Bucky Hodges,201,0.0,TE,2.5348185929943083,0,0,,1
2017,Mason Schreck,251,0.0,TE,0.4225314453205525,0,0,121.0,1
2018,Hayden Hurst,25,7.0625,TE,8.086908241946551,1,0,11.0,1
2018,Mike Gesicki,42,9.228125,TE,7.3354143608078415,1,0,7.0,1
2018,Dallas Goedert,49,8.159375,TE,4.525547012095047,1,0,10.0,1
2018,Mark Andrews,86,11.790625,TE,5.206727578592045,1,1,5.0,1
2018,Jordan Akins,98,5.421875,TE,4.510663912228647,0,0,26.0,1
2018,Ian Thomas,101,3.80625,TE,4.962926502039627,0,0,24.0,1
2018,Christopher Herndon IV,107,5.840624999999999,TE,3.115001134901805,0,0,16.0,1
2018,Will Dissly,120,4.21875,TE,2.585517093268835,0,0,38.0,1
2018,Durham Smythe,123,2.2593750000000004,TE,2.3711177531991825,0,0,46.0,1
2018,Dalton Schultz,137,5.315625,TE,2.378281503595612,1,0,12.0,1
2018,Troy Fumagalli,156,1.18125,TE,2.065225624276517,0,0,75.0,1
2018,Tyler Conklin,157,1.81875,TE,3.551001972060678,0,0,52.0,1
2018,Jaylen Samuels,165,6.059375000000001,TE,3.55141380093121,0,0,,1
2018,Jordan Thomas,211,2.275,TE,0.9984264257270504,0,0,,1
2018,Ryan Izzo,250,1.696875,TE,0.442206721562168,0,0,64.0,1
2019,T.J. Hockenson,8,9.751654411764706,TE,7.733094506743255,1,1,5.0,1
2019,Noah Fant,20,9.342095588235296,TE,7.806176510374543,1,0,9.0,1
2019,Irv Smith Jr.,50,5.55,TE,5.629196079446349,0,0,23.0,1
2019,Drew Sample,52,3.027389705882353,TE,4.39828368111551,0,0,31.0,1
2019,Josh Oliver,69,0.5994485294117646,TE,5.2170534025795625,0,0,82.0,1
2019,Jace Sternberger,75,0.91875,TE,6.353655812010414,0,0,66.0,1
2019,Kahale Warring,86,0.203125,TE,4.753969318766552,0,0,97.0,1
2019,Dawson Knox,96,7.317095588235294,TE,4.443944465593931,1,0,11.0,1
2019,Trevon Wesco,121,0.4068014705882353,TE,2.36548357402518,0,0,97.0,1
2019,Foster Moreau,137,4.646323529411765,TE,3.351494080448324,0,0,26.0,1
2019,Zach Gentry,141,1.09375,TE,1.7530977412270268,0,0,61.0,1
2019,Kaden Smith,176,3.28125,TE,2.440895810974739,0,0,36.0,1
2019,Isaac Nauta,224,0.14375,TE,0.6114048440448443,0,0,106.0,1
2019,Tommy Sweeney,228,1.1768382352941176,TE,0.3239122941641694,0,0,73.0,1
2019,AlizÃ© Mack,231,0.0,TE,0.2088180256449899,0,0,,1
2019,Caleb Wilson,254,0.0,TE,0.5463932621644224,0,0,118.0,1
2020,Cole Kmet,43,7.897058823529411,TE,6.587450645616636,1,0,8.0,1
2020,Devin Asiasi,91,0.4454044117647059,TE,5.557424514823413,0,0,83.0,1
2020,Josiah Deguara,94,2.5264705882352945,TE,4.897675600529253,0,0,41.0,1
2020,Dalton Keene,101,0.14375,TE,4.995783207765916,0,0,102.0,1
2020,Adam Trautman,105,3.176470588235293,TE,5.005090651129041,0,0,39.0,1
2020,Harrison Bryant,115,3.763602941176471,TE,3.984746874321405,0,0,39.0,1
2020,Albert Okwuegbunam,118,3.1446691176470587,TE,3.770581499260544,0,0,30.0,1
2020,Colby Parkinson,133,2.2794117647058822,TE,3.5454172657574112,0,0,37.0,1
2020,Brycen Hopkins,136,0.5823529411764706,TE,3.2138392788001,0,0,84.0,1
2020,Charlie Woerner,190,0.50625,TE,1.994379050677964,0,0,90.0,1
2020,Tyler Davis,206,0.4147058823529411,TE,1.5065769457803508,0,0,96.0,1
2020,Stephen Sullivan,251,0.1941176470588235,TE,0.5308891623397607,0,0,97.0,1
2021,Kyle Pitts,4,9.232352941176472,TE,8.764799308163829,1,1,6.0,1
2021,Pat Freiermuth,55,8.820588235294117,TE,4.930197577611466,1,0,7.0,1
2021,Hunter Long,81,0.0529411764705882,TE,3.515158330799104,0,0,113.0,1
2021,Tommy Tremble,83,3.3764705882352946,TE,4.351076748277984,0,0,39.0,1
2021,Tre' McKitty,97,0.8147058823529413,TE,3.2387697007934864,0,0,86.0,1
2021,John Bates,124,2.5,TE,1.955816273433033,0,0,48.0,1
2021,Kylen Granson,127,3.947058823529412,TE,2.7285155554532405,0,0,33.0,1
2021,Luke Farrell,145,1.2088235294117646,TE,2.5910538099406417,0,0,63.0,1
2021,Brevin Jordan,147,3.1382352941176475,TE,2.289682667815962,0,0,44.0,1
2021,Noah Gray,162,4.135294117647058,TE,3.663214819596256,0,0,36.0,1
2021,Zach Davidson,168,0.0,TE,1.4829156641937091,0,0,,1
2022,Trey McBride,55,12.508823529411764,TE,6.259837267223904,1,1,2.0,1
2022,Jelani Woods,73,2.182352941176472,TE,3.957367922871947,0,0,35.0,1
2022,Greg Dulcich,80,2.761764705882353,TE,4.738212473685861,0,0,30.0,1
2022,Jeremy Ruckert,101,1.7529411764705882,TE,4.28679709332684,0,0,62.0,1
2022,Cade Otton,106,7.620588235294117,TE,3.664761158844657,0,0,14.0,1
2022,Daniel Bellinger,112,3.691176470588236,TE,3.781602846609213,0,0,34.0,1
2022,Charlie Kolar,128,1.4705882352941178,TE,2.563932576768177,0,0,63.0,1
2022,Jake Ferguson,129,8.279411764705882,TE,3.129424715162872,1,0,9.0,1
2022,Isaiah Likely,139,6.6117647058823525,TE,3.712479641497041,0,0,16.0,1
2022,Chigoziem Okonkwo,143,6.6764705882352935,TE,2.95665945594788,0,0,21.0,1
2022,Cole Turner,149,0.8029411764705883,TE,3.653097203854737,0,0,72.0,1
2022,Teagan Quitoriano,170,1.0470588235294118,TE,1.6412012244102183,0,0,64.0,1
2022,James Mitchell,177,0.973529411764706,TE,2.4979816048546453,0,0,67.0,1
2022,Andrew Ogletree,192,0.0,TE,1.837145821425306,0,0,,1
2022,Grant Calcaterra,198,2.144117647058824,TE,1.6177658569310598,0,0,41.0,1
2022,Connor Heyward,208,2.2205882352941178,TE,1.1762437914711332,0,0,,1
2022,John FitzPatrick,213,0.1,TE,0.7374231308997962,0,0,104.0,1
2022,Ko Kieft,218,0.0,TE,0.8542734487454653,0,0,,1
2022,Nick Muse,227,0.0,TE,0.4752103828757609,0,0,,1
2023,Dalton Kincaid,25,8.129411764705882,TE,8.979800113502854,1,0,11.0,1
2023,Sam LaPorta,34,12.173529411764706,TE,7.822817433644204,1,1,1.0,1
2023,Michael Mayer,35,4.270588235294118,TE,8.441851371520048,0,0,35.0,1
2023,Luke Musgrave,42,3.6588235294117646,TE,7.499902827137261,0,0,31.0,1
2023,Luke Schoonmaker,58,2.4794117647058824,TE,4.342133302329091,0,0,43.0,1
2023,Brenton Strange,61,6.15,TE,4.251381938034541,0,0,23.0,1
2023,Tucker Kraft,78,8.25,TE,4.538407277540969,1,0,10.0,1
2023,Darnell Washington,93,3.4823529411764707,TE,2.7866233192997463,0,0,39.0,1
2023,Cameron Latu,101,0.0,TE,4.312117937749399,0,0,124.0,1
